county,city,state,zip_code,model_year,make,model,ev_type,cafv_type,electric_range,legislative_district,electric_utility,Electric_Range_MinMax,Model_Year_ZScore,Range_Category
King,Newcastle,WA,98056.0,2024,TESLA,MODEL X,Battery Electric Vehicle (BEV),Eligibility unknown as battery range has not been researched,0,41.0,PUGET SOUND ENERGY INC||CITY OF TACOMA - (WA),0.0,0.5904667055943594,Unknown/Not Researched
King,Kent,WA,98031.0,2026,TESLA,MODEL 3,Battery Electric Vehicle (BEV),Eligibility unknown as battery range has not been researched,0,11.0,PUGET SOUND ENERGY INC||CITY OF TACOMA - (WA),0.0,1.2298029582510313,Unknown/Not Researched
King,Bothell,WA,98011.0,2022,MERCEDES-BENZ,EQS-CLASS SEDAN,Battery Electric Vehicle (BEV),Eligibility unknown as battery range has not been researched,0,1.0,PUGET SOUND ENERGY INC||CITY OF TACOMA - (WA),0.0,-0.04886954706231235,Unknown/Not Researched
King,Seattle,WA,98199.0,2016,AUDI,A3,Plug-in Hybrid Electric Vehicle (PHEV),Not eligible due to low battery range,16,36.0,CITY OF SEATTLE - (WA)|CITY OF TACOMA - (WA),0.05460750853242321,-1.9668783050323277,Short
King,Bellevue,WA,98008.0,2023,TESLA,MODEL Y,Battery Electric Vehicle (BEV),Eligibility unknown as battery range has not been researched,0,48.0,PUGET SOUND ENERGY INC||CITY OF TACOMA - (WA),0.0,0.2707985792660235,Unknown/Not Researched
Clark,Vancouver,WA,98663.0,2025,TESLA,MODEL Y,Battery Electric Vehicle (BEV),Eligibility unknown as battery range has not been researched,0,49.0,BONNEVILLE POWER ADMINISTRATION||PUD NO 1 OF CLARK COUNTY - (WA),0.0,0.9101348319226953,Unknown/Not Researched
Clark,Vancouver,WA,98683.0,2014,BMW,I3,Plug-in Hybrid Electric Vehicle (PHEV),Clean Alternative Fuel Vehicle Eligible,72,17.0,BONNEVILLE POWER ADMINISTRATION||PUD NO 1 OF CLARK COUNTY - (WA),0.24573378839590443,-2.6062145576889995,Medium
Snohomish,Bothell,WA,98012.0,2026,TESLA,MODEL Y,Battery Electric Vehicle (BEV),Eligibility unknown as battery range has not been researched,0,21.0,PUGET SOUND ENERGY INC,0.0,1.2298029582510313,Unknown/Not Researched
Clark,Battle Ground,WA,98604.0,2021,CHEVROLET,BOLT EV,Battery Electric Vehicle (BEV),Eligibility unknown as battery range has not been researched,0,18.0,BONNEVILLE POWER ADMINISTRATION||PUD NO 1 OF CLARK COUNTY - (WA),0.0,-0.36853767339064825,Unknown/Not Researched
King,Kent,WA,98030.0,2023,TESLA,MODEL Y,Battery Electric Vehicle (BEV),Eligibility unknown as battery range has not been researched,0,47.0,PUGET SOUND ENERGY INC||CITY OF TACOMA - (WA),0.0,0.2707985792660235,Unknown/Not Researched
King,Bellevue,WA,98004.0,2024,GENESIS,GV70,Battery Electric Vehicle (BEV),Eligibility unknown as battery range has not been researched,0,41.0,PUGET SOUND ENERGY INC||CITY OF TACOMA - (WA),0.0,0.5904667055943594,Unknown/Not Researched
King,Burien,WA,98166.0,2023,TESLA,MODEL Y,Battery Electric Vehicle (BEV),Eligibility unknown as battery range has not been researched,0,34.0,PUGET SOUND ENERGY INC||CITY OF TACOMA - (WA),0.0,0.2707985792660235,Unknown/Not Researched
King,Bellevue,WA,98004.0,2025,HYUNDAI,IONIQ 5,Battery Electric Vehicle (BEV),Eligibility unknown as battery range has not been researched,0,48.0,PUGET SOUND ENERGY INC||CITY OF TACOMA - (WA),0.0,0.9101348319226953,Unknown/Not Researched
King,Seattle,WA,98122.0,2023,CHEVROLET,BOLT EUV,Battery Electric Vehicle (BEV),Eligibility unknown as battery range has not been researched,0,37.0,CITY OF SEATTLE - (WA)|CITY OF TACOMA - (WA),0.0,0.2707985792660235,Unknown/Not Researched
King,Redmond,WA,98052.0,2026,TESLA,MODEL Y,Battery Electric Vehicle (BEV),Eligibility unknown as battery range has not been researched,0,45.0,PUGET SOUND ENERGY INC||CITY OF TACOMA - (WA),0.0,1.2298029582510313,Unknown/Not Researched
King,Auburn,WA,98092.0,2025,JEEP,WRANGLER,Plug-in Hybrid Electric Vehicle (PHEV),Not eligible due to low battery range,21,47.0,PUGET SOUND ENERGY INC||CITY OF TACOMA - (WA),0.07167235494880546,0.9101348319226953,Short
Kitsap,Poulsbo,WA,98370.0,2018,NISSAN,LEAF,Battery Electric Vehicle (BEV),Clean Alternative Fuel Vehicle Eligible,151,23.0,PUGET SOUND ENERGY INC,0.515358361774744,-1.3275420523756558,Long
King,Sammamish,WA,98074.0,2022,TESLA,MODEL 3,Battery Electric Vehicle (BEV),Eligibility unknown as battery range has not been researched,0,45.0,PUGET SOUND ENERGY INC||CITY OF TACOMA - (WA),0.0,-0.04886954706231235,Unknown/Not Researched
King,Covington,WA,98042.0,2013,NISSAN,LEAF,Battery Electric Vehicle (BEV),Clean Alternative Fuel Vehicle Eligible,75,47.0,PUGET SOUND ENERGY INC||CITY OF TACOMA - (WA),0.25597269624573377,-2.9258826840173353,Medium
King,Tukwila,WA,98178.0,2022,FORD,MUSTANG MACH-E,Battery Electric Vehicle (BEV),Eligibility unknown as battery range has not been researched,0,11.0,CITY OF SEATTLE - (WA)|CITY OF TACOMA - (WA),0.0,-0.04886954706231235,Unknown/Not Researched
King,Seattle,WA,98125.0,2025,FORD,MUSTANG MACH-E,Battery Electric Vehicle (BEV),Eligibility unknown as battery range has not been researched,0,46.0,CITY OF SEATTLE - (WA)|CITY OF TACOMA - (WA),0.0,0.9101348319226953,Unknown/Not Researched
King,Kirkland,WA,98034.0,2015,SMART,FORTWO ELECTRIC DRIVE,Battery Electric Vehicle (BEV),Clean Alternative Fuel Vehicle Eligible,68,1.0,PUGET SOUND ENERGY INC||CITY OF TACOMA - (WA),0.23208191126279865,-2.2865464313606636,Medium
King,Tukwila,WA,98168.0,2026,TESLA,MODEL Y,Battery Electric Vehicle (BEV),Eligibility unknown as battery range has not been researched,0,11.0,CITY OF SEATTLE - (WA)|CITY OF TACOMA - (WA),0.0,1.2298029582510313,Unknown/Not Researched
King,Shoreline,WA,98177.0,2025,VOLKSWAGEN,ID. BUZZ,Battery Electric Vehicle (BEV),Eligibility unknown as battery range has not been researched,0,32.0,CITY OF SEATTLE - (WA)|CITY OF TACOMA - (WA),0.0,0.9101348319226953,Unknown/Not Researched
King,Redmond,WA,98052.0,2025,HYUNDAI,IONIQ 6,Battery Electric Vehicle (BEV),Eligibility unknown as battery range has not been researched,0,45.0,PUGET SOUND ENERGY INC||CITY OF TACOMA - (WA),0.0,0.9101348319226953,Unknown/Not Researched
King,Seattle,WA,98178.0,2025,NISSAN,ARIYA MPV,Battery Electric Vehicle (BEV),Eligibility unknown as battery range has not been researched,0,37.0,CITY OF SEATTLE - (WA)|CITY OF TACOMA - (WA),0.0,0.9101348319226953,Unknown/Not Researched
King,Seattle,WA,98125.0,2025,RIVIAN,R1S,Battery Electric Vehicle (BEV),Eligibility unknown as battery range has not been researched,0,46.0,CITY OF SEATTLE - (WA)|CITY OF TACOMA - (WA),0.0,0.9101348319226953,Unknown/Not Researched
King,Seattle,WA,98133.0,2026,TESLA,MODEL Y,Battery Electric Vehicle (BEV),Eligibility unknown as battery range has not been researched,0,46.0,CITY OF SEATTLE - (WA)|CITY OF TACOMA - (WA),0.0,1.2298029582510313,Unknown/Not Researched
King,Seattle,WA,98125.0,2018,KIA,SOUL,Battery Electric Vehicle (BEV),Clean Alternative Fuel Vehicle Eligible,111,46.0,CITY OF SEATTLE - (WA)|CITY OF TACOMA - (WA),0.378839590443686,-1.3275420523756558,Medium
King,Seattle,WA,98125.0,2016,VOLKSWAGEN,E-GOLF,Battery Electric Vehicle (BEV),Clean Alternative Fuel Vehicle Eligible,83,46.0,CITY OF SEATTLE - (WA)|CITY OF TACOMA - (WA),0.2832764505119454,-1.9668783050323277,Medium
King,Bellevue,WA,98006.0,2026,TESLA,MODEL Y,Battery Electric Vehicle (BEV),Eligibility unknown as battery range has not been researched,0,41.0,PUGET SOUND ENERGY INC||CITY OF TACOMA - (WA),0.0,1.2298029582510313,Unknown/Not Researched
King,Bellevue,WA,98006.0,2022,TESLA,MODEL 3,Battery Electric Vehicle (BEV),Eligibility unknown as battery range has not been researched,0,41.0,PUGET SOUND ENERGY INC||CITY OF TACOMA - (WA),0.0,-0.04886954706231235,Unknown/Not Researched
King,Seattle,WA,98125.0,2023,TESLA,MODEL 3,Battery Electric Vehicle (BEV),Eligibility unknown as battery range has not been researched,0,46.0,CITY OF SEATTLE - (WA)|CITY OF TACOMA - (WA),0.0,0.2707985792660235,Unknown/Not Researched
Snohomish,Monroe,WA,98272.0,2021,AUDI,E-TRON,Battery Electric Vehicle (BEV),Clean Alternative Fuel Vehicle Eligible,222,39.0,PUGET SOUND ENERGY INC,0.757679180887372,-0.36853767339064825,Long
Clark,Vancouver,WA,98685.0,2013,NISSAN,LEAF,Battery Electric Vehicle (BEV),Clean Alternative Fuel Vehicle Eligible,75,49.0,BONNEVILLE POWER ADMINISTRATION||PUD NO 1 OF CLARK COUNTY - (WA),0.25597269624573377,-2.9258826840173353,Medium
King,Seattle,WA,98122.0,2020,KIA,NIRO,Battery Electric Vehicle (BEV),Clean Alternative Fuel Vehicle Eligible,239,37.0,CITY OF SEATTLE - (WA)|CITY OF TACOMA - (WA),0.8156996587030717,-0.6882057997189841,Long
King,Kirkland,WA,98033.0,2025,TESLA,MODEL 3,Battery Electric Vehicle (BEV),Eligibility unknown as battery range has not been researched,0,48.0,PUGET SOUND ENERGY INC||CITY OF TACOMA - (WA),0.0,0.9101348319226953,Unknown/Not Researched
Kitsap,Bainbridge Island,WA,98110.0,2021,TOYOTA,RAV4 PRIME (PHEV),Plug-in Hybrid Electric Vehicle (PHEV),Clean Alternative Fuel Vehicle Eligible,42,23.0,PUGET SOUND ENERGY INC,0.14334470989761092,-0.36853767339064825,Short
Kitsap,Bainbridge Island,WA,98110.0,2023,NISSAN,ARIYA HATCHBACK,Battery Electric Vehicle (BEV),Eligibility unknown as battery range has not been researched,0,23.0,PUGET SOUND ENERGY INC,0.0,0.2707985792660235,Unknown/Not Researched
Clark,Camas,WA,98607.0,2023,BMW,X5,Plug-in Hybrid Electric Vehicle (PHEV),Clean Alternative Fuel Vehicle Eligible,30,18.0,BONNEVILLE POWER ADMINISTRATION||PUD NO 1 OF CLARK COUNTY - (WA),0.10238907849829351,0.2707985792660235,Short
King,Bellevue,WA,98006.0,2024,TESLA,MODEL Y,Battery Electric Vehicle (BEV),Eligibility unknown as battery range has not been researched,0,41.0,PUGET SOUND ENERGY INC||CITY OF TACOMA - (WA),0.0,0.5904667055943594,Unknown/Not Researched
King,Bellevue,WA,98006.0,2026,TESLA,MODEL Y,Battery Electric Vehicle (BEV),Eligibility unknown as battery range has not been researched,0,41.0,PUGET SOUND ENERGY INC||CITY OF TACOMA - (WA),0.0,1.2298029582510313,Unknown/Not Researched
King,Redmond,WA,98052.0,2026,TESLA,MODEL Y,Battery Electric Vehicle (BEV),Eligibility unknown as battery range has not been researched,0,45.0,PUGET SOUND ENERGY INC||CITY OF TACOMA - (WA),0.0,1.2298029582510313,Unknown/Not Researched
Clark,Vancouver,WA,98686.0,2023,HYUNDAI,IONIQ 5,Battery Electric Vehicle (BEV),Eligibility unknown as battery range has not been researched,0,49.0,BONNEVILLE POWER ADMINISTRATION||PUD NO 1 OF CLARK COUNTY - (WA),0.0,0.2707985792660235,Unknown/Not Researched
King,Seattle,WA,98125.0,2015,NISSAN,LEAF,Battery Electric Vehicle (BEV),Clean Alternative Fuel Vehicle Eligible,84,46.0,CITY OF SEATTLE - (WA)|CITY OF TACOMA - (WA),0.28668941979522183,-2.2865464313606636,Medium
King,Kirkland,WA,98034.0,2022,TESLA,MODEL S,Battery Electric Vehicle (BEV),Eligibility unknown as battery range has not been researched,0,45.0,PUGET SOUND ENERGY INC||CITY OF TACOMA - (WA),0.0,-0.04886954706231235,Unknown/Not Researched
King,Redmond,WA,98052.0,2022,TESLA,MODEL X,Battery Electric Vehicle (BEV),Eligibility unknown as battery range has not been researched,0,45.0,PUGET SOUND ENERGY INC||CITY OF TACOMA - (WA),0.0,-0.04886954706231235,Unknown/Not Researched
King,North Bend,WA,98045.0,2015,NISSAN,LEAF,Battery Electric Vehicle (BEV),Clean Alternative Fuel Vehicle Eligible,84,5.0,PUGET SOUND ENERGY INC||CITY OF TACOMA - (WA),0.28668941979522183,-2.2865464313606636,Medium
King,Seattle,WA,98125.0,2024,HYUNDAI,IONIQ 5,Battery Electric Vehicle (BEV),Eligibility unknown as battery range has not been researched,0,46.0,CITY OF SEATTLE - (WA)|CITY OF TACOMA - (WA),0.0,0.5904667055943594,Unknown/Not Researched
King,Kirkland,WA,98033.0,2020,TESLA,MODEL 3,Battery Electric Vehicle (BEV),Clean Alternative Fuel Vehicle Eligible,266,48.0,PUGET SOUND ENERGY INC||CITY OF TACOMA - (WA),0.9078498293515358,-0.6882057997189841,Long
King,Seattle,WA,98177.0,2020,TESLA,MODEL Y,Battery Electric Vehicle (BEV),Clean Alternative Fuel Vehicle Eligible,291,36.0,CITY OF SEATTLE - (WA)|CITY OF TACOMA - (WA),0.9931740614334471,-0.6882057997189841,Long
King,Seattle,WA,98109.0,2019,VOLKSWAGEN,E-GOLF,Battery Electric Vehicle (BEV),Clean Alternative Fuel Vehicle Eligible,125,36.0,CITY OF SEATTLE - (WA)|CITY OF TACOMA - (WA),0.42662116040955633,-1.00787392604732,Medium
King,Maple Valley,WA,98038.0,2023,KIA,NIRO,Plug-in Hybrid Electric Vehicle (PHEV),Clean Alternative Fuel Vehicle Eligible,33,5.0,PUGET SOUND ENERGY INC||CITY OF TACOMA - (WA),0.11262798634812286,0.2707985792660235,Short
King,Bellevue,WA,98004.0,2019,TOYOTA,PRIUS PRIME (PHEV),Plug-in Hybrid Electric Vehicle (PHEV),Not eligible due to low battery range,25,48.0,PUGET SOUND ENERGY INC||CITY OF TACOMA - (WA),0.08532423208191127,-1.00787392604732,Short
Snohomish,Everett,WA,98208.0,2011,NISSAN,LEAF,Battery Electric Vehicle (BEV),Clean Alternative Fuel Vehicle Eligible,73,44.0,PUGET SOUND ENERGY INC,0.24914675767918087,-3.565218936674007,Medium
King,Kent,WA,98031.0,2019,KIA,NIRO,Plug-in Hybrid Electric Vehicle (PHEV),Not eligible due to low battery range,26,47.0,PUGET SOUND ENERGY INC||CITY OF TACOMA - (WA),0.08873720136518772,-1.00787392604732,Short
King,Burien,WA,98166.0,2024,VOLVO,XC90,Plug-in Hybrid Electric Vehicle (PHEV),Clean Alternative Fuel Vehicle Eligible,32,34.0,PUGET SOUND ENERGY INC||CITY OF TACOMA - (WA),0.10921501706484642,0.5904667055943594,Short
Clark,Brush Prairie,WA,98606.0,2022,VOLVO,XC40,Battery Electric Vehicle (BEV),Eligibility unknown as battery range has not been researched,0,18.0,BONNEVILLE POWER ADMINISTRATION||PUD NO 1 OF CLARK COUNTY - (WA),0.0,-0.04886954706231235,Unknown/Not Researched
King,Seattle,WA,98109.0,2023,MERCEDES-BENZ,EQS-CLASS SUV,Battery Electric Vehicle (BEV),Eligibility unknown as battery range has not been researched,0,36.0,CITY OF SEATTLE - (WA)|CITY OF TACOMA - (WA),0.0,0.2707985792660235,Unknown/Not Researched
King,Bellevue,WA,98006.0,2023,TESLA,MODEL 3,Battery Electric Vehicle (BEV),Eligibility unknown as battery range has not been researched,0,41.0,PUGET SOUND ENERGY INC||CITY OF TACOMA - (WA),0.0,0.2707985792660235,Unknown/Not Researched
King,Bothell,WA,98011.0,2015,FORD,C-MAX,Plug-in Hybrid Electric Vehicle (PHEV),Not eligible due to low battery range,19,1.0,PUGET SOUND ENERGY INC||CITY OF TACOMA - (WA),0.06484641638225255,-2.2865464313606636,Short
Snohomish,Monroe,WA,98272.0,2024,HYUNDAI,KONA,Battery Electric Vehicle (BEV),Eligibility unknown as battery range has not been researched,0,39.0,PUGET SOUND ENERGY INC,0.0,0.5904667055943594,Unknown/Not Researched
Clark,Vancouver,WA,98664.0,2020,CHRYSLER,PACIFICA,Plug-in Hybrid Electric Vehicle (PHEV),Clean Alternative Fuel Vehicle Eligible,32,49.0,BONNEVILLE POWER ADMINISTRATION||PUD NO 1 OF CLARK COUNTY - (WA),0.10921501706484642,-0.6882057997189841,Short
King,Seattle,WA,98177.0,2025,NISSAN,ARIYA MPV,Battery Electric Vehicle (BEV),Eligibility unknown as battery range has not been researched,0,32.0,CITY OF SEATTLE - (WA)|CITY OF TACOMA - (WA),0.0,0.9101348319226953,Unknown/Not Researched
King,Renton,WA,98055.0,2026,TESLA,MODEL Y,Battery Electric Vehicle (BEV),Eligibility unknown as battery range has not been researched,0,11.0,PUGET SOUND ENERGY INC||CITY OF TACOMA - (WA),0.0,1.2298029582510313,Unknown/Not Researched
King,Issaquah,WA,98027.0,2023,TESLA,MODEL 3,Battery Electric Vehicle (BEV),Eligibility unknown as battery range has not been researched,0,41.0,PUGET SOUND ENERGY INC||CITY OF TACOMA - (WA),0.0,0.2707985792660235,Unknown/Not Researched
King,Seattle,WA,98117.0,2025,TESLA,CYBERTRUCK,Battery Electric Vehicle (BEV),Eligibility unknown as battery range has not been researched,0,36.0,CITY OF SEATTLE - (WA)|CITY OF TACOMA - (WA),0.0,0.9101348319226953,Unknown/Not Researched
Thurston,Rainier,WA,98576.0,2024,BMW,IX,Battery Electric Vehicle (BEV),Eligibility unknown as battery range has not been researched,0,2.0,PUGET SOUND ENERGY INC,0.0,0.5904667055943594,Unknown/Not Researched
King,Newcastle,WA,98059.0,2021,BMW,X5,Plug-in Hybrid Electric Vehicle (PHEV),Clean Alternative Fuel Vehicle Eligible,30,41.0,PUGET SOUND ENERGY INC||CITY OF TACOMA - (WA),0.10238907849829351,-0.36853767339064825,Short
King,Bellevue,WA,98006.0,2025,BMW,IX,Battery Electric Vehicle (BEV),Eligibility unknown as battery range has not been researched,0,41.0,PUGET SOUND ENERGY INC||CITY OF TACOMA - (WA),0.0,0.9101348319226953,Unknown/Not Researched
Thurston,Tenino,WA,98589.0,2024,JEEP,WRANGLER,Plug-in Hybrid Electric Vehicle (PHEV),Not eligible due to low battery range,21,20.0,PUGET SOUND ENERGY INC,0.07167235494880546,0.5904667055943594,Short
King,Seattle,WA,98125.0,2018,BMW,330E,Plug-in Hybrid Electric Vehicle (PHEV),Not eligible due to low battery range,14,46.0,CITY OF SEATTLE - (WA)|CITY OF TACOMA - (WA),0.04778156996587031,-1.3275420523756558,Short
King,Shoreline,WA,98155.0,2023,KIA,NIRO,Battery Electric Vehicle (BEV),Eligibility unknown as battery range has not been researched,0,32.0,CITY OF SEATTLE - (WA)|CITY OF TACOMA - (WA),0.0,0.2707985792660235,Unknown/Not Researched
King,Kirkland,WA,98034.0,2023,TESLA,MODEL Y,Battery Electric Vehicle (BEV),Eligibility unknown as battery range has not been researched,0,1.0,PUGET SOUND ENERGY INC||CITY OF TACOMA - (WA),0.0,0.2707985792660235,Unknown/Not Researched
King,Newcastle,WA,98059.0,2022,TESLA,MODEL Y,Battery Electric Vehicle (BEV),Eligibility unknown as battery range has not been researched,0,41.0,PUGET SOUND ENERGY INC||CITY OF TACOMA - (WA),0.0,-0.04886954706231235,Unknown/Not Researched
King,Bellevue,WA,98005.0,2023,TESLA,MODEL Y,Battery Electric Vehicle (BEV),Eligibility unknown as battery range has not been researched,0,48.0,PUGET SOUND ENERGY INC||CITY OF TACOMA - (WA),0.0,0.2707985792660235,Unknown/Not Researched
King,Seattle,WA,98125.0,2025,TESLA,MODEL Y,Battery Electric Vehicle (BEV),Eligibility unknown as battery range has not been researched,0,46.0,CITY OF SEATTLE - (WA)|CITY OF TACOMA - (WA),0.0,0.9101348319226953,Unknown/Not Researched
Clark,Vancouver,WA,98685.0,2023,TESLA,MODEL S,Battery Electric Vehicle (BEV),Eligibility unknown as battery range has not been researched,0,18.0,BONNEVILLE POWER ADMINISTRATION||PUD NO 1 OF CLARK COUNTY - (WA),0.0,0.2707985792660235,Unknown/Not Researched
Kitsap,Bainbridge Island,WA,98110.0,2018,BMW,X5,Plug-in Hybrid Electric Vehicle (PHEV),Not eligible due to low battery range,13,23.0,PUGET SOUND ENERGY INC,0.04436860068259386,-1.3275420523756558,Short
Clark,Ridgefield,WA,98642.0,2022,BMW,IX,Battery Electric Vehicle (BEV),Eligibility unknown as battery range has not been researched,0,17.0,BONNEVILLE POWER ADMINISTRATION||PUD NO 1 OF CLARK COUNTY - (WA),0.0,-0.04886954706231235,Unknown/Not Researched
Thurston,Olympia,WA,98501.0,2018,CHEVROLET,BOLT EV,Battery Electric Vehicle (BEV),Clean Alternative Fuel Vehicle Eligible,238,22.0,PUGET SOUND ENERGY INC,0.8122866894197952,-1.3275420523756558,Long
King,Seattle,WA,98112.0,2024,KIA,EV6,Battery Electric Vehicle (BEV),Eligibility unknown as battery range has not been researched,0,43.0,CITY OF SEATTLE - (WA)|CITY OF TACOMA - (WA),0.0,0.5904667055943594,Unknown/Not Researched
Thurston,Lacey,WA,98503.0,2023,NISSAN,ARIYA HATCHBACK,Battery Electric Vehicle (BEV),Eligibility unknown as battery range has not been researched,0,22.0,PUGET SOUND ENERGY INC,0.0,0.2707985792660235,Unknown/Not Researched
King,Kent,WA,98031.0,2025,MERCEDES-BENZ,GLC-CLASS,Plug-in Hybrid Electric Vehicle (PHEV),Clean Alternative Fuel Vehicle Eligible,54,47.0,PUGET SOUND ENERGY INC||CITY OF TACOMA - (WA),0.18430034129692832,0.9101348319226953,Medium
King,Kirkland,WA,98033.0,2025,RIVIAN,R1S,Battery Electric Vehicle (BEV),Eligibility unknown as battery range has not been researched,0,45.0,PUGET SOUND ENERGY INC||CITY OF TACOMA - (WA),0.0,0.9101348319226953,Unknown/Not Researched
King,Newcastle,WA,98056.0,2022,TESLA,MODEL X,Battery Electric Vehicle (BEV),Eligibility unknown as battery range has not been researched,0,41.0,PUGET SOUND ENERGY INC||CITY OF TACOMA - (WA),0.0,-0.04886954706231235,Unknown/Not Researched
King,Redmond,WA,98052.0,2026,TESLA,MODEL Y,Battery Electric Vehicle (BEV),Eligibility unknown as battery range has not been researched,0,48.0,PUGET SOUND ENERGY INC||CITY OF TACOMA - (WA),0.0,1.2298029582510313,Unknown/Not Researched
King,Federal Way,WA,98023.0,2025,SUBARU,SOLTERRA,Battery Electric Vehicle (BEV),Eligibility unknown as battery range has not been researched,0,30.0,PUGET SOUND ENERGY INC||CITY OF TACOMA - (WA),0.0,0.9101348319226953,Unknown/Not Researched
Thurston,Olympia,WA,98502.0,2023,KIA,NIRO,Plug-in Hybrid Electric Vehicle (PHEV),Clean Alternative Fuel Vehicle Eligible,33,22.0,PUGET SOUND ENERGY INC,0.11262798634812286,0.2707985792660235,Short
King,Kirkland,WA,98033.0,2021,AUDI,E-TRON SPORTBACK,Battery Electric Vehicle (BEV),Eligibility unknown as battery range has not been researched,0,48.0,PUGET SOUND ENERGY INC||CITY OF TACOMA - (WA),0.0,-0.36853767339064825,Unknown/Not Researched
King,Bellevue,WA,98004.0,2024,TESLA,MODEL Y,Battery Electric Vehicle (BEV),Eligibility unknown as battery range has not been researched,0,41.0,PUGET SOUND ENERGY INC||CITY OF TACOMA - (WA),0.0,0.5904667055943594,Unknown/Not Researched
King,Bellevue,WA,98006.0,2020,TESLA,MODEL 3,Battery Electric Vehicle (BEV),Clean Alternative Fuel Vehicle Eligible,266,41.0,PUGET SOUND ENERGY INC||CITY OF TACOMA - (WA),0.9078498293515358,-0.6882057997189841,Long
King,Seattle,WA,98125.0,2017,CHEVROLET,VOLT,Plug-in Hybrid Electric Vehicle (PHEV),Clean Alternative Fuel Vehicle Eligible,53,46.0,CITY OF SEATTLE - (WA)|CITY OF TACOMA - (WA),0.18088737201365188,-1.647210178703992,Medium
King,Renton,WA,98056.0,2022,TESLA,MODEL Y,Battery Electric Vehicle (BEV),Eligibility unknown as battery range has not been researched,0,41.0,PUGET SOUND ENERGY INC||CITY OF TACOMA - (WA),0.0,-0.04886954706231235,Unknown/Not Researched
King,Kent,WA,98032.0,2025,HYUNDAI,IONIQ 5,Battery Electric Vehicle (BEV),Eligibility unknown as battery range has not been researched,0,33.0,PUGET SOUND ENERGY INC||CITY OF TACOMA - (WA),0.0,0.9101348319226953,Unknown/Not Researched
King,Seattle,WA,98177.0,2015,NISSAN,LEAF,Battery Electric Vehicle (BEV),Clean Alternative Fuel Vehicle Eligible,84,32.0,CITY OF SEATTLE - (WA)|CITY OF TACOMA - (WA),0.28668941979522183,-2.2865464313606636,Medium
King,Kirkland,WA,98034.0,2024,TOYOTA,PRIUS PRIME (PHEV),Plug-in Hybrid Electric Vehicle (PHEV),Clean Alternative Fuel Vehicle Eligible,39,45.0,PUGET SOUND ENERGY INC||CITY OF TACOMA - (WA),0.13310580204778158,0.5904667055943594,Short
Kitsap,Bainbridge Island,WA,98110.0,2025,LAND ROVER,RANGE ROVER SPORT,Plug-in Hybrid Electric Vehicle (PHEV),Clean Alternative Fuel Vehicle Eligible,60,23.0,PUGET SOUND ENERGY INC,0.20477815699658702,0.9101348319226953,Medium
King,Redmond,WA,98052.0,2017,TESLA,MODEL S,Battery Electric Vehicle (BEV),Clean Alternative Fuel Vehicle Eligible,210,45.0,PUGET SOUND ENERGY INC||CITY OF TACOMA - (WA),0.7167235494880546,-1.647210178703992,Long
King,Bellevue,WA,98008.0,2026,TESLA,MODEL Y,Battery Electric Vehicle (BEV),Eligibility unknown as battery range has not been researched,0,48.0,PUGET SOUND ENERGY INC||CITY OF TACOMA - (WA),0.0,1.2298029582510313,Unknown/Not Researched
Kitsap,Bainbridge Island,WA,98110.0,2024,HYUNDAI,IONIQ 5,Battery Electric Vehicle (BEV),Eligibility unknown as battery range has not been researched,0,23.0,PUGET SOUND ENERGY INC,0.0,0.5904667055943594,Unknown/Not Researched
Yakima,Zillah,WA,98953.0,2021,AUDI,E-TRON SPORTBACK,Battery Electric Vehicle (BEV),Clean Alternative Fuel Vehicle Eligible,218,15.0,PACIFICORP,0.7440273037542662,-0.36853767339064825,Long
Clark,Vancouver,WA,98685.0,2025,TESLA,CYBERTRUCK,Battery Electric Vehicle (BEV),Eligibility unknown as battery range has not been researched,0,18.0,BONNEVILLE POWER ADMINISTRATION||PUD NO 1 OF CLARK COUNTY - (WA),0.0,0.9101348319226953,Unknown/Not Researched
King,Kent,WA,98031.0,2023,FORD,MUSTANG MACH-E,Battery Electric Vehicle (BEV),Eligibility unknown as battery range has not been researched,0,11.0,PUGET SOUND ENERGY INC||CITY OF TACOMA - (WA),0.0,0.2707985792660235,Unknown/Not Researched
Jefferson,Port Townsend,WA,98368.0,2018,CHEVROLET,BOLT EV,Battery Electric Vehicle (BEV),Clean Alternative Fuel Vehicle Eligible,238,24.0,BONNEVILLE POWER ADMINISTRATION||PUGET SOUND ENERGY INC||PUD NO 1 OF JEFFERSON COUNTY,0.8122866894197952,-1.3275420523756558,Long
King,Seattle,WA,98125.0,2023,CHEVROLET,BOLT EUV,Battery Electric Vehicle (BEV),Eligibility unknown as battery range has not been researched,0,46.0,CITY OF SEATTLE - (WA)|CITY OF TACOMA - (WA),0.0,0.2707985792660235,Unknown/Not Researched
Snohomish,Edmonds,WA,98026.0,2023,MERCEDES-BENZ,EQS-CLASS SUV,Battery Electric Vehicle (BEV),Eligibility unknown as battery range has not been researched,0,21.0,PUGET SOUND ENERGY INC,0.0,0.2707985792660235,Unknown/Not Researched
King,Redmond,WA,98052.0,2023,TESLA,MODEL Y,Battery Electric Vehicle (BEV),Eligibility unknown as battery range has not been researched,0,45.0,PUGET SOUND ENERGY INC||CITY OF TACOMA - (WA),0.0,0.2707985792660235,Unknown/Not Researched
King,Shoreline,WA,98133.0,2022,JEEP,WRANGLER,Plug-in Hybrid Electric Vehicle (PHEV),Not eligible due to low battery range,21,32.0,CITY OF SEATTLE - (WA)|CITY OF TACOMA - (WA),0.07167235494880546,-0.04886954706231235,Short
King,Seattle,WA,98115.0,2017,CHEVROLET,BOLT EV,Battery Electric Vehicle (BEV),Clean Alternative Fuel Vehicle Eligible,238,43.0,CITY OF SEATTLE - (WA)|CITY OF TACOMA - (WA),0.8122866894197952,-1.647210178703992,Long
King,Seattle,WA,98133.0,2025,VOLKSWAGEN,ID.4,Battery Electric Vehicle (BEV),Eligibility unknown as battery range has not been researched,0,32.0,CITY OF SEATTLE - (WA)|CITY OF TACOMA - (WA),0.0,0.9101348319226953,Unknown/Not Researched
King,Kirkland,WA,98034.0,2019,TESLA,MODEL 3,Battery Electric Vehicle (BEV),Clean Alternative Fuel Vehicle Eligible,220,45.0,PUGET SOUND ENERGY INC||CITY OF TACOMA - (WA),0.7508532423208191,-1.00787392604732,Long
King,Seattle,WA,98178.0,2023,MERCEDES-BENZ,EQE-CLASS SUV,Battery Electric Vehicle (BEV),Eligibility unknown as battery range has not been researched,0,37.0,CITY OF SEATTLE - (WA)|CITY OF TACOMA - (WA),0.0,0.2707985792660235,Unknown/Not Researched
Clark,Vancouver,WA,98683.0,2023,TOYOTA,BZ4X,Battery Electric Vehicle (BEV),Eligibility unknown as battery range has not been researched,0,17.0,BONNEVILLE POWER ADMINISTRATION||PUD NO 1 OF CLARK COUNTY - (WA),0.0,0.2707985792660235,Unknown/Not Researched
King,Seattle,WA,98116.0,2024,AUDI,Q5 E,Plug-in Hybrid Electric Vehicle (PHEV),Not eligible due to low battery range,23,34.0,CITY OF SEATTLE - (WA)|CITY OF TACOMA - (WA),0.07849829351535836,0.5904667055943594,Short
King,Seatac,WA,98168.0,2021,VOLKSWAGEN,ID.4,Battery Electric Vehicle (BEV),Eligibility unknown as battery range has not been researched,0,33.0,CITY OF SEATTLE - (WA)|CITY OF TACOMA - (WA),0.0,-0.36853767339064825,Unknown/Not Researched
King,Bellevue,WA,98004.0,2026,TESLA,MODEL Y,Battery Electric Vehicle (BEV),Eligibility unknown as battery range has not been researched,0,41.0,PUGET SOUND ENERGY INC||CITY OF TACOMA - (WA),0.0,1.2298029582510313,Unknown/Not Researched
Clark,Vancouver,WA,98664.0,2018,TESLA,MODEL 3,Battery Electric Vehicle (BEV),Clean Alternative Fuel Vehicle Eligible,215,49.0,BONNEVILLE POWER ADMINISTRATION||PUD NO 1 OF CLARK COUNTY - (WA),0.7337883959044369,-1.3275420523756558,Long
King,Kirkland,WA,98034.0,2023,TESLA,MODEL Y,Battery Electric Vehicle (BEV),Eligibility unknown as battery range has not been researched,0,45.0,PUGET SOUND ENERGY INC||CITY OF TACOMA - (WA),0.0,0.2707985792660235,Unknown/Not Researched
King,Kirkland,WA,98033.0,2025,TESLA,MODEL 3,Battery Electric Vehicle (BEV),Eligibility unknown as battery range has not been researched,0,45.0,PUGET SOUND ENERGY INC||CITY OF TACOMA - (WA),0.0,0.9101348319226953,Unknown/Not Researched
King,Kirkland,WA,98034.0,2019,TESLA,MODEL 3,Battery Electric Vehicle (BEV),Clean Alternative Fuel Vehicle Eligible,220,45.0,PUGET SOUND ENERGY INC||CITY OF TACOMA - (WA),0.7508532423208191,-1.00787392604732,Long
Kitsap,Silverdale,WA,98383.0,2017,CHEVROLET,BOLT EV,Battery Electric Vehicle (BEV),Clean Alternative Fuel Vehicle Eligible,238,23.0,PUGET SOUND ENERGY INC,0.8122866894197952,-1.647210178703992,Long
Kitsap,Port Orchard,WA,98367.0,2026,KIA,EV9,Battery Electric Vehicle (BEV),Eligibility unknown as battery range has not been researched,0,35.0,PUGET SOUND ENERGY INC,0.0,1.2298029582510313,Unknown/Not Researched
King,Seattle,WA,98177.0,2023,TESLA,MODEL Y,Battery Electric Vehicle (BEV),Eligibility unknown as battery range has not been researched,0,36.0,CITY OF SEATTLE - (WA)|CITY OF TACOMA - (WA),0.0,0.2707985792660235,Unknown/Not Researched
King,Seattle,WA,98125.0,2020,CHEVROLET,BOLT EV,Battery Electric Vehicle (BEV),Clean Alternative Fuel Vehicle Eligible,259,46.0,CITY OF SEATTLE - (WA)|CITY OF TACOMA - (WA),0.8839590443686007,-0.6882057997189841,Long
Snohomish,Lynnwood,WA,98037.0,2018,TESLA,MODEL 3,Battery Electric Vehicle (BEV),Clean Alternative Fuel Vehicle Eligible,215,32.0,PUGET SOUND ENERGY INC,0.7337883959044369,-1.3275420523756558,Long
King,Redmond,WA,98052.0,2025,HYUNDAI,IONIQ 5,Battery Electric Vehicle (BEV),Eligibility unknown as battery range has not been researched,0,48.0,PUGET SOUND ENERGY INC||CITY OF TACOMA - (WA),0.0,0.9101348319226953,Unknown/Not Researched
Kitsap,Bainbridge Island,WA,98110.0,2022,TESLA,MODEL Y,Battery Electric Vehicle (BEV),Eligibility unknown as battery range has not been researched,0,23.0,PUGET SOUND ENERGY INC,0.0,-0.04886954706231235,Unknown/Not Researched
King,Redmond,WA,98052.0,2023,VOLKSWAGEN,ID.4,Battery Electric Vehicle (BEV),Eligibility unknown as battery range has not been researched,0,45.0,PUGET SOUND ENERGY INC||CITY OF TACOMA - (WA),0.0,0.2707985792660235,Unknown/Not Researched
Kitsap,Silverdale,WA,98383.0,2021,TESLA,MODEL 3,Battery Electric Vehicle (BEV),Eligibility unknown as battery range has not been researched,0,23.0,PUGET SOUND ENERGY INC,0.0,-0.36853767339064825,Unknown/Not Researched
King,Seattle,WA,98112.0,2026,TESLA,MODEL Y,Battery Electric Vehicle (BEV),Eligibility unknown as battery range has not been researched,0,43.0,CITY OF SEATTLE - (WA)|CITY OF TACOMA - (WA),0.0,1.2298029582510313,Unknown/Not Researched
King,Seattle,WA,98119.0,2025,AUDI,Q5 E,Plug-in Hybrid Electric Vehicle (PHEV),Not eligible due to low battery range,28,36.0,CITY OF SEATTLE - (WA)|CITY OF TACOMA - (WA),0.09556313993174062,0.9101348319226953,Short
Clark,Vancouver,WA,98684.0,2023,BMW,330E,Plug-in Hybrid Electric Vehicle (PHEV),Not eligible due to low battery range,22,17.0,BONNEVILLE POWER ADMINISTRATION||PUD NO 1 OF CLARK COUNTY - (WA),0.07508532423208192,0.2707985792660235,Short
Snohomish,Brier,WA,98036.0,2013,NISSAN,LEAF,Battery Electric Vehicle (BEV),Clean Alternative Fuel Vehicle Eligible,75,1.0,PUGET SOUND ENERGY INC,0.25597269624573377,-2.9258826840173353,Medium
King,Kirkland,WA,98034.0,2023,FORD,MUSTANG MACH-E,Battery Electric Vehicle (BEV),Eligibility unknown as battery range has not been researched,0,1.0,PUGET SOUND ENERGY INC||CITY OF TACOMA - (WA),0.0,0.2707985792660235,Unknown/Not Researched
King,Seattle,WA,98112.0,2024,AUDI,Q8,Battery Electric Vehicle (BEV),Eligibility unknown as battery range has not been researched,0,43.0,CITY OF SEATTLE - (WA)|CITY OF TACOMA - (WA),0.0,0.5904667055943594,Unknown/Not Researched
King,Bellevue,WA,98008.0,2025,VOLKSWAGEN,ID. BUZZ,Battery Electric Vehicle (BEV),Eligibility unknown as battery range has not been researched,0,48.0,PUGET SOUND ENERGY INC||CITY OF TACOMA - (WA),0.0,0.9101348319226953,Unknown/Not Researched
King,Federal Way,WA,98003.0,2021,FORD,MUSTANG MACH-E,Battery Electric Vehicle (BEV),Eligibility unknown as battery range has not been researched,0,30.0,PUGET SOUND ENERGY INC||CITY OF TACOMA - (WA),0.0,-0.36853767339064825,Unknown/Not Researched
King,Kirkland,WA,98033.0,2025,MINI,COUNTRYMAN,Battery Electric Vehicle (BEV),Eligibility unknown as battery range has not been researched,0,48.0,PUGET SOUND ENERGY INC||CITY OF TACOMA - (WA),0.0,0.9101348319226953,Unknown/Not Researched
King,Redmond,WA,98052.0,2026,TESLA,MODEL Y,Battery Electric Vehicle (BEV),Eligibility unknown as battery range has not been researched,0,48.0,PUGET SOUND ENERGY INC||CITY OF TACOMA - (WA),0.0,1.2298029582510313,Unknown/Not Researched
King,Redmond,WA,98052.0,2024,TESLA,MODEL Y,Battery Electric Vehicle (BEV),Eligibility unknown as battery range has not been researched,0,45.0,PUGET SOUND ENERGY INC||CITY OF TACOMA - (WA),0.0,0.5904667055943594,Unknown/Not Researched
King,Federal Way,WA,98003.0,2023,CHEVROLET,BOLT EV,Battery Electric Vehicle (BEV),Eligibility unknown as battery range has not been researched,0,30.0,PUGET SOUND ENERGY INC||CITY OF TACOMA - (WA),0.0,0.2707985792660235,Unknown/Not Researched
King,Bellevue,WA,98004.0,2025,TESLA,MODEL 3,Battery Electric Vehicle (BEV),Eligibility unknown as battery range has not been researched,0,41.0,PUGET SOUND ENERGY INC||CITY OF TACOMA - (WA),0.0,0.9101348319226953,Unknown/Not Researched
King,Bothell,WA,98011.0,2022,TESLA,MODEL 3,Battery Electric Vehicle (BEV),Eligibility unknown as battery range has not been researched,0,1.0,PUGET SOUND ENERGY INC||CITY OF TACOMA - (WA),0.0,-0.04886954706231235,Unknown/Not Researched
King,Auburn,WA,98092.0,2024,TESLA,MODEL Y,Battery Electric Vehicle (BEV),Eligibility unknown as battery range has not been researched,0,47.0,PUGET SOUND ENERGY INC||CITY OF TACOMA - (WA),0.0,0.5904667055943594,Unknown/Not Researched
King,Woodinville,WA,98072.0,2026,TESLA,MODEL Y,Battery Electric Vehicle (BEV),Eligibility unknown as battery range has not been researched,0,45.0,PUGET SOUND ENERGY INC||CITY OF TACOMA - (WA),0.0,1.2298029582510313,Unknown/Not Researched
King,Kirkland,WA,98034.0,2023,TESLA,MODEL X,Battery Electric Vehicle (BEV),Eligibility unknown as battery range has not been researched,0,1.0,PUGET SOUND ENERGY INC||CITY OF TACOMA - (WA),0.0,0.2707985792660235,Unknown/Not Researched
King,Bellevue,WA,98005.0,2016,KIA,SOUL,Battery Electric Vehicle (BEV),Clean Alternative Fuel Vehicle Eligible,93,48.0,PUGET SOUND ENERGY INC||CITY OF TACOMA - (WA),0.3174061433447099,-1.9668783050323277,Medium
King,Redmond,WA,98052.0,2020,BMW,I3,Battery Electric Vehicle (BEV),Clean Alternative Fuel Vehicle Eligible,153,45.0,PUGET SOUND ENERGY INC||CITY OF TACOMA - (WA),0.5221843003412969,-0.6882057997189841,Long
King,Seattle,WA,98116.0,2025,VOLKSWAGEN,ID.4,Battery Electric Vehicle (BEV),Eligibility unknown as battery range has not been researched,0,34.0,CITY OF SEATTLE - (WA)|CITY OF TACOMA - (WA),0.0,0.9101348319226953,Unknown/Not Researched
King,Seattle,WA,98112.0,2023,TESLA,MODEL Y,Battery Electric Vehicle (BEV),Eligibility unknown as battery range has not been researched,0,43.0,CITY OF SEATTLE - (WA)|CITY OF TACOMA - (WA),0.0,0.2707985792660235,Unknown/Not Researched
King,Kirkland,WA,98034.0,2026,TESLA,MODEL Y,Battery Electric Vehicle (BEV),Eligibility unknown as battery range has not been researched,0,45.0,PUGET SOUND ENERGY INC||CITY OF TACOMA - (WA),0.0,1.2298029582510313,Unknown/Not Researched
King,Kirkland,WA,98033.0,2022,VOLVO,XC40,Battery Electric Vehicle (BEV),Eligibility unknown as battery range has not been researched,0,45.0,PUGET SOUND ENERGY INC||CITY OF TACOMA - (WA),0.0,-0.04886954706231235,Unknown/Not Researched
King,Kirkland,WA,98034.0,2025,CHEVROLET,EQUINOX,Battery Electric Vehicle (BEV),Eligibility unknown as battery range has not been researched,0,1.0,PUGET SOUND ENERGY INC||CITY OF TACOMA - (WA),0.0,0.9101348319226953,Unknown/Not Researched
King,Seattle,WA,98117.0,2022,VOLVO,XC60,Plug-in Hybrid Electric Vehicle (PHEV),Clean Alternative Fuel Vehicle Eligible,35,36.0,CITY OF SEATTLE - (WA)|CITY OF TACOMA - (WA),0.11945392491467577,-0.04886954706231235,Short
King,Tukwila,WA,98178.0,2023,TESLA,MODEL Y,Battery Electric Vehicle (BEV),Eligibility unknown as battery range has not been researched,0,11.0,CITY OF SEATTLE - (WA)|CITY OF TACOMA - (WA),0.0,0.2707985792660235,Unknown/Not Researched
King,Bellevue,WA,98005.0,2025,RIVIAN,R1S,Battery Electric Vehicle (BEV),Eligibility unknown as battery range has not been researched,0,48.0,PUGET SOUND ENERGY INC||CITY OF TACOMA - (WA),0.0,0.9101348319226953,Unknown/Not Researched
King,Bellevue,WA,98004.0,2026,TESLA,MODEL Y,Battery Electric Vehicle (BEV),Eligibility unknown as battery range has not been researched,0,48.0,PUGET SOUND ENERGY INC||CITY OF TACOMA - (WA),0.0,1.2298029582510313,Unknown/Not Researched
Skagit,Anacortes,WA,98221.0,2014,NISSAN,LEAF,Battery Electric Vehicle (BEV),Clean Alternative Fuel Vehicle Eligible,84,40.0,PUGET SOUND ENERGY INC,0.28668941979522183,-2.6062145576889995,Medium
King,Seattle,WA,98107.0,2024,HONDA,PROLOGUE,Battery Electric Vehicle (BEV),Eligibility unknown as battery range has not been researched,0,36.0,CITY OF SEATTLE - (WA)|CITY OF TACOMA - (WA),0.0,0.5904667055943594,Unknown/Not Researched
Jefferson,Port Townsend,WA,98368.0,2021,TOYOTA,RAV4 PRIME (PHEV),Plug-in Hybrid Electric Vehicle (PHEV),Clean Alternative Fuel Vehicle Eligible,42,24.0,BONNEVILLE POWER ADMINISTRATION||PUGET SOUND ENERGY INC||PUD NO 1 OF JEFFERSON COUNTY,0.14334470989761092,-0.36853767339064825,Short
King,Seattle,WA,98125.0,2021,TOYOTA,PRIUS PRIME (PHEV),Plug-in Hybrid Electric Vehicle (PHEV),Not eligible due to low battery range,25,46.0,CITY OF SEATTLE - (WA)|CITY OF TACOMA - (WA),0.08532423208191127,-0.36853767339064825,Short
King,Seattle,WA,98103.0,2017,BMW,I3,Plug-in Hybrid Electric Vehicle (PHEV),Clean Alternative Fuel Vehicle Eligible,97,43.0,CITY OF SEATTLE - (WA)|CITY OF TACOMA - (WA),0.3310580204778157,-1.647210178703992,Medium
Thurston,Olympia,WA,98513.0,2021,TESLA,MODEL Y,Battery Electric Vehicle (BEV),Eligibility unknown as battery range has not been researched,0,2.0,PUGET SOUND ENERGY INC,0.0,-0.36853767339064825,Unknown/Not Researched
King,Seattle,WA,98125.0,2016,FORD,C-MAX,Plug-in Hybrid Electric Vehicle (PHEV),Not eligible due to low battery range,19,46.0,PUGET SOUND ENERGY INC||CITY OF TACOMA - (WA),0.06484641638225255,-1.9668783050323277,Short
King,Seattle,WA,98112.0,2018,AUDI,A3,Plug-in Hybrid Electric Vehicle (PHEV),Not eligible due to low battery range,16,43.0,CITY OF SEATTLE - (WA)|CITY OF TACOMA - (WA),0.05460750853242321,-1.3275420523756558,Short
King,Seattle,WA,98177.0,2023,HYUNDAI,IONIQ 5,Battery Electric Vehicle (BEV),Eligibility unknown as battery range has not been researched,0,36.0,CITY OF SEATTLE - (WA)|CITY OF TACOMA - (WA),0.0,0.2707985792660235,Unknown/Not Researched
King,Bellevue,WA,98006.0,2022,AUDI,E-TRON GT,Battery Electric Vehicle (BEV),Eligibility unknown as battery range has not been researched,0,41.0,PUGET SOUND ENERGY INC||CITY OF TACOMA - (WA),0.0,-0.04886954706231235,Unknown/Not Researched
King,Kirkland,WA,98033.0,2025,NISSAN,ARIYA MPV,Battery Electric Vehicle (BEV),Eligibility unknown as battery range has not been researched,0,48.0,PUGET SOUND ENERGY INC||CITY OF TACOMA - (WA),0.0,0.9101348319226953,Unknown/Not Researched
Thurston,Olympia,WA,98513.0,2025,TESLA,MODEL Y,Battery Electric Vehicle (BEV),Eligibility unknown as battery range has not been researched,0,2.0,PUGET SOUND ENERGY INC,0.0,0.9101348319226953,Unknown/Not Researched
King,Redmond,WA,98052.0,2022,TESLA,MODEL 3,Battery Electric Vehicle (BEV),Eligibility unknown as battery range has not been researched,0,48.0,PUGET SOUND ENERGY INC||CITY OF TACOMA - (WA),0.0,-0.04886954706231235,Unknown/Not Researched
Kitsap,Bainbridge Island,WA,98110.0,2023,BMW,IX,Battery Electric Vehicle (BEV),Eligibility unknown as battery range has not been researched,0,23.0,PUGET SOUND ENERGY INC,0.0,0.2707985792660235,Unknown/Not Researched
King,Federal Way,WA,98003.0,2021,TOYOTA,PRIUS PRIME (PHEV),Plug-in Hybrid Electric Vehicle (PHEV),Not eligible due to low battery range,25,30.0,PUGET SOUND ENERGY INC||CITY OF TACOMA - (WA),0.08532423208191127,-0.36853767339064825,Short
Thurston,Yelm,WA,98597.0,2025,FORD,F-150,Battery Electric Vehicle (BEV),Eligibility unknown as battery range has not been researched,0,2.0,PUGET SOUND ENERGY INC,0.0,0.9101348319226953,Unknown/Not Researched
Kitsap,Silverdale,WA,98383.0,2025,KIA,EV6,Battery Electric Vehicle (BEV),Eligibility unknown as battery range has not been researched,0,23.0,PUGET SOUND ENERGY INC,0.0,0.9101348319226953,Unknown/Not Researched
Snohomish,Everett,WA,98208.0,2024,TESLA,MODEL Y,Battery Electric Vehicle (BEV),Eligibility unknown as battery range has not been researched,0,44.0,PUGET SOUND ENERGY INC,0.0,0.5904667055943594,Unknown/Not Researched
Thurston,Olympia,WA,98513.0,2019,KIA,NIRO,Battery Electric Vehicle (BEV),Clean Alternative Fuel Vehicle Eligible,239,2.0,PUGET SOUND ENERGY INC,0.8156996587030717,-1.00787392604732,Long
King,Renton,WA,98057.0,2024,HONDA,PROLOGUE,Battery Electric Vehicle (BEV),Eligibility unknown as battery range has not been researched,0,11.0,PUGET SOUND ENERGY INC||CITY OF TACOMA - (WA),0.0,0.5904667055943594,Unknown/Not Researched
King,Renton,WA,98059.0,2022,TESLA,MODEL Y,Battery Electric Vehicle (BEV),Eligibility unknown as battery range has not been researched,0,11.0,PUGET SOUND ENERGY INC||CITY OF TACOMA - (WA),0.0,-0.04886954706231235,Unknown/Not Researched
King,Kirkland,WA,98034.0,2016,CADILLAC,ELR,Plug-in Hybrid Electric Vehicle (PHEV),Clean Alternative Fuel Vehicle Eligible,36,45.0,PUGET SOUND ENERGY INC||CITY OF TACOMA - (WA),0.12286689419795221,-1.9668783050323277,Short
King,Bellevue,WA,98008.0,2021,TESLA,MODEL 3,Battery Electric Vehicle (BEV),Eligibility unknown as battery range has not been researched,0,48.0,PUGET SOUND ENERGY INC||CITY OF TACOMA - (WA),0.0,-0.36853767339064825,Unknown/Not Researched
King,Auburn,WA,98092.0,2026,TESLA,MODEL Y,Battery Electric Vehicle (BEV),Eligibility unknown as battery range has not been researched,0,47.0,PUGET SOUND ENERGY INC||CITY OF TACOMA - (WA),0.0,1.2298029582510313,Unknown/Not Researched
King,Bellevue,WA,98005.0,2023,TESLA,MODEL Y,Battery Electric Vehicle (BEV),Eligibility unknown as battery range has not been researched,0,41.0,PUGET SOUND ENERGY INC||CITY OF TACOMA - (WA),0.0,0.2707985792660235,Unknown/Not Researched
Thurston,Olympia,WA,98512.0,2024,FORD,MUSTANG MACH-E,Battery Electric Vehicle (BEV),Eligibility unknown as battery range has not been researched,0,35.0,PUGET SOUND ENERGY INC,0.0,0.5904667055943594,Unknown/Not Researched
King,Kent,WA,98030.0,2026,LEXUS,RZ,Battery Electric Vehicle (BEV),Eligibility unknown as battery range has not been researched,0,47.0,PUGET SOUND ENERGY INC||CITY OF TACOMA - (WA),0.0,1.2298029582510313,Unknown/Not Researched
King,Kirkland,WA,98034.0,2024,SUBARU,SOLTERRA,Battery Electric Vehicle (BEV),Eligibility unknown as battery range has not been researched,0,1.0,PUGET SOUND ENERGY INC||CITY OF TACOMA - (WA),0.0,0.5904667055943594,Unknown/Not Researched
King,Redmond,WA,98052.0,2018,TOYOTA,PRIUS PRIME (PHEV),Plug-in Hybrid Electric Vehicle (PHEV),Not eligible due to low battery range,25,48.0,PUGET SOUND ENERGY INC||CITY OF TACOMA - (WA),0.08532423208191127,-1.3275420523756558,Short
King,Seattle,WA,98133.0,2023,TESLA,MODEL 3,Battery Electric Vehicle (BEV),Eligibility unknown as battery range has not been researched,0,46.0,CITY OF SEATTLE - (WA)|CITY OF TACOMA - (WA),0.0,0.2707985792660235,Unknown/Not Researched
Clark,Vancouver,WA,98684.0,2019,TESLA,MODEL 3,Battery Electric Vehicle (BEV),Clean Alternative Fuel Vehicle Eligible,220,17.0,BONNEVILLE POWER ADMINISTRATION||PUD NO 1 OF CLARK COUNTY - (WA),0.7508532423208191,-1.00787392604732,Long
King,Bellevue,WA,98006.0,2026,TESLA,MODEL Y,Battery Electric Vehicle (BEV),Eligibility unknown as battery range has not been researched,0,41.0,PUGET SOUND ENERGY INC||CITY OF TACOMA - (WA),0.0,1.2298029582510313,Unknown/Not Researched
King,Issaquah,WA,98027.0,2024,TESLA,MODEL Y,Battery Electric Vehicle (BEV),Eligibility unknown as battery range has not been researched,0,5.0,PUGET SOUND ENERGY INC||CITY OF TACOMA - (WA),0.0,0.5904667055943594,Unknown/Not Researched
King,Burien,WA,98168.0,2024,NISSAN,ARIYA HATCHBACK,Battery Electric Vehicle (BEV),Eligibility unknown as battery range has not been researched,0,33.0,CITY OF SEATTLE - (WA)|CITY OF TACOMA - (WA),0.0,0.5904667055943594,Unknown/Not Researched
King,Seattle,WA,98122.0,2023,TESLA,MODEL 3,Battery Electric Vehicle (BEV),Eligibility unknown as battery range has not been researched,0,37.0,CITY OF SEATTLE - (WA)|CITY OF TACOMA - (WA),0.0,0.2707985792660235,Unknown/Not Researched
Kitsap,Bainbridge Island,WA,98110.0,2021,BMW,X3,Plug-in Hybrid Electric Vehicle (PHEV),Not eligible due to low battery range,17,23.0,PUGET SOUND ENERGY INC,0.05802047781569966,-0.36853767339064825,Short
King,Seattle,WA,98117.0,2021,TESLA,MODEL Y,Battery Electric Vehicle (BEV),Eligibility unknown as battery range has not been researched,0,36.0,CITY OF SEATTLE - (WA)|CITY OF TACOMA - (WA),0.0,-0.36853767339064825,Unknown/Not Researched
King,Seattle,WA,98116.0,2026,MERCEDES-BENZ,E-CLASS,Plug-in Hybrid Electric Vehicle (PHEV),Clean Alternative Fuel Vehicle Eligible,43,34.0,CITY OF SEATTLE - (WA)|CITY OF TACOMA - (WA),0.14675767918088736,1.2298029582510313,Short
Clark,Vancouver,WA,98683.0,2025,AUDI,Q6,Battery Electric Vehicle (BEV),Eligibility unknown as battery range has not been researched,0,17.0,BONNEVILLE POWER ADMINISTRATION||PUD NO 1 OF CLARK COUNTY - (WA),0.0,0.9101348319226953,Unknown/Not Researched
King,Sammamish,WA,98074.0,2023,TESLA,MODEL X,Battery Electric Vehicle (BEV),Eligibility unknown as battery range has not been researched,0,45.0,PUGET SOUND ENERGY INC||CITY OF TACOMA - (WA),0.0,0.2707985792660235,Unknown/Not Researched
King,Bellevue,WA,98008.0,2025,CADILLAC,OPTIQ,Battery Electric Vehicle (BEV),Eligibility unknown as battery range has not been researched,0,48.0,PUGET SOUND ENERGY INC||CITY OF TACOMA - (WA),0.0,0.9101348319226953,Unknown/Not Researched
King,Federal Way,WA,98023.0,2019,KIA,NIRO,Battery Electric Vehicle (BEV),Clean Alternative Fuel Vehicle Eligible,239,30.0,PUGET SOUND ENERGY INC||CITY OF TACOMA - (WA),0.8156996587030717,-1.00787392604732,Long
King,Seattle,WA,98122.0,2019,NISSAN,LEAF,Battery Electric Vehicle (BEV),Clean Alternative Fuel Vehicle Eligible,150,37.0,CITY OF SEATTLE - (WA)|CITY OF TACOMA - (WA),0.5119453924914675,-1.00787392604732,Medium
King,Seattle,WA,98103.0,2018,TESLA,MODEL 3,Battery Electric Vehicle (BEV),Clean Alternative Fuel Vehicle Eligible,215,46.0,CITY OF SEATTLE - (WA)|CITY OF TACOMA - (WA),0.7337883959044369,-1.3275420523756558,Long
King,Bellevue,WA,98004.0,2018,AUDI,A3,Plug-in Hybrid Electric Vehicle (PHEV),Not eligible due to low battery range,16,41.0,PUGET SOUND ENERGY INC||CITY OF TACOMA - (WA),0.05460750853242321,-1.3275420523756558,Short
King,Burien,WA,98146.0,2018,TOYOTA,PRIUS PRIME (PHEV),Plug-in Hybrid Electric Vehicle (PHEV),Not eligible due to low battery range,25,34.0,CITY OF SEATTLE - (WA)|CITY OF TACOMA - (WA),0.08532423208191127,-1.3275420523756558,Short
King,Tukwila,WA,98168.0,2014,CHEVROLET,VOLT,Plug-in Hybrid Electric Vehicle (PHEV),Clean Alternative Fuel Vehicle Eligible,38,11.0,CITY OF SEATTLE - (WA)|CITY OF TACOMA - (WA),0.1296928327645051,-2.6062145576889995,Short
King,Kirkland,WA,98034.0,2026,TESLA,MODEL 3,Battery Electric Vehicle (BEV),Eligibility unknown as battery range has not been researched,0,45.0,PUGET SOUND ENERGY INC||CITY OF TACOMA - (WA),0.0,1.2298029582510313,Unknown/Not Researched
King,Bellevue,WA,98008.0,2023,CHEVROLET,BOLT EUV,Battery Electric Vehicle (BEV),Eligibility unknown as battery range has not been researched,0,48.0,PUGET SOUND ENERGY INC||CITY OF TACOMA - (WA),0.0,0.2707985792660235,Unknown/Not Researched
King,Seattle,WA,98122.0,2020,HYUNDAI,KONA,Battery Electric Vehicle (BEV),Clean Alternative Fuel Vehicle Eligible,258,37.0,CITY OF SEATTLE - (WA)|CITY OF TACOMA - (WA),0.8805460750853242,-0.6882057997189841,Long
King,Seattle,WA,98115.0,2014,CHEVROLET,VOLT,Plug-in Hybrid Electric Vehicle (PHEV),Clean Alternative Fuel Vehicle Eligible,38,46.0,CITY OF SEATTLE - (WA)|CITY OF TACOMA - (WA),0.1296928327645051,-2.6062145576889995,Short
King,Seattle,WA,98125.0,2019,TESLA,MODEL 3,Battery Electric Vehicle (BEV),Clean Alternative Fuel Vehicle Eligible,220,46.0,CITY OF SEATTLE - (WA)|CITY OF TACOMA - (WA),0.7508532423208191,-1.00787392604732,Long
King,Kenmore,WA,98028.0,2025,KIA,NIRO,Battery Electric Vehicle (BEV),Eligibility unknown as battery range has not been researched,0,46.0,PUGET SOUND ENERGY INC||CITY OF TACOMA - (WA),0.0,0.9101348319226953,Unknown/Not Researched
King,Sammamish,WA,98075.0,2025,FORD,MUSTANG MACH-E,Battery Electric Vehicle (BEV),Eligibility unknown as battery range has not been researched,0,41.0,PUGET SOUND ENERGY INC||CITY OF TACOMA - (WA),0.0,0.9101348319226953,Unknown/Not Researched
King,Seattle,WA,98125.0,2023,VOLKSWAGEN,ID.4,Battery Electric Vehicle (BEV),Eligibility unknown as battery range has not been researched,0,46.0,CITY OF SEATTLE - (WA)|CITY OF TACOMA - (WA),0.0,0.2707985792660235,Unknown/Not Researched
King,Bellevue,WA,98004.0,2023,AUDI,Q5 E,Plug-in Hybrid Electric Vehicle (PHEV),Not eligible due to low battery range,23,41.0,PUGET SOUND ENERGY INC||CITY OF TACOMA - (WA),0.07849829351535836,0.2707985792660235,Short
King,Seattle,WA,98105.0,2023,VOLVO,XC60,Plug-in Hybrid Electric Vehicle (PHEV),Clean Alternative Fuel Vehicle Eligible,35,43.0,CITY OF SEATTLE - (WA)|CITY OF TACOMA - (WA),0.11945392491467577,0.2707985792660235,Short
King,Seattle,WA,98178.0,2022,TESLA,MODEL 3,Battery Electric Vehicle (BEV),Eligibility unknown as battery range has not been researched,0,37.0,PUGET SOUND ENERGY INC||CITY OF TACOMA - (WA),0.0,-0.04886954706231235,Unknown/Not Researched
Kitsap,Bainbridge Island,WA,98110.0,2023,RIVIAN,R1T,Battery Electric Vehicle (BEV),Eligibility unknown as battery range has not been researched,0,23.0,PUGET SOUND ENERGY INC,0.0,0.2707985792660235,Unknown/Not Researched
King,Kenmore,WA,98028.0,2023,RIVIAN,R1S,Battery Electric Vehicle (BEV),Eligibility unknown as battery range has not been researched,0,46.0,PUGET SOUND ENERGY INC||CITY OF TACOMA - (WA),0.0,0.2707985792660235,Unknown/Not Researched
King,Auburn,WA,98092.0,2023,TESLA,MODEL X,Battery Electric Vehicle (BEV),Eligibility unknown as battery range has not been researched,0,47.0,PUGET SOUND ENERGY INC||CITY OF TACOMA - (WA),0.0,0.2707985792660235,Unknown/Not Researched
King,Bellevue,WA,98005.0,2022,TOYOTA,RAV4 PRIME (PHEV),Plug-in Hybrid Electric Vehicle (PHEV),Clean Alternative Fuel Vehicle Eligible,42,41.0,PUGET SOUND ENERGY INC||CITY OF TACOMA - (WA),0.14334470989761092,-0.04886954706231235,Short
King,Seattle,WA,98134.0,2026,BMW,IX,Battery Electric Vehicle (BEV),Eligibility unknown as battery range has not been researched,0,37.0,CITY OF SEATTLE - (WA)|CITY OF TACOMA - (WA),0.0,1.2298029582510313,Unknown/Not Researched
King,Seattle,WA,98109.0,2023,TESLA,MODEL Y,Battery Electric Vehicle (BEV),Eligibility unknown as battery range has not been researched,0,36.0,CITY OF SEATTLE - (WA)|CITY OF TACOMA - (WA),0.0,0.2707985792660235,Unknown/Not Researched
King,Kirkland,WA,98033.0,2022,TESLA,MODEL Y,Battery Electric Vehicle (BEV),Eligibility unknown as battery range has not been researched,0,45.0,PUGET SOUND ENERGY INC||CITY OF TACOMA - (WA),0.0,-0.04886954706231235,Unknown/Not Researched
King,Kirkland,WA,98033.0,2023,RIVIAN,R1T,Battery Electric Vehicle (BEV),Eligibility unknown as battery range has not been researched,0,48.0,PUGET SOUND ENERGY INC||CITY OF TACOMA - (WA),0.0,0.2707985792660235,Unknown/Not Researched
King,Seattle,WA,98125.0,2022,NISSAN,LEAF,Battery Electric Vehicle (BEV),Eligibility unknown as battery range has not been researched,0,46.0,CITY OF SEATTLE - (WA)|CITY OF TACOMA - (WA),0.0,-0.04886954706231235,Unknown/Not Researched
Snohomish,Everett,WA,98208.0,2013,NISSAN,LEAF,Battery Electric Vehicle (BEV),Clean Alternative Fuel Vehicle Eligible,75,38.0,PUGET SOUND ENERGY INC,0.25597269624573377,-2.9258826840173353,Medium
Clark,Vancouver,WA,98684.0,2017,CHEVROLET,VOLT,Plug-in Hybrid Electric Vehicle (PHEV),Clean Alternative Fuel Vehicle Eligible,53,17.0,BONNEVILLE POWER ADMINISTRATION||PUD NO 1 OF CLARK COUNTY - (WA),0.18088737201365188,-1.647210178703992,Medium
King,Bellevue,WA,98006.0,2024,MERCEDES-BENZ,EQS-CLASS SUV,Battery Electric Vehicle (BEV),Eligibility unknown as battery range has not been researched,0,41.0,PUGET SOUND ENERGY INC||CITY OF TACOMA - (WA),0.0,0.5904667055943594,Unknown/Not Researched
King,Bellevue,WA,98004.0,2023,TESLA,MODEL 3,Battery Electric Vehicle (BEV),Eligibility unknown as battery range has not been researched,0,48.0,PUGET SOUND ENERGY INC||CITY OF TACOMA - (WA),0.0,0.2707985792660235,Unknown/Not Researched
King,Kirkland,WA,98034.0,2016,TESLA,MODEL S,Battery Electric Vehicle (BEV),Clean Alternative Fuel Vehicle Eligible,210,1.0,PUGET SOUND ENERGY INC||CITY OF TACOMA - (WA),0.7167235494880546,-1.9668783050323277,Long
Island,Coupeville,WA,98239.0,2023,CHEVROLET,BOLT EUV,Battery Electric Vehicle (BEV),Eligibility unknown as battery range has not been researched,0,10.0,PUGET SOUND ENERGY INC,0.0,0.2707985792660235,Unknown/Not Researched
King,Bothell,WA,98011.0,2023,FORD,F-150,Battery Electric Vehicle (BEV),Eligibility unknown as battery range has not been researched,0,1.0,PUGET SOUND ENERGY INC||CITY OF TACOMA - (WA),0.0,0.2707985792660235,Unknown/Not Researched
King,Seattle,WA,98112.0,2019,TESLA,MODEL 3,Battery Electric Vehicle (BEV),Clean Alternative Fuel Vehicle Eligible,220,37.0,CITY OF SEATTLE - (WA)|CITY OF TACOMA - (WA),0.7508532423208191,-1.00787392604732,Long
King,Sammamish,WA,98029.0,2022,TESLA,MODEL X,Battery Electric Vehicle (BEV),Eligibility unknown as battery range has not been researched,0,5.0,PUGET SOUND ENERGY INC||CITY OF TACOMA - (WA),0.0,-0.04886954706231235,Unknown/Not Researched
King,Kent,WA,98032.0,2018,TESLA,MODEL 3,Battery Electric Vehicle (BEV),Clean Alternative Fuel Vehicle Eligible,215,33.0,PUGET SOUND ENERGY INC||CITY OF TACOMA - (WA),0.7337883959044369,-1.3275420523756558,Long
King,Kirkland,WA,98034.0,2024,TESLA,MODEL Y,Battery Electric Vehicle (BEV),Eligibility unknown as battery range has not been researched,0,45.0,PUGET SOUND ENERGY INC||CITY OF TACOMA - (WA),0.0,0.5904667055943594,Unknown/Not Researched
King,Kirkland,WA,98034.0,2023,FORD,MUSTANG MACH-E,Battery Electric Vehicle (BEV),Eligibility unknown as battery range has not been researched,0,45.0,PUGET SOUND ENERGY INC||CITY OF TACOMA - (WA),0.0,0.2707985792660235,Unknown/Not Researched
King,Renton,WA,98055.0,2025,TESLA,MODEL 3,Battery Electric Vehicle (BEV),Eligibility unknown as battery range has not been researched,0,11.0,PUGET SOUND ENERGY INC||CITY OF TACOMA - (WA),0.0,0.9101348319226953,Unknown/Not Researched
Clark,Vancouver,WA,98682.0,2021,TESLA,MODEL 3,Battery Electric Vehicle (BEV),Eligibility unknown as battery range has not been researched,0,17.0,BONNEVILLE POWER ADMINISTRATION||PUD NO 1 OF CLARK COUNTY - (WA),0.0,-0.36853767339064825,Unknown/Not Researched
King,Kirkland,WA,98034.0,2023,TESLA,MODEL Y,Battery Electric Vehicle (BEV),Eligibility unknown as battery range has not been researched,0,45.0,PUGET SOUND ENERGY INC||CITY OF TACOMA - (WA),0.0,0.2707985792660235,Unknown/Not Researched
King,Redmond,WA,98052.0,2013,NISSAN,LEAF,Battery Electric Vehicle (BEV),Clean Alternative Fuel Vehicle Eligible,75,48.0,PUGET SOUND ENERGY INC||CITY OF TACOMA - (WA),0.25597269624573377,-2.9258826840173353,Medium
King,Tukwila,WA,98178.0,2022,FORD,F-150,Battery Electric Vehicle (BEV),Eligibility unknown as battery range has not been researched,0,11.0,CITY OF SEATTLE - (WA)|CITY OF TACOMA - (WA),0.0,-0.04886954706231235,Unknown/Not Researched
King,Newcastle,WA,98056.0,2025,TESLA,MODEL Y,Battery Electric Vehicle (BEV),Eligibility unknown as battery range has not been researched,0,41.0,PUGET SOUND ENERGY INC||CITY OF TACOMA - (WA),0.0,0.9101348319226953,Unknown/Not Researched
Clark,Vancouver,WA,98664.0,2025,RIVIAN,R1T,Battery Electric Vehicle (BEV),Eligibility unknown as battery range has not been researched,0,49.0,BONNEVILLE POWER ADMINISTRATION||PUD NO 1 OF CLARK COUNTY - (WA),0.0,0.9101348319226953,Unknown/Not Researched
Clark,Camas,WA,98607.0,2026,TESLA,MODEL Y,Battery Electric Vehicle (BEV),Eligibility unknown as battery range has not been researched,0,18.0,BONNEVILLE POWER ADMINISTRATION||PUD NO 1 OF CLARK COUNTY - (WA),0.0,1.2298029582510313,Unknown/Not Researched
Snohomish,Lake Stevens,WA,98258.0,2015,TESLA,MODEL S,Battery Electric Vehicle (BEV),Clean Alternative Fuel Vehicle Eligible,208,44.0,PUGET SOUND ENERGY INC,0.7098976109215017,-2.2865464313606636,Long
King,Seattle,WA,98115.0,2023,TESLA,MODEL Y,Battery Electric Vehicle (BEV),Eligibility unknown as battery range has not been researched,0,46.0,CITY OF SEATTLE - (WA)|CITY OF TACOMA - (WA),0.0,0.2707985792660235,Unknown/Not Researched
King,Bellevue,WA,98008.0,2023,NISSAN,ARIYA HATCHBACK,Battery Electric Vehicle (BEV),Eligibility unknown as battery range has not been researched,0,48.0,PUGET SOUND ENERGY INC||CITY OF TACOMA - (WA),0.0,0.2707985792660235,Unknown/Not Researched
King,Redmond,WA,98052.0,2022,BMW,X5,Plug-in Hybrid Electric Vehicle (PHEV),Clean Alternative Fuel Vehicle Eligible,30,45.0,PUGET SOUND ENERGY INC||CITY OF TACOMA - (WA),0.10238907849829351,-0.04886954706231235,Short
King,Bellevue,WA,98004.0,2025,TESLA,MODEL 3,Battery Electric Vehicle (BEV),Eligibility unknown as battery range has not been researched,0,41.0,PUGET SOUND ENERGY INC||CITY OF TACOMA - (WA),0.0,0.9101348319226953,Unknown/Not Researched
King,Newcastle,WA,98056.0,2026,TOYOTA,PRIUS PRIME (PHEV),Plug-in Hybrid Electric Vehicle (PHEV),Clean Alternative Fuel Vehicle Eligible,44,41.0,PUGET SOUND ENERGY INC||CITY OF TACOMA - (WA),0.15017064846416384,1.2298029582510313,Short
King,Seattle,WA,98125.0,2016,FORD,C-MAX,Plug-in Hybrid Electric Vehicle (PHEV),Not eligible due to low battery range,19,46.0,CITY OF SEATTLE - (WA)|CITY OF TACOMA - (WA),0.06484641638225255,-1.9668783050323277,Short
King,Redmond,WA,98052.0,2019,BMW,530E,Plug-in Hybrid Electric Vehicle (PHEV),Not eligible due to low battery range,16,48.0,PUGET SOUND ENERGY INC||CITY OF TACOMA - (WA),0.05460750853242321,-1.00787392604732,Short
Snohomish,Lake Stevens,WA,98258.0,2025,NISSAN,ARIYA MPV,Battery Electric Vehicle (BEV),Eligibility unknown as battery range has not been researched,0,44.0,PUGET SOUND ENERGY INC,0.0,0.9101348319226953,Unknown/Not Researched
King,Kirkland,WA,98034.0,2019,KIA,NIRO,Plug-in Hybrid Electric Vehicle (PHEV),Not eligible due to low battery range,26,45.0,PUGET SOUND ENERGY INC||CITY OF TACOMA - (WA),0.08873720136518772,-1.00787392604732,Short
Kitsap,Bainbridge Island,WA,98110.0,2024,AUDI,Q5 E,Plug-in Hybrid Electric Vehicle (PHEV),Not eligible due to low battery range,23,23.0,PUGET SOUND ENERGY INC,0.07849829351535836,0.5904667055943594,Short
King,Bellevue,WA,98004.0,2024,TESLA,CYBERTRUCK,Battery Electric Vehicle (BEV),Eligibility unknown as battery range has not been researched,0,48.0,PUGET SOUND ENERGY INC||CITY OF TACOMA - (WA),0.0,0.5904667055943594,Unknown/Not Researched
King,Shoreline,WA,98155.0,2022,TESLA,MODEL Y,Battery Electric Vehicle (BEV),Eligibility unknown as battery range has not been researched,0,32.0,CITY OF SEATTLE - (WA)|CITY OF TACOMA - (WA),0.0,-0.04886954706231235,Unknown/Not Researched
King,Kirkland,WA,98033.0,2026,TESLA,MODEL Y,Battery Electric Vehicle (BEV),Eligibility unknown as battery range has not been researched,0,48.0,PUGET SOUND ENERGY INC||CITY OF TACOMA - (WA),0.0,1.2298029582510313,Unknown/Not Researched
Snohomish,Edmonds,WA,98026.0,2023,MERCEDES-BENZ,EQS-CLASS SEDAN,Battery Electric Vehicle (BEV),Eligibility unknown as battery range has not been researched,0,21.0,PUGET SOUND ENERGY INC,0.0,0.2707985792660235,Unknown/Not Researched
Clark,Vancouver,WA,98685.0,2023,KIA,EV6,Battery Electric Vehicle (BEV),Eligibility unknown as battery range has not been researched,0,18.0,BONNEVILLE POWER ADMINISTRATION||PUD NO 1 OF CLARK COUNTY - (WA),0.0,0.2707985792660235,Unknown/Not Researched
Clark,Vancouver,WA,98683.0,2023,TESLA,MODEL X,Battery Electric Vehicle (BEV),Eligibility unknown as battery range has not been researched,0,17.0,BONNEVILLE POWER ADMINISTRATION||PUD NO 1 OF CLARK COUNTY - (WA),0.0,0.2707985792660235,Unknown/Not Researched
King,Seattle,WA,98112.0,2022,MINI,HARDTOP,Battery Electric Vehicle (BEV),Eligibility unknown as battery range has not been researched,0,43.0,CITY OF SEATTLE - (WA)|CITY OF TACOMA - (WA),0.0,-0.04886954706231235,Unknown/Not Researched
King,Kirkland,WA,98033.0,2019,CHRYSLER,PACIFICA,Plug-in Hybrid Electric Vehicle (PHEV),Clean Alternative Fuel Vehicle Eligible,32,48.0,PUGET SOUND ENERGY INC||CITY OF TACOMA - (WA),0.10921501706484642,-1.00787392604732,Short
King,Bellevue,WA,98005.0,2023,TESLA,MODEL S,Battery Electric Vehicle (BEV),Eligibility unknown as battery range has not been researched,0,48.0,PUGET SOUND ENERGY INC||CITY OF TACOMA - (WA),0.0,0.2707985792660235,Unknown/Not Researched
King,Bellevue,WA,98006.0,2015,TESLA,MODEL S,Battery Electric Vehicle (BEV),Clean Alternative Fuel Vehicle Eligible,208,41.0,PUGET SOUND ENERGY INC||CITY OF TACOMA - (WA),0.7098976109215017,-2.2865464313606636,Long
Clark,La Center,WA,98629.0,2025,TESLA,MODEL Y,Battery Electric Vehicle (BEV),Eligibility unknown as battery range has not been researched,0,18.0,BONNEVILLE POWER ADMINISTRATION||PUD NO 1 OF CLARK COUNTY - (WA),0.0,0.9101348319226953,Unknown/Not Researched
King,Seattle,WA,98122.0,2021,TESLA,MODEL 3,Battery Electric Vehicle (BEV),Eligibility unknown as battery range has not been researched,0,43.0,CITY OF SEATTLE - (WA)|CITY OF TACOMA - (WA),0.0,-0.36853767339064825,Unknown/Not Researched
King,Bellevue,WA,98006.0,2022,FORD,MUSTANG MACH-E,Battery Electric Vehicle (BEV),Eligibility unknown as battery range has not been researched,0,41.0,PUGET SOUND ENERGY INC||CITY OF TACOMA - (WA),0.0,-0.04886954706231235,Unknown/Not Researched
King,Redmond,WA,98052.0,2018,TESLA,MODEL 3,Battery Electric Vehicle (BEV),Clean Alternative Fuel Vehicle Eligible,215,45.0,PUGET SOUND ENERGY INC||CITY OF TACOMA - (WA),0.7337883959044369,-1.3275420523756558,Long
King,Seattle,WA,98125.0,2024,FORD,MUSTANG MACH-E,Battery Electric Vehicle (BEV),Eligibility unknown as battery range has not been researched,0,46.0,CITY OF SEATTLE - (WA)|CITY OF TACOMA - (WA),0.0,0.5904667055943594,Unknown/Not Researched
Clark,Vancouver,WA,98685.0,2018,TESLA,MODEL S,Battery Electric Vehicle (BEV),Clean Alternative Fuel Vehicle Eligible,249,18.0,BONNEVILLE POWER ADMINISTRATION||PUD NO 1 OF CLARK COUNTY - (WA),0.8498293515358362,-1.3275420523756558,Long
King,Kirkland,WA,98034.0,2022,RIVIAN,R1T,Battery Electric Vehicle (BEV),Eligibility unknown as battery range has not been researched,0,45.0,PUGET SOUND ENERGY INC||CITY OF TACOMA - (WA),0.0,-0.04886954706231235,Unknown/Not Researched
King,Seattle,WA,98125.0,2023,TESLA,MODEL Y,Battery Electric Vehicle (BEV),Eligibility unknown as battery range has not been researched,0,46.0,CITY OF SEATTLE - (WA)|CITY OF TACOMA - (WA),0.0,0.2707985792660235,Unknown/Not Researched
King,Kirkland,WA,98033.0,2024,TESLA,MODEL 3,Battery Electric Vehicle (BEV),Eligibility unknown as battery range has not been researched,0,45.0,PUGET SOUND ENERGY INC||CITY OF TACOMA - (WA),0.0,0.5904667055943594,Unknown/Not Researched
Kitsap,Olalla,WA,98359.0,2023,LEXUS,RZ,Battery Electric Vehicle (BEV),Eligibility unknown as battery range has not been researched,0,26.0,PUGET SOUND ENERGY INC,0.0,0.2707985792660235,Unknown/Not Researched
King,Kirkland,WA,98033.0,2022,RIVIAN,R1S,Battery Electric Vehicle (BEV),Eligibility unknown as battery range has not been researched,0,48.0,PUGET SOUND ENERGY INC||CITY OF TACOMA - (WA),0.0,-0.04886954706231235,Unknown/Not Researched
King,Seattle,WA,98107.0,2021,VOLKSWAGEN,ID.4,Battery Electric Vehicle (BEV),Eligibility unknown as battery range has not been researched,0,43.0,CITY OF SEATTLE - (WA)|CITY OF TACOMA - (WA),0.0,-0.36853767339064825,Unknown/Not Researched
King,Woodinville,WA,98072.0,2024,TOYOTA,BZ4X,Battery Electric Vehicle (BEV),Eligibility unknown as battery range has not been researched,0,45.0,PUGET SOUND ENERGY INC||CITY OF TACOMA - (WA),0.0,0.5904667055943594,Unknown/Not Researched
King,Seattle,WA,98119.0,2016,FORD,C-MAX,Plug-in Hybrid Electric Vehicle (PHEV),Not eligible due to low battery range,19,36.0,CITY OF SEATTLE - (WA)|CITY OF TACOMA - (WA),0.06484641638225255,-1.9668783050323277,Short
King,Bellevue,WA,98004.0,2021,AUDI,Q5 E,Plug-in Hybrid Electric Vehicle (PHEV),Not eligible due to low battery range,18,41.0,PUGET SOUND ENERGY INC||CITY OF TACOMA - (WA),0.06143344709897611,-0.36853767339064825,Short
King,Kirkland,WA,98033.0,2022,TESLA,MODEL Y,Battery Electric Vehicle (BEV),Eligibility unknown as battery range has not been researched,0,45.0,PUGET SOUND ENERGY INC||CITY OF TACOMA - (WA),0.0,-0.04886954706231235,Unknown/Not Researched
King,Bothell,WA,98011.0,2022,TESLA,MODEL Y,Battery Electric Vehicle (BEV),Eligibility unknown as battery range has not been researched,0,1.0,PUGET SOUND ENERGY INC||CITY OF TACOMA - (WA),0.0,-0.04886954706231235,Unknown/Not Researched
King,Bellevue,WA,98008.0,2022,LEXUS,NX,Plug-in Hybrid Electric Vehicle (PHEV),Clean Alternative Fuel Vehicle Eligible,37,48.0,PUGET SOUND ENERGY INC||CITY OF TACOMA - (WA),0.12627986348122866,-0.04886954706231235,Short
Kitsap,Bainbridge Island,WA,98110.0,2024,HYUNDAI,IONIQ 5,Battery Electric Vehicle (BEV),Eligibility unknown as battery range has not been researched,0,23.0,PUGET SOUND ENERGY INC,0.0,0.5904667055943594,Unknown/Not Researched
King,Kent,WA,98030.0,2024,TESLA,MODEL Y,Battery Electric Vehicle (BEV),Eligibility unknown as battery range has not been researched,0,47.0,PUGET SOUND ENERGY INC||CITY OF TACOMA - (WA),0.0,0.5904667055943594,Unknown/Not Researched
King,Seattle,WA,98125.0,2023,TESLA,MODEL 3,Battery Electric Vehicle (BEV),Eligibility unknown as battery range has not been researched,0,46.0,CITY OF SEATTLE - (WA)|CITY OF TACOMA - (WA),0.0,0.2707985792660235,Unknown/Not Researched
King,Seattle,WA,98125.0,2026,RIVIAN,R1T,Battery Electric Vehicle (BEV),Eligibility unknown as battery range has not been researched,0,46.0,CITY OF SEATTLE - (WA)|CITY OF TACOMA - (WA),0.0,1.2298029582510313,Unknown/Not Researched
King,Bellevue,WA,98005.0,2024,BMW,I5,Battery Electric Vehicle (BEV),Eligibility unknown as battery range has not been researched,0,48.0,PUGET SOUND ENERGY INC||CITY OF TACOMA - (WA),0.0,0.5904667055943594,Unknown/Not Researched
King,Shoreline,WA,98177.0,2023,TESLA,MODEL Y,Battery Electric Vehicle (BEV),Eligibility unknown as battery range has not been researched,0,32.0,CITY OF SEATTLE - (WA)|CITY OF TACOMA - (WA),0.0,0.2707985792660235,Unknown/Not Researched
King,Kirkland,WA,98033.0,2023,VOLVO,S60,Plug-in Hybrid Electric Vehicle (PHEV),Clean Alternative Fuel Vehicle Eligible,41,48.0,PUGET SOUND ENERGY INC||CITY OF TACOMA - (WA),0.13993174061433447,0.2707985792660235,Short
King,Seattle,WA,98116.0,2026,HYUNDAI,IONIQ 5,Battery Electric Vehicle (BEV),Eligibility unknown as battery range has not been researched,0,34.0,CITY OF SEATTLE - (WA)|CITY OF TACOMA - (WA),0.0,1.2298029582510313,Unknown/Not Researched
Clark,Vancouver,WA,98683.0,2018,TESLA,MODEL X,Battery Electric Vehicle (BEV),Clean Alternative Fuel Vehicle Eligible,238,18.0,BONNEVILLE POWER ADMINISTRATION||PUD NO 1 OF CLARK COUNTY - (WA),0.8122866894197952,-1.3275420523756558,Long
King,Renton,WA,98055.0,2023,FORD,F-150,Battery Electric Vehicle (BEV),Eligibility unknown as battery range has not been researched,0,33.0,PUGET SOUND ENERGY INC||CITY OF TACOMA - (WA),0.0,0.2707985792660235,Unknown/Not Researched
King,Redmond,WA,98052.0,2018,TESLA,MODEL 3,Battery Electric Vehicle (BEV),Clean Alternative Fuel Vehicle Eligible,215,48.0,PUGET SOUND ENERGY INC||CITY OF TACOMA - (WA),0.7337883959044369,-1.3275420523756558,Long
King,Bellevue,WA,98004.0,2026,PORSCHE,CAYENNE,Plug-in Hybrid Electric Vehicle (PHEV),Not eligible due to low battery range,24,41.0,PUGET SOUND ENERGY INC||CITY OF TACOMA - (WA),0.08191126279863481,1.2298029582510313,Short
Clark,Vancouver,WA,98685.0,2017,TESLA,MODEL S,Battery Electric Vehicle (BEV),Clean Alternative Fuel Vehicle Eligible,210,18.0,BONNEVILLE POWER ADMINISTRATION||PUD NO 1 OF CLARK COUNTY - (WA),0.7167235494880546,-1.647210178703992,Long
Island,Oak Harbor,WA,98277.0,2025,TESLA,MODEL 3,Battery Electric Vehicle (BEV),Eligibility unknown as battery range has not been researched,0,10.0,PUGET SOUND ENERGY INC,0.0,0.9101348319226953,Unknown/Not Researched
King,Kirkland,WA,98034.0,2020,AUDI,Q5 E,Plug-in Hybrid Electric Vehicle (PHEV),Not eligible due to low battery range,20,45.0,PUGET SOUND ENERGY INC||CITY OF TACOMA - (WA),0.06825938566552901,-0.6882057997189841,Short
King,Kirkland,WA,98033.0,2024,TOYOTA,RAV4 PRIME (PHEV),Plug-in Hybrid Electric Vehicle (PHEV),Clean Alternative Fuel Vehicle Eligible,42,48.0,PUGET SOUND ENERGY INC||CITY OF TACOMA - (WA),0.14334470989761092,0.5904667055943594,Short
King,Kent,WA,98030.0,2023,CHRYSLER,PACIFICA,Plug-in Hybrid Electric Vehicle (PHEV),Clean Alternative Fuel Vehicle Eligible,32,47.0,PUGET SOUND ENERGY INC||CITY OF TACOMA - (WA),0.10921501706484642,0.2707985792660235,Short
King,Shoreline,WA,98133.0,2022,TESLA,MODEL Y,Battery Electric Vehicle (BEV),Eligibility unknown as battery range has not been researched,0,32.0,CITY OF SEATTLE - (WA)|CITY OF TACOMA - (WA),0.0,-0.04886954706231235,Unknown/Not Researched
King,Seattle,WA,98177.0,2023,TESLA,MODEL Y,Battery Electric Vehicle (BEV),Eligibility unknown as battery range has not been researched,0,32.0,CITY OF SEATTLE - (WA)|CITY OF TACOMA - (WA),0.0,0.2707985792660235,Unknown/Not Researched
King,Issaquah,WA,98029.0,2018,TESLA,MODEL 3,Battery Electric Vehicle (BEV),Clean Alternative Fuel Vehicle Eligible,215,5.0,PUGET SOUND ENERGY INC||CITY OF TACOMA - (WA),0.7337883959044369,-1.3275420523756558,Long
Kitsap,Bainbridge Island,WA,98110.0,2019,CHEVROLET,BOLT EV,Battery Electric Vehicle (BEV),Clean Alternative Fuel Vehicle Eligible,238,23.0,PUGET SOUND ENERGY INC,0.8122866894197952,-1.00787392604732,Long
King,Bellevue,WA,98005.0,2024,VOLKSWAGEN,ID.4,Battery Electric Vehicle (BEV),Eligibility unknown as battery range has not been researched,0,41.0,PUGET SOUND ENERGY INC||CITY OF TACOMA - (WA),0.0,0.5904667055943594,Unknown/Not Researched
Clark,Ridgefield,WA,98642.0,2024,HONDA,PROLOGUE,Battery Electric Vehicle (BEV),Eligibility unknown as battery range has not been researched,0,18.0,BONNEVILLE POWER ADMINISTRATION||PUD NO 1 OF CLARK COUNTY - (WA),0.0,0.5904667055943594,Unknown/Not Researched
Snohomish,Bothell,WA,98012.0,2025,TESLA,MODEL X,Battery Electric Vehicle (BEV),Eligibility unknown as battery range has not been researched,0,1.0,PUGET SOUND ENERGY INC,0.0,0.9101348319226953,Unknown/Not Researched
King,Seattle,WA,98125.0,2024,KIA,EV6,Battery Electric Vehicle (BEV),Eligibility unknown as battery range has not been researched,0,46.0,CITY OF SEATTLE - (WA)|CITY OF TACOMA - (WA),0.0,0.5904667055943594,Unknown/Not Researched
Kitsap,Bainbridge Island,WA,98110.0,2022,VOLVO,XC40,Battery Electric Vehicle (BEV),Eligibility unknown as battery range has not been researched,0,23.0,PUGET SOUND ENERGY INC,0.0,-0.04886954706231235,Unknown/Not Researched
Clark,Ridgefield,WA,98642.0,2023,MERCEDES-BENZ,EQS-CLASS SUV,Battery Electric Vehicle (BEV),Eligibility unknown as battery range has not been researched,0,18.0,BONNEVILLE POWER ADMINISTRATION||PUD NO 1 OF CLARK COUNTY - (WA),0.0,0.2707985792660235,Unknown/Not Researched
King,Tukwila,WA,98168.0,2024,BMW,XM,Plug-in Hybrid Electric Vehicle (PHEV),Clean Alternative Fuel Vehicle Eligible,31,11.0,CITY OF SEATTLE - (WA)|CITY OF TACOMA - (WA),0.10580204778156997,0.5904667055943594,Short
King,Kent,WA,98031.0,2026,SUBARU,SOLTERRA,Battery Electric Vehicle (BEV),Eligibility unknown as battery range has not been researched,0,47.0,PUGET SOUND ENERGY INC||CITY OF TACOMA - (WA),0.0,1.2298029582510313,Unknown/Not Researched
King,Seattle,WA,98146.0,2022,TESLA,MODEL 3,Battery Electric Vehicle (BEV),Eligibility unknown as battery range has not been researched,0,34.0,CITY OF SEATTLE - (WA)|CITY OF TACOMA - (WA),0.0,-0.04886954706231235,Unknown/Not Researched
Skagit,Anacortes,WA,98221.0,2025,TESLA,CYBERTRUCK,Battery Electric Vehicle (BEV),Eligibility unknown as battery range has not been researched,0,40.0,PUGET SOUND ENERGY INC,0.0,0.9101348319226953,Unknown/Not Researched
King,Seattle,WA,98119.0,2018,BMW,330E,Plug-in Hybrid Electric Vehicle (PHEV),Not eligible due to low battery range,14,36.0,CITY OF SEATTLE - (WA)|CITY OF TACOMA - (WA),0.04778156996587031,-1.3275420523756558,Short
Snohomish,Woodway,WA,98020.0,2023,TESLA,MODEL Y,Battery Electric Vehicle (BEV),Eligibility unknown as battery range has not been researched,0,32.0,PUGET SOUND ENERGY INC,0.0,0.2707985792660235,Unknown/Not Researched
King,Kent,WA,98030.0,2025,TESLA,MODEL 3,Battery Electric Vehicle (BEV),Eligibility unknown as battery range has not been researched,0,47.0,PUGET SOUND ENERGY INC||CITY OF TACOMA - (WA),0.0,0.9101348319226953,Unknown/Not Researched
King,Renton,WA,98059.0,2024,TESLA,MODEL Y,Battery Electric Vehicle (BEV),Eligibility unknown as battery range has not been researched,0,11.0,PUGET SOUND ENERGY INC||CITY OF TACOMA - (WA),0.0,0.5904667055943594,Unknown/Not Researched
King,Redmond,WA,98052.0,2023,TESLA,MODEL Y,Battery Electric Vehicle (BEV),Eligibility unknown as battery range has not been researched,0,48.0,PUGET SOUND ENERGY INC||CITY OF TACOMA - (WA),0.0,0.2707985792660235,Unknown/Not Researched
Thurston,Olympia,WA,98506.0,2024,TESLA,MODEL 3,Battery Electric Vehicle (BEV),Eligibility unknown as battery range has not been researched,0,22.0,PUGET SOUND ENERGY INC,0.0,0.5904667055943594,Unknown/Not Researched
Clark,Vancouver,WA,98664.0,2017,TESLA,MODEL X,Battery Electric Vehicle (BEV),Clean Alternative Fuel Vehicle Eligible,200,49.0,BONNEVILLE POWER ADMINISTRATION||PUD NO 1 OF CLARK COUNTY - (WA),0.6825938566552902,-1.647210178703992,Long
King,Kirkland,WA,98033.0,2024,PORSCHE,TAYCAN,Battery Electric Vehicle (BEV),Eligibility unknown as battery range has not been researched,0,45.0,PUGET SOUND ENERGY INC||CITY OF TACOMA - (WA),0.0,0.5904667055943594,Unknown/Not Researched
Clark,Vancouver,WA,98685.0,2017,CHEVROLET,VOLT,Plug-in Hybrid Electric Vehicle (PHEV),Clean Alternative Fuel Vehicle Eligible,53,18.0,BONNEVILLE POWER ADMINISTRATION||PUD NO 1 OF CLARK COUNTY - (WA),0.18088737201365188,-1.647210178703992,Medium
King,Seattle,WA,98116.0,2021,BMW,530E,Plug-in Hybrid Electric Vehicle (PHEV),Not eligible due to low battery range,18,34.0,CITY OF SEATTLE - (WA)|CITY OF TACOMA - (WA),0.06143344709897611,-0.36853767339064825,Short
Clark,Vancouver,WA,98682.0,2025,TESLA,MODEL 3,Battery Electric Vehicle (BEV),Eligibility unknown as battery range has not been researched,0,17.0,BONNEVILLE POWER ADMINISTRATION||PUD NO 1 OF CLARK COUNTY - (WA),0.0,0.9101348319226953,Unknown/Not Researched
King,Bellevue,WA,98004.0,2019,NISSAN,LEAF,Battery Electric Vehicle (BEV),Clean Alternative Fuel Vehicle Eligible,150,48.0,PUGET SOUND ENERGY INC||CITY OF TACOMA - (WA),0.5119453924914675,-1.00787392604732,Medium
King,Kirkland,WA,98033.0,2024,CADILLAC,LYRIQ,Battery Electric Vehicle (BEV),Eligibility unknown as battery range has not been researched,0,48.0,PUGET SOUND ENERGY INC||CITY OF TACOMA - (WA),0.0,0.5904667055943594,Unknown/Not Researched
Thurston,Yelm,WA,98597.0,2026,KIA,EV9,Battery Electric Vehicle (BEV),Eligibility unknown as battery range has not been researched,0,2.0,PUGET SOUND ENERGY INC,0.0,1.2298029582510313,Unknown/Not Researched
King,Bellevue,WA,98006.0,2025,TESLA,MODEL X,Battery Electric Vehicle (BEV),Eligibility unknown as battery range has not been researched,0,41.0,PUGET SOUND ENERGY INC||CITY OF TACOMA - (WA),0.0,0.9101348319226953,Unknown/Not Researched
King,Enumclaw,WA,98022.0,2025,CHEVROLET,EQUINOX,Battery Electric Vehicle (BEV),Eligibility unknown as battery range has not been researched,0,31.0,PUGET SOUND ENERGY INC||CITY OF TACOMA - (WA),0.0,0.9101348319226953,Unknown/Not Researched
King,Seattle,WA,98109.0,2026,TESLA,MODEL Y,Battery Electric Vehicle (BEV),Eligibility unknown as battery range has not been researched,0,36.0,CITY OF SEATTLE - (WA)|CITY OF TACOMA - (WA),0.0,1.2298029582510313,Unknown/Not Researched
Kitsap,Port Orchard,WA,98366.0,2015,NISSAN,LEAF,Battery Electric Vehicle (BEV),Clean Alternative Fuel Vehicle Eligible,84,26.0,PUGET SOUND ENERGY INC,0.28668941979522183,-2.2865464313606636,Medium
King,Kent,WA,98031.0,2021,TESLA,MODEL 3,Battery Electric Vehicle (BEV),Eligibility unknown as battery range has not been researched,0,47.0,PUGET SOUND ENERGY INC||CITY OF TACOMA - (WA),0.0,-0.36853767339064825,Unknown/Not Researched
King,Bellevue,WA,98004.0,2015,TESLA,MODEL S,Battery Electric Vehicle (BEV),Clean Alternative Fuel Vehicle Eligible,208,48.0,PUGET SOUND ENERGY INC||CITY OF TACOMA - (WA),0.7098976109215017,-2.2865464313606636,Long
King,Redmond,WA,98052.0,2025,CADILLAC,OPTIQ,Battery Electric Vehicle (BEV),Eligibility unknown as battery range has not been researched,0,45.0,PUGET SOUND ENERGY INC||CITY OF TACOMA - (WA),0.0,0.9101348319226953,Unknown/Not Researched
Clark,Ridgefield,WA,98642.0,2023,TESLA,MODEL Y,Battery Electric Vehicle (BEV),Eligibility unknown as battery range has not been researched,0,18.0,BONNEVILLE POWER ADMINISTRATION||PUD NO 1 OF CLARK COUNTY - (WA),0.0,0.2707985792660235,Unknown/Not Researched
King,Seattle,WA,98116.0,2021,CHEVROLET,BOLT EV,Battery Electric Vehicle (BEV),Eligibility unknown as battery range has not been researched,0,34.0,CITY OF SEATTLE - (WA)|CITY OF TACOMA - (WA),0.0,-0.36853767339064825,Unknown/Not Researched
Kitsap,Bainbridge Island,WA,98110.0,2020,KIA,NIRO,Battery Electric Vehicle (BEV),Clean Alternative Fuel Vehicle Eligible,239,23.0,PUGET SOUND ENERGY INC,0.8156996587030717,-0.6882057997189841,Long
King,Seattle,WA,98146.0,2017,CHEVROLET,BOLT EV,Battery Electric Vehicle (BEV),Clean Alternative Fuel Vehicle Eligible,238,34.0,CITY OF SEATTLE - (WA)|CITY OF TACOMA - (WA),0.8122866894197952,-1.647210178703992,Long
King,Redmond,WA,98052.0,2022,TESLA,MODEL Y,Battery Electric Vehicle (BEV),Eligibility unknown as battery range has not been researched,0,45.0,PUGET SOUND ENERGY INC||CITY OF TACOMA - (WA),0.0,-0.04886954706231235,Unknown/Not Researched
King,Kirkland,WA,98034.0,2023,HYUNDAI,KONA,Battery Electric Vehicle (BEV),Eligibility unknown as battery range has not been researched,0,45.0,PUGET SOUND ENERGY INC||CITY OF TACOMA - (WA),0.0,0.2707985792660235,Unknown/Not Researched
King,Bellevue,WA,98007.0,2023,TESLA,MODEL Y,Battery Electric Vehicle (BEV),Eligibility unknown as battery range has not been researched,0,41.0,PUGET SOUND ENERGY INC||CITY OF TACOMA - (WA),0.0,0.2707985792660235,Unknown/Not Researched
King,Seattle,WA,98125.0,2024,TESLA,MODEL 3,Battery Electric Vehicle (BEV),Eligibility unknown as battery range has not been researched,0,46.0,CITY OF SEATTLE - (WA)|CITY OF TACOMA - (WA),0.0,0.5904667055943594,Unknown/Not Researched
King,Kent,WA,98031.0,2023,TESLA,MODEL Y,Battery Electric Vehicle (BEV),Eligibility unknown as battery range has not been researched,0,11.0,PUGET SOUND ENERGY INC||CITY OF TACOMA - (WA),0.0,0.2707985792660235,Unknown/Not Researched
King,Bellevue,WA,98008.0,2023,RIVIAN,R1S,Battery Electric Vehicle (BEV),Eligibility unknown as battery range has not been researched,0,48.0,PUGET SOUND ENERGY INC||CITY OF TACOMA - (WA),0.0,0.2707985792660235,Unknown/Not Researched
King,Bellevue,WA,98006.0,2026,TESLA,MODEL Y,Battery Electric Vehicle (BEV),Eligibility unknown as battery range has not been researched,0,41.0,PUGET SOUND ENERGY INC||CITY OF TACOMA - (WA),0.0,1.2298029582510313,Unknown/Not Researched
King,Seattle,WA,98109.0,2017,AUDI,A3,Plug-in Hybrid Electric Vehicle (PHEV),Not eligible due to low battery range,16,36.0,CITY OF SEATTLE - (WA)|CITY OF TACOMA - (WA),0.05460750853242321,-1.647210178703992,Short
Clark,Vancouver,WA,98665.0,2025,HYUNDAI,IONIQ 5,Battery Electric Vehicle (BEV),Eligibility unknown as battery range has not been researched,0,49.0,BONNEVILLE POWER ADMINISTRATION||PUD NO 1 OF CLARK COUNTY - (WA),0.0,0.9101348319226953,Unknown/Not Researched
Kitsap,Bainbridge Island,WA,98110.0,2018,KIA,NIRO,Plug-in Hybrid Electric Vehicle (PHEV),Not eligible due to low battery range,26,23.0,PUGET SOUND ENERGY INC,0.08873720136518772,-1.3275420523756558,Short
King,Shoreline,WA,98133.0,2021,TESLA,MODEL Y,Battery Electric Vehicle (BEV),Eligibility unknown as battery range has not been researched,0,32.0,CITY OF SEATTLE - (WA)|CITY OF TACOMA - (WA),0.0,-0.36853767339064825,Unknown/Not Researched
King,Seattle,WA,98125.0,2025,VOLKSWAGEN,ID.4,Battery Electric Vehicle (BEV),Eligibility unknown as battery range has not been researched,0,46.0,CITY OF SEATTLE - (WA)|CITY OF TACOMA - (WA),0.0,0.9101348319226953,Unknown/Not Researched
King,Seattle,WA,98104.0,2022,CHEVROLET,BOLT EV,Battery Electric Vehicle (BEV),Eligibility unknown as battery range has not been researched,0,43.0,CITY OF SEATTLE - (WA)|CITY OF TACOMA - (WA),0.0,-0.04886954706231235,Unknown/Not Researched
King,Redmond,WA,98052.0,2023,TESLA,MODEL Y,Battery Electric Vehicle (BEV),Eligibility unknown as battery range has not been researched,0,45.0,PUGET SOUND ENERGY INC||CITY OF TACOMA - (WA),0.0,0.2707985792660235,Unknown/Not Researched
Kitsap,Bainbridge Island,WA,98110.0,2022,TESLA,MODEL Y,Battery Electric Vehicle (BEV),Eligibility unknown as battery range has not been researched,0,23.0,PUGET SOUND ENERGY INC,0.0,-0.04886954706231235,Unknown/Not Researched
King,Seattle,WA,98122.0,2020,HYUNDAI,KONA,Battery Electric Vehicle (BEV),Clean Alternative Fuel Vehicle Eligible,258,37.0,CITY OF SEATTLE - (WA)|CITY OF TACOMA - (WA),0.8805460750853242,-0.6882057997189841,Long
King,Seattle,WA,98122.0,2017,FORD,C-MAX,Plug-in Hybrid Electric Vehicle (PHEV),Not eligible due to low battery range,20,43.0,CITY OF SEATTLE - (WA)|CITY OF TACOMA - (WA),0.06825938566552901,-1.647210178703992,Short
Thurston,Lacey,WA,98503.0,2019,BMW,530E,Plug-in Hybrid Electric Vehicle (PHEV),Not eligible due to low battery range,15,22.0,PUGET SOUND ENERGY INC,0.051194539249146756,-1.00787392604732,Short
King,Sammamish,WA,98074.0,2026,TESLA,MODEL Y,Battery Electric Vehicle (BEV),Eligibility unknown as battery range has not been researched,0,45.0,PUGET SOUND ENERGY INC||CITY OF TACOMA - (WA),0.0,1.2298029582510313,Unknown/Not Researched
King,Kirkland,WA,98033.0,2023,TESLA,MODEL 3,Battery Electric Vehicle (BEV),Eligibility unknown as battery range has not been researched,0,48.0,PUGET SOUND ENERGY INC||CITY OF TACOMA - (WA),0.0,0.2707985792660235,Unknown/Not Researched
King,Redmond,WA,98052.0,2026,LUCID,GRAVITY,Battery Electric Vehicle (BEV),Eligibility unknown as battery range has not been researched,0,45.0,PUGET SOUND ENERGY INC||CITY OF TACOMA - (WA),0.0,1.2298029582510313,Unknown/Not Researched
King,Renton,WA,98056.0,2026,TESLA,MODEL Y,Battery Electric Vehicle (BEV),Eligibility unknown as battery range has not been researched,0,41.0,PUGET SOUND ENERGY INC||CITY OF TACOMA - (WA),0.0,1.2298029582510313,Unknown/Not Researched
King,Kent,WA,98030.0,2019,TESLA,MODEL 3,Battery Electric Vehicle (BEV),Clean Alternative Fuel Vehicle Eligible,220,47.0,PUGET SOUND ENERGY INC||CITY OF TACOMA - (WA),0.7508532423208191,-1.00787392604732,Long
King,Kirkland,WA,98034.0,2026,TESLA,MODEL Y,Battery Electric Vehicle (BEV),Eligibility unknown as battery range has not been researched,0,45.0,PUGET SOUND ENERGY INC||CITY OF TACOMA - (WA),0.0,1.2298029582510313,Unknown/Not Researched
Clark,Vancouver,WA,98664.0,2017,BMW,X5,Plug-in Hybrid Electric Vehicle (PHEV),Not eligible due to low battery range,14,49.0,BONNEVILLE POWER ADMINISTRATION||PUD NO 1 OF CLARK COUNTY - (WA),0.04778156996587031,-1.647210178703992,Short
King,Bellevue,WA,98008.0,2023,BMW,X5,Plug-in Hybrid Electric Vehicle (PHEV),Clean Alternative Fuel Vehicle Eligible,30,48.0,PUGET SOUND ENERGY INC||CITY OF TACOMA - (WA),0.10238907849829351,0.2707985792660235,Short
King,Kirkland,WA,98034.0,2022,TESLA,MODEL X,Battery Electric Vehicle (BEV),Eligibility unknown as battery range has not been researched,0,45.0,PUGET SOUND ENERGY INC||CITY OF TACOMA - (WA),0.0,-0.04886954706231235,Unknown/Not Researched
Kitsap,Bainbridge Island,WA,98110.0,2024,FORD,F-150,Battery Electric Vehicle (BEV),Eligibility unknown as battery range has not been researched,0,23.0,PUGET SOUND ENERGY INC,0.0,0.5904667055943594,Unknown/Not Researched
King,Seattle,WA,98108.0,2020,AUDI,Q5 E,Plug-in Hybrid Electric Vehicle (PHEV),Not eligible due to low battery range,20,11.0,CITY OF SEATTLE - (WA)|CITY OF TACOMA - (WA),0.06825938566552901,-0.6882057997189841,Short
King,Bellevue,WA,98007.0,2025,TESLA,MODEL Y,Battery Electric Vehicle (BEV),Eligibility unknown as battery range has not been researched,0,48.0,PUGET SOUND ENERGY INC||CITY OF TACOMA - (WA),0.0,0.9101348319226953,Unknown/Not Researched
Clark,Vancouver,WA,98682.0,2023,BMW,I4,Battery Electric Vehicle (BEV),Eligibility unknown as battery range has not been researched,0,17.0,BONNEVILLE POWER ADMINISTRATION||PUD NO 1 OF CLARK COUNTY - (WA),0.0,0.2707985792660235,Unknown/Not Researched
King,Seattle,WA,98103.0,2022,NISSAN,LEAF,Battery Electric Vehicle (BEV),Eligibility unknown as battery range has not been researched,0,43.0,CITY OF SEATTLE - (WA)|CITY OF TACOMA - (WA),0.0,-0.04886954706231235,Unknown/Not Researched
King,Kirkland,WA,98033.0,2024,BMW,X5,Plug-in Hybrid Electric Vehicle (PHEV),Clean Alternative Fuel Vehicle Eligible,39,48.0,PUGET SOUND ENERGY INC||CITY OF TACOMA - (WA),0.13310580204778158,0.5904667055943594,Short
King,Kirkland,WA,98033.0,2023,TESLA,MODEL S,Battery Electric Vehicle (BEV),Eligibility unknown as battery range has not been researched,0,48.0,PUGET SOUND ENERGY INC||CITY OF TACOMA - (WA),0.0,0.2707985792660235,Unknown/Not Researched
Snohomish,Lynnwood,WA,98087.0,2025,AUDI,Q5 E,Plug-in Hybrid Electric Vehicle (PHEV),Not eligible due to low battery range,23,21.0,PUGET SOUND ENERGY INC,0.07849829351535836,0.9101348319226953,Short
Jefferson,Port Townsend,WA,98368.0,2015,NISSAN,LEAF,Battery Electric Vehicle (BEV),Clean Alternative Fuel Vehicle Eligible,84,24.0,BONNEVILLE POWER ADMINISTRATION||PUGET SOUND ENERGY INC||PUD NO 1 OF JEFFERSON COUNTY,0.28668941979522183,-2.2865464313606636,Medium
King,Redmond,WA,98052.0,2024,TESLA,MODEL 3,Battery Electric Vehicle (BEV),Eligibility unknown as battery range has not been researched,0,45.0,PUGET SOUND ENERGY INC||CITY OF TACOMA - (WA),0.0,0.5904667055943594,Unknown/Not Researched
King,Kirkland,WA,98034.0,2022,AUDI,Q4,Battery Electric Vehicle (BEV),Eligibility unknown as battery range has not been researched,0,45.0,PUGET SOUND ENERGY INC||CITY OF TACOMA - (WA),0.0,-0.04886954706231235,Unknown/Not Researched
King,Burien,WA,98166.0,2023,RIVIAN,R1S,Battery Electric Vehicle (BEV),Eligibility unknown as battery range has not been researched,0,34.0,PUGET SOUND ENERGY INC||CITY OF TACOMA - (WA),0.0,0.2707985792660235,Unknown/Not Researched
King,Redmond,WA,98052.0,2026,TESLA,MODEL Y,Battery Electric Vehicle (BEV),Eligibility unknown as battery range has not been researched,0,45.0,PUGET SOUND ENERGY INC||CITY OF TACOMA - (WA),0.0,1.2298029582510313,Unknown/Not Researched
King,Seattle,WA,98178.0,2026,TESLA,MODEL Y,Battery Electric Vehicle (BEV),Eligibility unknown as battery range has not been researched,0,37.0,CITY OF SEATTLE - (WA)|CITY OF TACOMA - (WA),0.0,1.2298029582510313,Unknown/Not Researched
Snohomish,Everett,WA,98208.0,2025,FORD,MUSTANG MACH-E,Battery Electric Vehicle (BEV),Eligibility unknown as battery range has not been researched,0,44.0,PUGET SOUND ENERGY INC,0.0,0.9101348319226953,Unknown/Not Researched
King,Kirkland,WA,98033.0,2026,HYUNDAI,IONIQ 9,Battery Electric Vehicle (BEV),Eligibility unknown as battery range has not been researched,0,48.0,PUGET SOUND ENERGY INC||CITY OF TACOMA - (WA),0.0,1.2298029582510313,Unknown/Not Researched
King,Seattle,WA,98115.0,2021,TESLA,MODEL Y,Battery Electric Vehicle (BEV),Eligibility unknown as battery range has not been researched,0,46.0,CITY OF SEATTLE - (WA)|CITY OF TACOMA - (WA),0.0,-0.36853767339064825,Unknown/Not Researched
Clark,Vancouver,WA,98660.0,2023,RIVIAN,R1S,Battery Electric Vehicle (BEV),Eligibility unknown as battery range has not been researched,0,49.0,BONNEVILLE POWER ADMINISTRATION||PUD NO 1 OF CLARK COUNTY - (WA),0.0,0.2707985792660235,Unknown/Not Researched
King,Seattle,WA,98144.0,2019,KIA,NIRO,Battery Electric Vehicle (BEV),Clean Alternative Fuel Vehicle Eligible,239,11.0,CITY OF SEATTLE - (WA)|CITY OF TACOMA - (WA),0.8156996587030717,-1.00787392604732,Long
King,Seattle,WA,98133.0,2024,VOLVO,V60,Plug-in Hybrid Electric Vehicle (PHEV),Clean Alternative Fuel Vehicle Eligible,41,32.0,CITY OF SEATTLE - (WA)|CITY OF TACOMA - (WA),0.13993174061433447,0.5904667055943594,Short
King,Redmond,WA,98052.0,2018,TESLA,MODEL 3,Battery Electric Vehicle (BEV),Clean Alternative Fuel Vehicle Eligible,215,45.0,PUGET SOUND ENERGY INC||CITY OF TACOMA - (WA),0.7337883959044369,-1.3275420523756558,Long
King,Bellevue,WA,98005.0,2024,TESLA,MODEL Y,Battery Electric Vehicle (BEV),Eligibility unknown as battery range has not been researched,0,48.0,PUGET SOUND ENERGY INC||CITY OF TACOMA - (WA),0.0,0.5904667055943594,Unknown/Not Researched
King,Seattle,WA,98199.0,2022,NISSAN,LEAF,Battery Electric Vehicle (BEV),Eligibility unknown as battery range has not been researched,0,36.0,CITY OF SEATTLE - (WA)|CITY OF TACOMA - (WA),0.0,-0.04886954706231235,Unknown/Not Researched
King,Kirkland,WA,98033.0,2020,TESLA,MODEL X,Battery Electric Vehicle (BEV),Clean Alternative Fuel Vehicle Eligible,293,48.0,PUGET SOUND ENERGY INC||CITY OF TACOMA - (WA),1.0,-0.6882057997189841,Long
King,Seattle,WA,98125.0,2026,TESLA,MODEL Y,Battery Electric Vehicle (BEV),Eligibility unknown as battery range has not been researched,0,46.0,CITY OF SEATTLE - (WA)|CITY OF TACOMA - (WA),0.0,1.2298029582510313,Unknown/Not Researched
King,Bellevue,WA,98008.0,2021,TESLA,MODEL Y,Battery Electric Vehicle (BEV),Eligibility unknown as battery range has not been researched,0,48.0,PUGET SOUND ENERGY INC||CITY OF TACOMA - (WA),0.0,-0.36853767339064825,Unknown/Not Researched
King,Auburn,WA,98092.0,2022,TESLA,MODEL Y,Battery Electric Vehicle (BEV),Eligibility unknown as battery range has not been researched,0,47.0,PUGET SOUND ENERGY INC||CITY OF TACOMA - (WA),0.0,-0.04886954706231235,Unknown/Not Researched
King,Woodinville,WA,98072.0,2022,TESLA,MODEL 3,Battery Electric Vehicle (BEV),Eligibility unknown as battery range has not been researched,0,45.0,PUGET SOUND ENERGY INC||CITY OF TACOMA - (WA),0.0,-0.04886954706231235,Unknown/Not Researched
King,Seattle,WA,98122.0,2021,TESLA,MODEL 3,Battery Electric Vehicle (BEV),Eligibility unknown as battery range has not been researched,0,43.0,CITY OF SEATTLE - (WA)|CITY OF TACOMA - (WA),0.0,-0.36853767339064825,Unknown/Not Researched
King,Bellevue,WA,98006.0,2025,VOLVO,EX30,Battery Electric Vehicle (BEV),Eligibility unknown as battery range has not been researched,0,41.0,PUGET SOUND ENERGY INC||CITY OF TACOMA - (WA),0.0,0.9101348319226953,Unknown/Not Researched
King,Des Moines,WA,98198.0,2024,TESLA,MODEL Y,Battery Electric Vehicle (BEV),Eligibility unknown as battery range has not been researched,0,30.0,PUGET SOUND ENERGY INC||CITY OF TACOMA - (WA),0.0,0.5904667055943594,Unknown/Not Researched
King,Bellevue,WA,98008.0,2026,TESLA,MODEL 3,Battery Electric Vehicle (BEV),Eligibility unknown as battery range has not been researched,0,48.0,PUGET SOUND ENERGY INC||CITY OF TACOMA - (WA),0.0,1.2298029582510313,Unknown/Not Researched
King,Sammamish,WA,98075.0,2023,TESLA,MODEL Y,Battery Electric Vehicle (BEV),Eligibility unknown as battery range has not been researched,0,41.0,PUGET SOUND ENERGY INC||CITY OF TACOMA - (WA),0.0,0.2707985792660235,Unknown/Not Researched
King,Kirkland,WA,98033.0,2023,FORD,F-150,Battery Electric Vehicle (BEV),Eligibility unknown as battery range has not been researched,0,48.0,PUGET SOUND ENERGY INC||CITY OF TACOMA - (WA),0.0,0.2707985792660235,Unknown/Not Researched
King,Renton,WA,98058.0,2018,TESLA,MODEL 3,Battery Electric Vehicle (BEV),Clean Alternative Fuel Vehicle Eligible,215,11.0,PUGET SOUND ENERGY INC||CITY OF TACOMA - (WA),0.7337883959044369,-1.3275420523756558,Long
King,Bellevue,WA,98004.0,2017,TESLA,MODEL X,Battery Electric Vehicle (BEV),Clean Alternative Fuel Vehicle Eligible,200,41.0,PUGET SOUND ENERGY INC||CITY OF TACOMA - (WA),0.6825938566552902,-1.647210178703992,Long
Thurston,Yelm,WA,98597.0,2024,FIAT,500E,Battery Electric Vehicle (BEV),Eligibility unknown as battery range has not been researched,0,2.0,PUGET SOUND ENERGY INC,0.0,0.5904667055943594,Unknown/Not Researched
King,North Bend,WA,98045.0,2023,VOLKSWAGEN,ID.4,Battery Electric Vehicle (BEV),Eligibility unknown as battery range has not been researched,0,5.0,PUGET SOUND ENERGY INC||CITY OF TACOMA - (WA),0.0,0.2707985792660235,Unknown/Not Researched
Thurston,Olympia,WA,98501.0,2024,HYUNDAI,IONIQ 5,Battery Electric Vehicle (BEV),Eligibility unknown as battery range has not been researched,0,35.0,PUGET SOUND ENERGY INC,0.0,0.5904667055943594,Unknown/Not Researched
Kitsap,Poulsbo,WA,98370.0,2023,CHEVROLET,BOLT EUV,Battery Electric Vehicle (BEV),Eligibility unknown as battery range has not been researched,0,23.0,PUGET SOUND ENERGY INC,0.0,0.2707985792660235,Unknown/Not Researched
King,Kirkland,WA,98034.0,2026,TESLA,MODEL 3,Battery Electric Vehicle (BEV),Eligibility unknown as battery range has not been researched,0,45.0,PUGET SOUND ENERGY INC||CITY OF TACOMA - (WA),0.0,1.2298029582510313,Unknown/Not Researched
King,Kirkland,WA,98034.0,2024,TOYOTA,BZ4X,Battery Electric Vehicle (BEV),Eligibility unknown as battery range has not been researched,0,1.0,PUGET SOUND ENERGY INC||CITY OF TACOMA - (WA),0.0,0.5904667055943594,Unknown/Not Researched
King,Mercer Island,WA,98040.0,2022,TESLA,MODEL Y,Battery Electric Vehicle (BEV),Eligibility unknown as battery range has not been researched,0,41.0,PUGET SOUND ENERGY INC||CITY OF TACOMA - (WA),0.0,-0.04886954706231235,Unknown/Not Researched
King,Kirkland,WA,98033.0,2018,TESLA,MODEL 3,Battery Electric Vehicle (BEV),Clean Alternative Fuel Vehicle Eligible,215,48.0,PUGET SOUND ENERGY INC||CITY OF TACOMA - (WA),0.7337883959044369,-1.3275420523756558,Long
King,Burien,WA,98146.0,2025,VOLVO,EX30,Battery Electric Vehicle (BEV),Eligibility unknown as battery range has not been researched,0,34.0,CITY OF SEATTLE - (WA)|CITY OF TACOMA - (WA),0.0,0.9101348319226953,Unknown/Not Researched
Thurston,Olympia,WA,98512.0,2022,JEEP,WRANGLER,Plug-in Hybrid Electric Vehicle (PHEV),Not eligible due to low battery range,22,35.0,PUGET SOUND ENERGY INC,0.07508532423208192,-0.04886954706231235,Short
King,Seattle,WA,98146.0,2024,CHEVROLET,EQUINOX,Battery Electric Vehicle (BEV),Eligibility unknown as battery range has not been researched,0,34.0,CITY OF SEATTLE - (WA)|CITY OF TACOMA - (WA),0.0,0.5904667055943594,Unknown/Not Researched
King,Snoqualmie,WA,98065.0,2018,BMW,I3,Battery Electric Vehicle (BEV),Clean Alternative Fuel Vehicle Eligible,114,5.0,PUGET SOUND ENERGY INC||CITY OF TACOMA - (WA),0.3890784982935154,-1.3275420523756558,Medium
Clark,Battle Ground,WA,98604.0,2025,TESLA,MODEL 3,Battery Electric Vehicle (BEV),Eligibility unknown as battery range has not been researched,0,17.0,BONNEVILLE POWER ADMINISTRATION||PUD NO 1 OF CLARK COUNTY - (WA),0.0,0.9101348319226953,Unknown/Not Researched
King,Sammamish,WA,98075.0,2026,RIVIAN,R1S,Battery Electric Vehicle (BEV),Eligibility unknown as battery range has not been researched,0,41.0,PUGET SOUND ENERGY INC||CITY OF TACOMA - (WA),0.0,1.2298029582510313,Unknown/Not Researched
King,Kirkland,WA,98034.0,2024,TESLA,MODEL Y,Battery Electric Vehicle (BEV),Eligibility unknown as battery range has not been researched,0,45.0,PUGET SOUND ENERGY INC||CITY OF TACOMA - (WA),0.0,0.5904667055943594,Unknown/Not Researched
King,Newcastle,WA,98059.0,2023,TESLA,MODEL X,Battery Electric Vehicle (BEV),Eligibility unknown as battery range has not been researched,0,41.0,PUGET SOUND ENERGY INC||CITY OF TACOMA - (WA),0.0,0.2707985792660235,Unknown/Not Researched
King,Kirkland,WA,98033.0,2023,TESLA,MODEL Y,Battery Electric Vehicle (BEV),Eligibility unknown as battery range has not been researched,0,48.0,PUGET SOUND ENERGY INC||CITY OF TACOMA - (WA),0.0,0.2707985792660235,Unknown/Not Researched
King,Seattle,WA,98125.0,2022,TESLA,MODEL 3,Battery Electric Vehicle (BEV),Eligibility unknown as battery range has not been researched,0,46.0,CITY OF SEATTLE - (WA)|CITY OF TACOMA - (WA),0.0,-0.04886954706231235,Unknown/Not Researched
King,Seattle,WA,98178.0,2025,TESLA,MODEL 3,Battery Electric Vehicle (BEV),Eligibility unknown as battery range has not been researched,0,37.0,PUGET SOUND ENERGY INC||CITY OF TACOMA - (WA),0.0,0.9101348319226953,Unknown/Not Researched
King,Woodinville,WA,98072.0,2023,TESLA,MODEL Y,Battery Electric Vehicle (BEV),Eligibility unknown as battery range has not been researched,0,45.0,PUGET SOUND ENERGY INC||CITY OF TACOMA - (WA),0.0,0.2707985792660235,Unknown/Not Researched
Snohomish,Monroe,WA,98272.0,2021,TESLA,MODEL Y,Battery Electric Vehicle (BEV),Eligibility unknown as battery range has not been researched,0,39.0,PUGET SOUND ENERGY INC,0.0,-0.36853767339064825,Unknown/Not Researched
Clark,Vancouver,WA,98682.0,2019,NISSAN,LEAF,Battery Electric Vehicle (BEV),Clean Alternative Fuel Vehicle Eligible,150,17.0,BONNEVILLE POWER ADMINISTRATION||PUD NO 1 OF CLARK COUNTY - (WA),0.5119453924914675,-1.00787392604732,Medium
King,Seattle,WA,98146.0,2023,HYUNDAI,IONIQ 5,Battery Electric Vehicle (BEV),Eligibility unknown as battery range has not been researched,0,34.0,CITY OF SEATTLE - (WA)|CITY OF TACOMA - (WA),0.0,0.2707985792660235,Unknown/Not Researched
Yakima,Selah,WA,98942.0,2021,TESLA,MODEL Y,Battery Electric Vehicle (BEV),Eligibility unknown as battery range has not been researched,0,15.0,PACIFICORP,0.0,-0.36853767339064825,Unknown/Not Researched
King,Redmond,WA,98052.0,2026,MAZDA,CX-70,Plug-in Hybrid Electric Vehicle (PHEV),Clean Alternative Fuel Vehicle Eligible,32,45.0,PUGET SOUND ENERGY INC||CITY OF TACOMA - (WA),0.10921501706484642,1.2298029582510313,Short
King,Bothell,WA,98011.0,2023,CHEVROLET,BOLT EV,Battery Electric Vehicle (BEV),Eligibility unknown as battery range has not been researched,0,1.0,PUGET SOUND ENERGY INC||CITY OF TACOMA - (WA),0.0,0.2707985792660235,Unknown/Not Researched
King,Sammamish,WA,98074.0,2020,TESLA,MODEL X,Battery Electric Vehicle (BEV),Clean Alternative Fuel Vehicle Eligible,293,45.0,PUGET SOUND ENERGY INC||CITY OF TACOMA - (WA),1.0,-0.6882057997189841,Long
King,Redmond,WA,98052.0,2023,TESLA,MODEL Y,Battery Electric Vehicle (BEV),Eligibility unknown as battery range has not been researched,0,48.0,PUGET SOUND ENERGY INC||CITY OF TACOMA - (WA),0.0,0.2707985792660235,Unknown/Not Researched
Snohomish,Mukilteo,WA,98275.0,2025,RIVIAN,R1S,Battery Electric Vehicle (BEV),Eligibility unknown as battery range has not been researched,0,21.0,PUGET SOUND ENERGY INC,0.0,0.9101348319226953,Unknown/Not Researched
King,Kirkland,WA,98034.0,2019,MINI,COUNTRYMAN,Plug-in Hybrid Electric Vehicle (PHEV),Not eligible due to low battery range,12,45.0,PUGET SOUND ENERGY INC||CITY OF TACOMA - (WA),0.040955631399317405,-1.00787392604732,Short
King,Kirkland,WA,98033.0,2021,TOYOTA,RAV4 PRIME (PHEV),Plug-in Hybrid Electric Vehicle (PHEV),Clean Alternative Fuel Vehicle Eligible,42,45.0,PUGET SOUND ENERGY INC||CITY OF TACOMA - (WA),0.14334470989761092,-0.36853767339064825,Short
Thurston,Yelm,WA,98597.0,2025,RIVIAN,R1T,Battery Electric Vehicle (BEV),Eligibility unknown as battery range has not been researched,0,2.0,PUGET SOUND ENERGY INC,0.0,0.9101348319226953,Unknown/Not Researched
King,Bellevue,WA,98006.0,2022,FORD,F-150,Battery Electric Vehicle (BEV),Eligibility unknown as battery range has not been researched,0,41.0,PUGET SOUND ENERGY INC||CITY OF TACOMA - (WA),0.0,-0.04886954706231235,Unknown/Not Researched
King,Seattle,WA,98109.0,2018,BMW,I3,Battery Electric Vehicle (BEV),Clean Alternative Fuel Vehicle Eligible,114,36.0,CITY OF SEATTLE - (WA)|CITY OF TACOMA - (WA),0.3890784982935154,-1.3275420523756558,Medium
King,Seattle,WA,98106.0,2017,CHEVROLET,VOLT,Plug-in Hybrid Electric Vehicle (PHEV),Clean Alternative Fuel Vehicle Eligible,53,34.0,CITY OF SEATTLE - (WA)|CITY OF TACOMA - (WA),0.18088737201365188,-1.647210178703992,Medium
King,Shoreline,WA,98133.0,2024,ALFA ROMEO,TONALE,Plug-in Hybrid Electric Vehicle (PHEV),Clean Alternative Fuel Vehicle Eligible,33,32.0,CITY OF SEATTLE - (WA)|CITY OF TACOMA - (WA),0.11262798634812286,0.5904667055943594,Short
King,Kent,WA,98031.0,2024,TESLA,MODEL Y,Battery Electric Vehicle (BEV),Eligibility unknown as battery range has not been researched,0,47.0,PUGET SOUND ENERGY INC||CITY OF TACOMA - (WA),0.0,0.5904667055943594,Unknown/Not Researched
King,Seattle,WA,98125.0,2026,TESLA,MODEL Y,Battery Electric Vehicle (BEV),Eligibility unknown as battery range has not been researched,0,46.0,CITY OF SEATTLE - (WA)|CITY OF TACOMA - (WA),0.0,1.2298029582510313,Unknown/Not Researched
Clark,Vancouver,WA,98685.0,2020,TESLA,MODEL X,Battery Electric Vehicle (BEV),Clean Alternative Fuel Vehicle Eligible,293,18.0,BONNEVILLE POWER ADMINISTRATION||PUD NO 1 OF CLARK COUNTY - (WA),1.0,-0.6882057997189841,Long
King,Redmond,WA,98052.0,2023,FORD,MUSTANG MACH-E,Battery Electric Vehicle (BEV),Eligibility unknown as battery range has not been researched,0,45.0,PUGET SOUND ENERGY INC||CITY OF TACOMA - (WA),0.0,0.2707985792660235,Unknown/Not Researched
King,Shoreline,WA,98133.0,2013,NISSAN,LEAF,Battery Electric Vehicle (BEV),Clean Alternative Fuel Vehicle Eligible,75,32.0,CITY OF SEATTLE - (WA)|CITY OF TACOMA - (WA),0.25597269624573377,-2.9258826840173353,Medium
Clark,La Center,WA,98629.0,2023,TESLA,MODEL Y,Battery Electric Vehicle (BEV),Eligibility unknown as battery range has not been researched,0,18.0,BONNEVILLE POWER ADMINISTRATION||PUD NO 1 OF CLARK COUNTY - (WA),0.0,0.2707985792660235,Unknown/Not Researched
King,Kirkland,WA,98034.0,2026,TOYOTA,BZ,Battery Electric Vehicle (BEV),Eligibility unknown as battery range has not been researched,0,45.0,PUGET SOUND ENERGY INC||CITY OF TACOMA - (WA),0.0,1.2298029582510313,Unknown/Not Researched
Yakima,Yakima,WA,98908.0,2021,TESLA,MODEL 3,Battery Electric Vehicle (BEV),Eligibility unknown as battery range has not been researched,0,14.0,PACIFICORP,0.0,-0.36853767339064825,Unknown/Not Researched
Thurston,Olympia,WA,98501.0,2023,FORD,F-150,Battery Electric Vehicle (BEV),Eligibility unknown as battery range has not been researched,0,22.0,PUGET SOUND ENERGY INC,0.0,0.2707985792660235,Unknown/Not Researched
King,Newcastle,WA,98059.0,2023,TESLA,MODEL 3,Battery Electric Vehicle (BEV),Eligibility unknown as battery range has not been researched,0,41.0,PUGET SOUND ENERGY INC||CITY OF TACOMA - (WA),0.0,0.2707985792660235,Unknown/Not Researched
King,Newcastle,WA,98059.0,2018,TESLA,MODEL 3,Battery Electric Vehicle (BEV),Clean Alternative Fuel Vehicle Eligible,215,41.0,PUGET SOUND ENERGY INC||CITY OF TACOMA - (WA),0.7337883959044369,-1.3275420523756558,Long
Jefferson,Port Townsend,WA,98368.0,2022,KIA,NIRO,Battery Electric Vehicle (BEV),Eligibility unknown as battery range has not been researched,0,24.0,BONNEVILLE POWER ADMINISTRATION||PUGET SOUND ENERGY INC||PUD NO 1 OF JEFFERSON COUNTY,0.0,-0.04886954706231235,Unknown/Not Researched
King,Seattle,WA,98103.0,2018,TOYOTA,PRIUS PRIME (PHEV),Plug-in Hybrid Electric Vehicle (PHEV),Not eligible due to low battery range,25,46.0,CITY OF SEATTLE - (WA)|CITY OF TACOMA - (WA),0.08532423208191127,-1.3275420523756558,Short
King,Seattle,WA,98125.0,2017,NISSAN,LEAF,Battery Electric Vehicle (BEV),Clean Alternative Fuel Vehicle Eligible,107,46.0,CITY OF SEATTLE - (WA)|CITY OF TACOMA - (WA),0.3651877133105802,-1.647210178703992,Medium
King,Seattle,WA,98146.0,2025,KIA,EV6,Battery Electric Vehicle (BEV),Eligibility unknown as battery range has not been researched,0,34.0,CITY OF SEATTLE - (WA)|CITY OF TACOMA - (WA),0.0,0.9101348319226953,Unknown/Not Researched
King,Bellevue,WA,98005.0,2026,CADILLAC,VISTIQ,Battery Electric Vehicle (BEV),Eligibility unknown as battery range has not been researched,0,48.0,PUGET SOUND ENERGY INC||CITY OF TACOMA - (WA),0.0,1.2298029582510313,Unknown/Not Researched
Clark,Vancouver,WA,98684.0,2013,CHEVROLET,VOLT,Plug-in Hybrid Electric Vehicle (PHEV),Clean Alternative Fuel Vehicle Eligible,38,17.0,BONNEVILLE POWER ADMINISTRATION||PUD NO 1 OF CLARK COUNTY - (WA),0.1296928327645051,-2.9258826840173353,Short
King,Bellevue,WA,98008.0,2024,HYUNDAI,IONIQ 5,Battery Electric Vehicle (BEV),Eligibility unknown as battery range has not been researched,0,48.0,PUGET SOUND ENERGY INC||CITY OF TACOMA - (WA),0.0,0.5904667055943594,Unknown/Not Researched
King,Seattle,WA,98122.0,2019,CHEVROLET,BOLT EV,Battery Electric Vehicle (BEV),Clean Alternative Fuel Vehicle Eligible,238,37.0,CITY OF SEATTLE - (WA)|CITY OF TACOMA - (WA),0.8122866894197952,-1.00787392604732,Long
King,Renton,WA,98058.0,2023,TOYOTA,RAV4 PRIME (PHEV),Plug-in Hybrid Electric Vehicle (PHEV),Clean Alternative Fuel Vehicle Eligible,42,11.0,PUGET SOUND ENERGY INC||CITY OF TACOMA - (WA),0.14334470989761092,0.2707985792660235,Short
King,Seattle,WA,98133.0,2018,CHEVROLET,VOLT,Plug-in Hybrid Electric Vehicle (PHEV),Clean Alternative Fuel Vehicle Eligible,53,46.0,CITY OF SEATTLE - (WA)|CITY OF TACOMA - (WA),0.18088737201365188,-1.3275420523756558,Medium
Kitsap,Bremerton,WA,98311.0,2020,VOLVO,XC90,Plug-in Hybrid Electric Vehicle (PHEV),Not eligible due to low battery range,18,23.0,PUGET SOUND ENERGY INC,0.06143344709897611,-0.6882057997189841,Short
King,Kirkland,WA,98034.0,2020,CHEVROLET,BOLT EV,Battery Electric Vehicle (BEV),Clean Alternative Fuel Vehicle Eligible,259,1.0,PUGET SOUND ENERGY INC||CITY OF TACOMA - (WA),0.8839590443686007,-0.6882057997189841,Long
King,Bothell,WA,98011.0,2023,TESLA,MODEL Y,Battery Electric Vehicle (BEV),Eligibility unknown as battery range has not been researched,0,1.0,PUGET SOUND ENERGY INC||CITY OF TACOMA - (WA),0.0,0.2707985792660235,Unknown/Not Researched
King,Bellevue,WA,98004.0,2024,TESLA,MODEL Y,Battery Electric Vehicle (BEV),Eligibility unknown as battery range has not been researched,0,48.0,PUGET SOUND ENERGY INC||CITY OF TACOMA - (WA),0.0,0.5904667055943594,Unknown/Not Researched
Jefferson,Port Townsend,WA,98368.0,2023,CHEVROLET,BOLT EUV,Battery Electric Vehicle (BEV),Eligibility unknown as battery range has not been researched,0,24.0,BONNEVILLE POWER ADMINISTRATION||PUGET SOUND ENERGY INC||PUD NO 1 OF JEFFERSON COUNTY,0.0,0.2707985792660235,Unknown/Not Researched
King,Seattle,WA,98125.0,2021,TESLA,MODEL 3,Battery Electric Vehicle (BEV),Eligibility unknown as battery range has not been researched,0,46.0,CITY OF SEATTLE - (WA)|CITY OF TACOMA - (WA),0.0,-0.36853767339064825,Unknown/Not Researched
King,Bellevue,WA,98006.0,2018,TESLA,MODEL S,Battery Electric Vehicle (BEV),Clean Alternative Fuel Vehicle Eligible,249,41.0,PUGET SOUND ENERGY INC||CITY OF TACOMA - (WA),0.8498293515358362,-1.3275420523756558,Long
King,Seattle,WA,98133.0,2026,RIVIAN,R1S,Battery Electric Vehicle (BEV),Eligibility unknown as battery range has not been researched,0,32.0,CITY OF SEATTLE - (WA)|CITY OF TACOMA - (WA),0.0,1.2298029582510313,Unknown/Not Researched
Snohomish,Edmonds,WA,98026.0,2024,HYUNDAI,TUCSON,Plug-in Hybrid Electric Vehicle (PHEV),Clean Alternative Fuel Vehicle Eligible,33,21.0,PUGET SOUND ENERGY INC,0.11262798634812286,0.5904667055943594,Short
King,Kirkland,WA,98033.0,2023,HYUNDAI,KONA,Battery Electric Vehicle (BEV),Eligibility unknown as battery range has not been researched,0,45.0,PUGET SOUND ENERGY INC||CITY OF TACOMA - (WA),0.0,0.2707985792660235,Unknown/Not Researched
King,Seattle,WA,98125.0,2021,CHEVROLET,BOLT EV,Battery Electric Vehicle (BEV),Eligibility unknown as battery range has not been researched,0,46.0,PUGET SOUND ENERGY INC||CITY OF TACOMA - (WA),0.0,-0.36853767339064825,Unknown/Not Researched
King,Kent,WA,98030.0,2016,NISSAN,LEAF,Battery Electric Vehicle (BEV),Clean Alternative Fuel Vehicle Eligible,84,47.0,PUGET SOUND ENERGY INC||CITY OF TACOMA - (WA),0.28668941979522183,-1.9668783050323277,Medium
King,Kenmore,WA,98028.0,2018,CHRYSLER,PACIFICA,Plug-in Hybrid Electric Vehicle (PHEV),Clean Alternative Fuel Vehicle Eligible,33,46.0,PUGET SOUND ENERGY INC||CITY OF TACOMA - (WA),0.11262798634812286,-1.3275420523756558,Short
King,Renton,WA,98059.0,2023,TOYOTA,RAV4 PRIME (PHEV),Plug-in Hybrid Electric Vehicle (PHEV),Clean Alternative Fuel Vehicle Eligible,42,11.0,PUGET SOUND ENERGY INC||CITY OF TACOMA - (WA),0.14334470989761092,0.2707985792660235,Short
King,Newcastle,WA,98056.0,2026,TESLA,MODEL Y,Battery Electric Vehicle (BEV),Eligibility unknown as battery range has not been researched,0,41.0,PUGET SOUND ENERGY INC||CITY OF TACOMA - (WA),0.0,1.2298029582510313,Unknown/Not Researched
Clark,Vancouver,WA,98682.0,2023,TOYOTA,RAV4 PRIME (PHEV),Plug-in Hybrid Electric Vehicle (PHEV),Clean Alternative Fuel Vehicle Eligible,42,17.0,BONNEVILLE POWER ADMINISTRATION||PUD NO 1 OF CLARK COUNTY - (WA),0.14334470989761092,0.2707985792660235,Short
King,Bellevue,WA,98006.0,2023,TESLA,MODEL X,Battery Electric Vehicle (BEV),Eligibility unknown as battery range has not been researched,0,41.0,PUGET SOUND ENERGY INC||CITY OF TACOMA - (WA),0.0,0.2707985792660235,Unknown/Not Researched
King,Redmond,WA,98052.0,2020,TESLA,MODEL X,Battery Electric Vehicle (BEV),Clean Alternative Fuel Vehicle Eligible,293,48.0,PUGET SOUND ENERGY INC||CITY OF TACOMA - (WA),1.0,-0.6882057997189841,Long
King,Seattle,WA,98178.0,2024,TESLA,MODEL 3,Battery Electric Vehicle (BEV),Eligibility unknown as battery range has not been researched,0,37.0,CITY OF SEATTLE - (WA)|CITY OF TACOMA - (WA),0.0,0.5904667055943594,Unknown/Not Researched
King,Kent,WA,98031.0,2015,NISSAN,LEAF,Battery Electric Vehicle (BEV),Clean Alternative Fuel Vehicle Eligible,84,47.0,PUGET SOUND ENERGY INC||CITY OF TACOMA - (WA),0.28668941979522183,-2.2865464313606636,Medium
King,Burien,WA,98168.0,2023,TESLA,MODEL 3,Battery Electric Vehicle (BEV),Eligibility unknown as battery range has not been researched,0,34.0,CITY OF SEATTLE - (WA)|CITY OF TACOMA - (WA),0.0,0.2707985792660235,Unknown/Not Researched
King,Auburn,WA,98001.0,2023,FORD,MUSTANG MACH-E,Battery Electric Vehicle (BEV),Eligibility unknown as battery range has not been researched,0,47.0,PUGET SOUND ENERGY INC||CITY OF TACOMA - (WA),0.0,0.2707985792660235,Unknown/Not Researched
King,Seattle,WA,98125.0,2024,BMW,IX,Battery Electric Vehicle (BEV),Eligibility unknown as battery range has not been researched,0,46.0,CITY OF SEATTLE - (WA)|CITY OF TACOMA - (WA),0.0,0.5904667055943594,Unknown/Not Researched
King,Sammamish,WA,98074.0,2018,HONDA,CLARITY,Plug-in Hybrid Electric Vehicle (PHEV),Clean Alternative Fuel Vehicle Eligible,47,45.0,PUGET SOUND ENERGY INC||CITY OF TACOMA - (WA),0.16040955631399317,-1.3275420523756558,Short
Thurston,Yelm,WA,98597.0,2023,JEEP,WRANGLER,Plug-in Hybrid Electric Vehicle (PHEV),Not eligible due to low battery range,21,2.0,PUGET SOUND ENERGY INC,0.07167235494880546,0.2707985792660235,Short
King,Kirkland,WA,98034.0,2021,TESLA,MODEL Y,Battery Electric Vehicle (BEV),Eligibility unknown as battery range has not been researched,0,1.0,PUGET SOUND ENERGY INC||CITY OF TACOMA - (WA),0.0,-0.36853767339064825,Unknown/Not Researched
King,Seattle,WA,98125.0,2016,NISSAN,LEAF,Battery Electric Vehicle (BEV),Clean Alternative Fuel Vehicle Eligible,84,46.0,CITY OF SEATTLE - (WA)|CITY OF TACOMA - (WA),0.28668941979522183,-1.9668783050323277,Medium
King,Kirkland,WA,98034.0,2018,NISSAN,LEAF,Battery Electric Vehicle (BEV),Clean Alternative Fuel Vehicle Eligible,151,1.0,PUGET SOUND ENERGY INC||CITY OF TACOMA - (WA),0.515358361774744,-1.3275420523756558,Long
King,Seattle,WA,98109.0,2024,TESLA,MODEL S,Battery Electric Vehicle (BEV),Eligibility unknown as battery range has not been researched,0,36.0,CITY OF SEATTLE - (WA)|CITY OF TACOMA - (WA),0.0,0.5904667055943594,Unknown/Not Researched
King,Shoreline,WA,98155.0,2024,RIVIAN,R1T,Battery Electric Vehicle (BEV),Eligibility unknown as battery range has not been researched,0,32.0,CITY OF SEATTLE - (WA)|CITY OF TACOMA - (WA),0.0,0.5904667055943594,Unknown/Not Researched
Clark,Vancouver,WA,98685.0,2023,TESLA,MODEL Y,Battery Electric Vehicle (BEV),Eligibility unknown as battery range has not been researched,0,18.0,BONNEVILLE POWER ADMINISTRATION||PUD NO 1 OF CLARK COUNTY - (WA),0.0,0.2707985792660235,Unknown/Not Researched
King,Kirkland,WA,98033.0,2020,CHEVROLET,BOLT EV,Battery Electric Vehicle (BEV),Clean Alternative Fuel Vehicle Eligible,259,48.0,PUGET SOUND ENERGY INC||CITY OF TACOMA - (WA),0.8839590443686007,-0.6882057997189841,Long
King,Kent,WA,98031.0,2021,TESLA,MODEL 3,Battery Electric Vehicle (BEV),Eligibility unknown as battery range has not been researched,0,47.0,PUGET SOUND ENERGY INC||CITY OF TACOMA - (WA),0.0,-0.36853767339064825,Unknown/Not Researched
King,Kirkland,WA,98034.0,2024,KIA,EV6,Battery Electric Vehicle (BEV),Eligibility unknown as battery range has not been researched,0,45.0,PUGET SOUND ENERGY INC||CITY OF TACOMA - (WA),0.0,0.5904667055943594,Unknown/Not Researched
King,Bellevue,WA,98006.0,2026,TESLA,MODEL Y,Battery Electric Vehicle (BEV),Eligibility unknown as battery range has not been researched,0,41.0,PUGET SOUND ENERGY INC||CITY OF TACOMA - (WA),0.0,1.2298029582510313,Unknown/Not Researched
King,Seattle,WA,98125.0,2025,TOYOTA,RAV4 PRIME (PHEV),Plug-in Hybrid Electric Vehicle (PHEV),Clean Alternative Fuel Vehicle Eligible,42,46.0,CITY OF SEATTLE - (WA)|CITY OF TACOMA - (WA),0.14334470989761092,0.9101348319226953,Short
King,Kirkland,WA,98033.0,2021,VOLVO,XC90,Plug-in Hybrid Electric Vehicle (PHEV),Not eligible due to low battery range,18,45.0,PUGET SOUND ENERGY INC||CITY OF TACOMA - (WA),0.06143344709897611,-0.36853767339064825,Short
King,Kirkland,WA,98034.0,2022,TESLA,MODEL 3,Battery Electric Vehicle (BEV),Eligibility unknown as battery range has not been researched,0,45.0,PUGET SOUND ENERGY INC||CITY OF TACOMA - (WA),0.0,-0.04886954706231235,Unknown/Not Researched
Clark,Battle Ground,WA,98604.0,2024,VOLKSWAGEN,ID.4,Battery Electric Vehicle (BEV),Eligibility unknown as battery range has not been researched,0,18.0,BONNEVILLE POWER ADMINISTRATION||PUD NO 1 OF CLARK COUNTY - (WA),0.0,0.5904667055943594,Unknown/Not Researched
King,Shoreline,WA,98133.0,2026,HONDA,PROLOGUE,Battery Electric Vehicle (BEV),Eligibility unknown as battery range has not been researched,0,32.0,CITY OF SEATTLE - (WA)|CITY OF TACOMA - (WA),0.0,1.2298029582510313,Unknown/Not Researched
Jefferson,Port Townsend,WA,98368.0,2022,HYUNDAI,TUCSON,Plug-in Hybrid Electric Vehicle (PHEV),Clean Alternative Fuel Vehicle Eligible,33,24.0,BONNEVILLE POWER ADMINISTRATION||PUGET SOUND ENERGY INC||PUD NO 1 OF JEFFERSON COUNTY,0.11262798634812286,-0.04886954706231235,Short
King,Sammamish,WA,98074.0,2024,TESLA,MODEL 3,Battery Electric Vehicle (BEV),Eligibility unknown as battery range has not been researched,0,45.0,PUGET SOUND ENERGY INC||CITY OF TACOMA - (WA),0.0,0.5904667055943594,Unknown/Not Researched
King,Bellevue,WA,98004.0,2025,TESLA,MODEL 3,Battery Electric Vehicle (BEV),Eligibility unknown as battery range has not been researched,0,48.0,PUGET SOUND ENERGY INC||CITY OF TACOMA - (WA),0.0,0.9101348319226953,Unknown/Not Researched
King,Kent,WA,98031.0,2019,TESLA,MODEL 3,Battery Electric Vehicle (BEV),Clean Alternative Fuel Vehicle Eligible,220,47.0,PUGET SOUND ENERGY INC||CITY OF TACOMA - (WA),0.7508532423208191,-1.00787392604732,Long
Clark,Vancouver,WA,98662.0,2014,TOYOTA,RAV4,Battery Electric Vehicle (BEV),Clean Alternative Fuel Vehicle Eligible,103,17.0,BONNEVILLE POWER ADMINISTRATION||PUD NO 1 OF CLARK COUNTY - (WA),0.3515358361774744,-2.6062145576889995,Medium
King,Kent,WA,98031.0,2025,CHEVROLET,EQUINOX,Battery Electric Vehicle (BEV),Eligibility unknown as battery range has not been researched,0,33.0,PUGET SOUND ENERGY INC||CITY OF TACOMA - (WA),0.0,0.9101348319226953,Unknown/Not Researched
King,Newcastle,WA,98056.0,2026,TESLA,MODEL Y,Battery Electric Vehicle (BEV),Eligibility unknown as battery range has not been researched,0,41.0,PUGET SOUND ENERGY INC||CITY OF TACOMA - (WA),0.0,1.2298029582510313,Unknown/Not Researched
King,Bothell,WA,98011.0,2023,KIA,SPORTAGE,Plug-in Hybrid Electric Vehicle (PHEV),Clean Alternative Fuel Vehicle Eligible,34,1.0,PUGET SOUND ENERGY INC||CITY OF TACOMA - (WA),0.11604095563139932,0.2707985792660235,Short
King,Kent,WA,98031.0,2025,TESLA,MODEL 3,Battery Electric Vehicle (BEV),Eligibility unknown as battery range has not been researched,0,11.0,PUGET SOUND ENERGY INC||CITY OF TACOMA - (WA),0.0,0.9101348319226953,Unknown/Not Researched
King,Kirkland,WA,98034.0,2021,TESLA,MODEL 3,Battery Electric Vehicle (BEV),Eligibility unknown as battery range has not been researched,0,45.0,PUGET SOUND ENERGY INC||CITY OF TACOMA - (WA),0.0,-0.36853767339064825,Unknown/Not Researched
King,Seattle,WA,98144.0,2023,TESLA,MODEL 3,Battery Electric Vehicle (BEV),Eligibility unknown as battery range has not been researched,0,37.0,CITY OF SEATTLE - (WA)|CITY OF TACOMA - (WA),0.0,0.2707985792660235,Unknown/Not Researched
King,Bellevue,WA,98004.0,2021,TESLA,MODEL 3,Battery Electric Vehicle (BEV),Eligibility unknown as battery range has not been researched,0,41.0,PUGET SOUND ENERGY INC||CITY OF TACOMA - (WA),0.0,-0.36853767339064825,Unknown/Not Researched
Jefferson,Port Townsend,WA,98368.0,2018,TESLA,MODEL X,Battery Electric Vehicle (BEV),Clean Alternative Fuel Vehicle Eligible,238,24.0,BONNEVILLE POWER ADMINISTRATION||PUGET SOUND ENERGY INC||PUD NO 1 OF JEFFERSON COUNTY,0.8122866894197952,-1.3275420523756558,Long
King,Renton,WA,98058.0,2023,TESLA,MODEL Y,Battery Electric Vehicle (BEV),Eligibility unknown as battery range has not been researched,0,11.0,PUGET SOUND ENERGY INC||CITY OF TACOMA - (WA),0.0,0.2707985792660235,Unknown/Not Researched
King,Kirkland,WA,98033.0,2023,CHEVROLET,BOLT EV,Battery Electric Vehicle (BEV),Eligibility unknown as battery range has not been researched,0,45.0,PUGET SOUND ENERGY INC||CITY OF TACOMA - (WA),0.0,0.2707985792660235,Unknown/Not Researched
King,Seattle,WA,98103.0,2022,TESLA,MODEL Y,Battery Electric Vehicle (BEV),Eligibility unknown as battery range has not been researched,0,43.0,CITY OF SEATTLE - (WA)|CITY OF TACOMA - (WA),0.0,-0.04886954706231235,Unknown/Not Researched
Clark,Vancouver,WA,98664.0,2022,RIVIAN,R1T,Battery Electric Vehicle (BEV),Eligibility unknown as battery range has not been researched,0,49.0,BONNEVILLE POWER ADMINISTRATION||PUD NO 1 OF CLARK COUNTY - (WA),0.0,-0.04886954706231235,Unknown/Not Researched
King,Seattle,WA,98107.0,2025,TESLA,MODEL Y,Battery Electric Vehicle (BEV),Eligibility unknown as battery range has not been researched,0,43.0,CITY OF SEATTLE - (WA)|CITY OF TACOMA - (WA),0.0,0.9101348319226953,Unknown/Not Researched
King,Kirkland,WA,98033.0,2024,MERCEDES-BENZ,EQE-CLASS SEDAN,Battery Electric Vehicle (BEV),Eligibility unknown as battery range has not been researched,0,45.0,PUGET SOUND ENERGY INC||CITY OF TACOMA - (WA),0.0,0.5904667055943594,Unknown/Not Researched
Thurston,Yelm,WA,98597.0,2024,MAZDA,CX-90,Plug-in Hybrid Electric Vehicle (PHEV),Not eligible due to low battery range,26,2.0,PUGET SOUND ENERGY INC,0.08873720136518772,0.5904667055943594,Short
King,Seattle,WA,98125.0,2023,RIVIAN,R1S,Battery Electric Vehicle (BEV),Eligibility unknown as battery range has not been researched,0,46.0,CITY OF SEATTLE - (WA)|CITY OF TACOMA - (WA),0.0,0.2707985792660235,Unknown/Not Researched
King,Bellevue,WA,98006.0,2021,TESLA,MODEL Y,Battery Electric Vehicle (BEV),Eligibility unknown as battery range has not been researched,0,41.0,PUGET SOUND ENERGY INC||CITY OF TACOMA - (WA),0.0,-0.36853767339064825,Unknown/Not Researched
Clark,Vancouver,WA,98660.0,2023,TOYOTA,RAV4 PRIME (PHEV),Plug-in Hybrid Electric Vehicle (PHEV),Clean Alternative Fuel Vehicle Eligible,42,49.0,BONNEVILLE POWER ADMINISTRATION||PUD NO 1 OF CLARK COUNTY - (WA),0.14334470989761092,0.2707985792660235,Short
King,Seattle,WA,98116.0,2020,CHEVROLET,BOLT EV,Battery Electric Vehicle (BEV),Clean Alternative Fuel Vehicle Eligible,259,34.0,CITY OF SEATTLE - (WA)|CITY OF TACOMA - (WA),0.8839590443686007,-0.6882057997189841,Long
Yakima,Yakima,WA,98908.0,2023,CHRYSLER,PACIFICA,Plug-in Hybrid Electric Vehicle (PHEV),Clean Alternative Fuel Vehicle Eligible,32,14.0,PACIFICORP,0.10921501706484642,0.2707985792660235,Short
King,Covington,WA,98042.0,2023,TESLA,MODEL Y,Battery Electric Vehicle (BEV),Eligibility unknown as battery range has not been researched,0,47.0,PUGET SOUND ENERGY INC||CITY OF TACOMA - (WA),0.0,0.2707985792660235,Unknown/Not Researched
King,Seattle,WA,98177.0,2020,CHEVROLET,BOLT EV,Battery Electric Vehicle (BEV),Clean Alternative Fuel Vehicle Eligible,259,32.0,CITY OF SEATTLE - (WA)|CITY OF TACOMA - (WA),0.8839590443686007,-0.6882057997189841,Long
Snohomish,Snohomish,WA,98290.0,2024,ACURA,ZDX,Battery Electric Vehicle (BEV),Eligibility unknown as battery range has not been researched,0,39.0,PUGET SOUND ENERGY INC,0.0,0.5904667055943594,Unknown/Not Researched
King,Bellevue,WA,98005.0,2026,TESLA,MODEL Y,Battery Electric Vehicle (BEV),Eligibility unknown as battery range has not been researched,0,41.0,PUGET SOUND ENERGY INC||CITY OF TACOMA - (WA),0.0,1.2298029582510313,Unknown/Not Researched
King,Burien,WA,98168.0,2025,RIVIAN,R1S,Battery Electric Vehicle (BEV),Eligibility unknown as battery range has not been researched,0,33.0,CITY OF SEATTLE - (WA)|CITY OF TACOMA - (WA),0.0,0.9101348319226953,Unknown/Not Researched
King,Bellevue,WA,98008.0,2021,TESLA,MODEL 3,Battery Electric Vehicle (BEV),Eligibility unknown as battery range has not been researched,0,48.0,PUGET SOUND ENERGY INC||CITY OF TACOMA - (WA),0.0,-0.36853767339064825,Unknown/Not Researched
King,Kent,WA,98030.0,2023,MITSUBISHI,OUTLANDER,Plug-in Hybrid Electric Vehicle (PHEV),Clean Alternative Fuel Vehicle Eligible,38,47.0,PUGET SOUND ENERGY INC||CITY OF TACOMA - (WA),0.1296928327645051,0.2707985792660235,Short
Kitsap,Olalla,WA,98359.0,2023,HYUNDAI,IONIQ 5,Battery Electric Vehicle (BEV),Eligibility unknown as battery range has not been researched,0,26.0,PUGET SOUND ENERGY INC,0.0,0.2707985792660235,Unknown/Not Researched
Snohomish,Edmonds,WA,98026.0,2026,TESLA,MODEL Y,Battery Electric Vehicle (BEV),Eligibility unknown as battery range has not been researched,0,32.0,PUGET SOUND ENERGY INC,0.0,1.2298029582510313,Unknown/Not Researched
King,Kirkland,WA,98033.0,2026,TESLA,MODEL Y,Battery Electric Vehicle (BEV),Eligibility unknown as battery range has not been researched,0,48.0,PUGET SOUND ENERGY INC||CITY OF TACOMA - (WA),0.0,1.2298029582510313,Unknown/Not Researched
Snohomish,Bothell,WA,98012.0,2022,TESLA,MODEL 3,Battery Electric Vehicle (BEV),Eligibility unknown as battery range has not been researched,0,1.0,PUGET SOUND ENERGY INC,0.0,-0.04886954706231235,Unknown/Not Researched
King,Seattle,WA,98177.0,2024,VOLVO,XC90,Plug-in Hybrid Electric Vehicle (PHEV),Clean Alternative Fuel Vehicle Eligible,32,36.0,CITY OF SEATTLE - (WA)|CITY OF TACOMA - (WA),0.10921501706484642,0.5904667055943594,Short
Clark,Vancouver,WA,98662.0,2013,TESLA,MODEL S,Battery Electric Vehicle (BEV),Clean Alternative Fuel Vehicle Eligible,208,17.0,BONNEVILLE POWER ADMINISTRATION||PUD NO 1 OF CLARK COUNTY - (WA),0.7098976109215017,-2.9258826840173353,Long
King,Seattle,WA,98125.0,2021,VOLKSWAGEN,ID.4,Battery Electric Vehicle (BEV),Eligibility unknown as battery range has not been researched,0,46.0,CITY OF SEATTLE - (WA)|CITY OF TACOMA - (WA),0.0,-0.36853767339064825,Unknown/Not Researched
Kitsap,Port Orchard,WA,98366.0,2026,HYUNDAI,IONIQ 5,Battery Electric Vehicle (BEV),Eligibility unknown as battery range has not been researched,0,26.0,PUGET SOUND ENERGY INC,0.0,1.2298029582510313,Unknown/Not Researched
King,Renton,WA,98055.0,2021,TESLA,MODEL Y,Battery Electric Vehicle (BEV),Eligibility unknown as battery range has not been researched,0,11.0,PUGET SOUND ENERGY INC||CITY OF TACOMA - (WA),0.0,-0.36853767339064825,Unknown/Not Researched
Clark,Vancouver,WA,98686.0,2018,TESLA,MODEL 3,Battery Electric Vehicle (BEV),Clean Alternative Fuel Vehicle Eligible,215,49.0,BONNEVILLE POWER ADMINISTRATION||PUD NO 1 OF CLARK COUNTY - (WA),0.7337883959044369,-1.3275420523756558,Long
Clark,Vancouver,WA,98682.0,2025,JEEP,WRANGLER,Plug-in Hybrid Electric Vehicle (PHEV),Not eligible due to low battery range,21,17.0,BONNEVILLE POWER ADMINISTRATION||PUD NO 1 OF CLARK COUNTY - (WA),0.07167235494880546,0.9101348319226953,Short
King,Kirkland,WA,98034.0,2023,FORD,MUSTANG MACH-E,Battery Electric Vehicle (BEV),Eligibility unknown as battery range has not been researched,0,45.0,PUGET SOUND ENERGY INC||CITY OF TACOMA - (WA),0.0,0.2707985792660235,Unknown/Not Researched
King,Bellevue,WA,98006.0,2023,TESLA,MODEL 3,Battery Electric Vehicle (BEV),Eligibility unknown as battery range has not been researched,0,41.0,PUGET SOUND ENERGY INC||CITY OF TACOMA - (WA),0.0,0.2707985792660235,Unknown/Not Researched
King,Redmond,WA,98052.0,2023,TESLA,MODEL Y,Battery Electric Vehicle (BEV),Eligibility unknown as battery range has not been researched,0,48.0,PUGET SOUND ENERGY INC||CITY OF TACOMA - (WA),0.0,0.2707985792660235,Unknown/Not Researched
Snohomish,Lynnwood,WA,98087.0,2021,TESLA,MODEL Y,Battery Electric Vehicle (BEV),Eligibility unknown as battery range has not been researched,0,21.0,PUGET SOUND ENERGY INC,0.0,-0.36853767339064825,Unknown/Not Researched
Clark,Vancouver,WA,98685.0,2022,JEEP,WRANGLER,Plug-in Hybrid Electric Vehicle (PHEV),Not eligible due to low battery range,21,18.0,BONNEVILLE POWER ADMINISTRATION||PUD NO 1 OF CLARK COUNTY - (WA),0.07167235494880546,-0.04886954706231235,Short
Thurston,Yelm,WA,98597.0,2025,KIA,SPORTAGE,Plug-in Hybrid Electric Vehicle (PHEV),Clean Alternative Fuel Vehicle Eligible,34,2.0,PUGET SOUND ENERGY INC,0.11604095563139932,0.9101348319226953,Short
King,Bellevue,WA,98008.0,2022,TESLA,MODEL X,Battery Electric Vehicle (BEV),Eligibility unknown as battery range has not been researched,0,48.0,PUGET SOUND ENERGY INC||CITY OF TACOMA - (WA),0.0,-0.04886954706231235,Unknown/Not Researched
King,Kirkland,WA,98033.0,2022,FORD,MUSTANG MACH-E,Battery Electric Vehicle (BEV),Eligibility unknown as battery range has not been researched,0,48.0,PUGET SOUND ENERGY INC||CITY OF TACOMA - (WA),0.0,-0.04886954706231235,Unknown/Not Researched
Snohomish,Bothell,WA,98021.0,2020,NISSAN,LEAF,Battery Electric Vehicle (BEV),Clean Alternative Fuel Vehicle Eligible,149,1.0,PUGET SOUND ENERGY INC,0.5085324232081911,-0.6882057997189841,Medium
Clark,Brush Prairie,WA,98606.0,2018,HONDA,CLARITY,Plug-in Hybrid Electric Vehicle (PHEV),Clean Alternative Fuel Vehicle Eligible,47,17.0,BONNEVILLE POWER ADMINISTRATION||PUD NO 1 OF CLARK COUNTY - (WA),0.16040955631399317,-1.3275420523756558,Short
King,Seattle,WA,98125.0,2024,VOLVO,XC90,Plug-in Hybrid Electric Vehicle (PHEV),Clean Alternative Fuel Vehicle Eligible,32,46.0,CITY OF SEATTLE - (WA)|CITY OF TACOMA - (WA),0.10921501706484642,0.5904667055943594,Short
Kitsap,Bainbridge Island,WA,98110.0,2017,FORD,C-MAX,Plug-in Hybrid Electric Vehicle (PHEV),Not eligible due to low battery range,20,23.0,PUGET SOUND ENERGY INC,0.06825938566552901,-1.647210178703992,Short
King,Bothell,WA,98011.0,2021,CHEVROLET,BOLT EV,Battery Electric Vehicle (BEV),Eligibility unknown as battery range has not been researched,0,1.0,PUGET SOUND ENERGY INC||CITY OF TACOMA - (WA),0.0,-0.36853767339064825,Unknown/Not Researched
King,Bothell,WA,98011.0,2016,NISSAN,LEAF,Battery Electric Vehicle (BEV),Clean Alternative Fuel Vehicle Eligible,84,1.0,PUGET SOUND ENERGY INC||CITY OF TACOMA - (WA),0.28668941979522183,-1.9668783050323277,Medium
King,Seattle,WA,98178.0,2021,TESLA,MODEL Y,Battery Electric Vehicle (BEV),Eligibility unknown as battery range has not been researched,0,37.0,CITY OF SEATTLE - (WA)|CITY OF TACOMA - (WA),0.0,-0.36853767339064825,Unknown/Not Researched
Kitsap,Bainbridge Island,WA,98110.0,2024,MINI,HARDTOP,Battery Electric Vehicle (BEV),Eligibility unknown as battery range has not been researched,0,23.0,PUGET SOUND ENERGY INC,0.0,0.5904667055943594,Unknown/Not Researched
King,Seattle,WA,98109.0,2021,TESLA,MODEL Y,Battery Electric Vehicle (BEV),Eligibility unknown as battery range has not been researched,0,36.0,CITY OF SEATTLE - (WA)|CITY OF TACOMA - (WA),0.0,-0.36853767339064825,Unknown/Not Researched
King,Seattle,WA,98116.0,2023,BMW,X5,Plug-in Hybrid Electric Vehicle (PHEV),Clean Alternative Fuel Vehicle Eligible,30,34.0,CITY OF SEATTLE - (WA)|CITY OF TACOMA - (WA),0.10238907849829351,0.2707985792660235,Short
King,Kent,WA,98031.0,2023,TESLA,MODEL Y,Battery Electric Vehicle (BEV),Eligibility unknown as battery range has not been researched,0,47.0,PUGET SOUND ENERGY INC||CITY OF TACOMA - (WA),0.0,0.2707985792660235,Unknown/Not Researched
King,Renton,WA,98059.0,2025,TESLA,CYBERTRUCK,Battery Electric Vehicle (BEV),Eligibility unknown as battery range has not been researched,0,11.0,PUGET SOUND ENERGY INC||CITY OF TACOMA - (WA),0.0,0.9101348319226953,Unknown/Not Researched
King,Kirkland,WA,98033.0,2016,MERCEDES-BENZ,B-CLASS,Battery Electric Vehicle (BEV),Clean Alternative Fuel Vehicle Eligible,87,48.0,PUGET SOUND ENERGY INC||CITY OF TACOMA - (WA),0.29692832764505117,-1.9668783050323277,Medium
King,Seattle,WA,98125.0,2020,CHEVROLET,BOLT EV,Battery Electric Vehicle (BEV),Clean Alternative Fuel Vehicle Eligible,259,46.0,CITY OF SEATTLE - (WA)|CITY OF TACOMA - (WA),0.8839590443686007,-0.6882057997189841,Long
Yakima,Yakima,WA,98903.0,2024,SUBARU,SOLTERRA,Battery Electric Vehicle (BEV),Eligibility unknown as battery range has not been researched,0,14.0,PACIFICORP,0.0,0.5904667055943594,Unknown/Not Researched
King,Renton,WA,98056.0,2019,TESLA,MODEL 3,Battery Electric Vehicle (BEV),Clean Alternative Fuel Vehicle Eligible,220,11.0,PUGET SOUND ENERGY INC||CITY OF TACOMA - (WA),0.7508532423208191,-1.00787392604732,Long
Yakima,Yakima,WA,98908.0,2026,BMW,M5,Plug-in Hybrid Electric Vehicle (PHEV),Not eligible due to low battery range,25,14.0,PACIFICORP,0.08532423208191127,1.2298029582510313,Short
King,Redmond,WA,98052.0,2022,PORSCHE,TAYCAN,Battery Electric Vehicle (BEV),Eligibility unknown as battery range has not been researched,0,48.0,PUGET SOUND ENERGY INC||CITY OF TACOMA - (WA),0.0,-0.04886954706231235,Unknown/Not Researched
King,Sammamish,WA,98075.0,2026,RIVIAN,R1S,Battery Electric Vehicle (BEV),Eligibility unknown as battery range has not been researched,0,41.0,PUGET SOUND ENERGY INC||CITY OF TACOMA - (WA),0.0,1.2298029582510313,Unknown/Not Researched
Clark,Vancouver,WA,98685.0,2024,TESLA,MODEL Y,Battery Electric Vehicle (BEV),Eligibility unknown as battery range has not been researched,0,49.0,BONNEVILLE POWER ADMINISTRATION||PUD NO 1 OF CLARK COUNTY - (WA),0.0,0.5904667055943594,Unknown/Not Researched
King,Bellevue,WA,98006.0,2017,TESLA,MODEL X,Battery Electric Vehicle (BEV),Clean Alternative Fuel Vehicle Eligible,200,41.0,PUGET SOUND ENERGY INC||CITY OF TACOMA - (WA),0.6825938566552902,-1.647210178703992,Long
Jefferson,Port Ludlow,WA,98365.0,2020,VOLVO,XC90,Plug-in Hybrid Electric Vehicle (PHEV),Not eligible due to low battery range,18,24.0,BONNEVILLE POWER ADMINISTRATION||PUGET SOUND ENERGY INC||PUD NO 1 OF JEFFERSON COUNTY,0.06143344709897611,-0.6882057997189841,Short
King,Seattle,WA,98108.0,2026,SUBARU,SOLTERRA,Battery Electric Vehicle (BEV),Eligibility unknown as battery range has not been researched,0,11.0,CITY OF SEATTLE - (WA)|CITY OF TACOMA - (WA),0.0,1.2298029582510313,Unknown/Not Researched
King,Kirkland,WA,98033.0,2025,RIVIAN,R1S,Battery Electric Vehicle (BEV),Eligibility unknown as battery range has not been researched,0,48.0,PUGET SOUND ENERGY INC||CITY OF TACOMA - (WA),0.0,0.9101348319226953,Unknown/Not Researched
King,Seattle,WA,98122.0,2021,AUDI,Q5 E,Plug-in Hybrid Electric Vehicle (PHEV),Not eligible due to low battery range,18,37.0,CITY OF SEATTLE - (WA)|CITY OF TACOMA - (WA),0.06143344709897611,-0.36853767339064825,Short
King,Bellevue,WA,98004.0,2026,TESLA,MODEL Y,Battery Electric Vehicle (BEV),Eligibility unknown as battery range has not been researched,0,48.0,PUGET SOUND ENERGY INC||CITY OF TACOMA - (WA),0.0,1.2298029582510313,Unknown/Not Researched
King,Auburn,WA,98092.0,2026,TESLA,MODEL Y,Battery Electric Vehicle (BEV),Eligibility unknown as battery range has not been researched,0,47.0,PUGET SOUND ENERGY INC||CITY OF TACOMA - (WA),0.0,1.2298029582510313,Unknown/Not Researched
King,Redmond,WA,98052.0,2021,TESLA,MODEL Y,Battery Electric Vehicle (BEV),Eligibility unknown as battery range has not been researched,0,45.0,PUGET SOUND ENERGY INC||CITY OF TACOMA - (WA),0.0,-0.36853767339064825,Unknown/Not Researched
King,Seattle,WA,98125.0,2023,TESLA,MODEL 3,Battery Electric Vehicle (BEV),Eligibility unknown as battery range has not been researched,0,46.0,CITY OF SEATTLE - (WA)|CITY OF TACOMA - (WA),0.0,0.2707985792660235,Unknown/Not Researched
King,Burien,WA,98146.0,2023,CHEVROLET,BOLT EUV,Battery Electric Vehicle (BEV),Eligibility unknown as battery range has not been researched,0,34.0,CITY OF SEATTLE - (WA)|CITY OF TACOMA - (WA),0.0,0.2707985792660235,Unknown/Not Researched
King,Kent,WA,98030.0,2020,TESLA,MODEL Y,Battery Electric Vehicle (BEV),Clean Alternative Fuel Vehicle Eligible,291,47.0,PUGET SOUND ENERGY INC||CITY OF TACOMA - (WA),0.9931740614334471,-0.6882057997189841,Long
King,Issaquah,WA,98029.0,2025,LAND ROVER,RANGE ROVER SPORT,Plug-in Hybrid Electric Vehicle (PHEV),Clean Alternative Fuel Vehicle Eligible,60,5.0,PUGET SOUND ENERGY INC||CITY OF TACOMA - (WA),0.20477815699658702,0.9101348319226953,Medium
King,Kirkland,WA,98034.0,2024,JEEP,WRANGLER,Plug-in Hybrid Electric Vehicle (PHEV),Not eligible due to low battery range,21,1.0,PUGET SOUND ENERGY INC||CITY OF TACOMA - (WA),0.07167235494880546,0.5904667055943594,Short
King,Kirkland,WA,98034.0,2024,KIA,EV9,Battery Electric Vehicle (BEV),Eligibility unknown as battery range has not been researched,0,45.0,PUGET SOUND ENERGY INC||CITY OF TACOMA - (WA),0.0,0.5904667055943594,Unknown/Not Researched
King,Seattle,WA,98125.0,2025,TESLA,MODEL 3,Battery Electric Vehicle (BEV),Eligibility unknown as battery range has not been researched,0,46.0,CITY OF SEATTLE - (WA)|CITY OF TACOMA - (WA),0.0,0.9101348319226953,Unknown/Not Researched
King,Seattle,WA,98178.0,2025,NISSAN,ARIYA MPV,Battery Electric Vehicle (BEV),Eligibility unknown as battery range has not been researched,0,37.0,CITY OF SEATTLE - (WA)|CITY OF TACOMA - (WA),0.0,0.9101348319226953,Unknown/Not Researched
King,Bellevue,WA,98008.0,2022,TESLA,MODEL Y,Battery Electric Vehicle (BEV),Eligibility unknown as battery range has not been researched,0,48.0,PUGET SOUND ENERGY INC||CITY OF TACOMA - (WA),0.0,-0.04886954706231235,Unknown/Not Researched
King,Seattle,WA,98107.0,2026,TESLA,MODEL Y,Battery Electric Vehicle (BEV),Eligibility unknown as battery range has not been researched,0,36.0,CITY OF SEATTLE - (WA)|CITY OF TACOMA - (WA),0.0,1.2298029582510313,Unknown/Not Researched
King,Federal Way,WA,98023.0,2019,TESLA,MODEL 3,Battery Electric Vehicle (BEV),Clean Alternative Fuel Vehicle Eligible,220,30.0,PUGET SOUND ENERGY INC||CITY OF TACOMA - (WA),0.7508532423208191,-1.00787392604732,Long
King,Seattle,WA,98115.0,2015,NISSAN,LEAF,Battery Electric Vehicle (BEV),Clean Alternative Fuel Vehicle Eligible,84,46.0,CITY OF SEATTLE - (WA)|CITY OF TACOMA - (WA),0.28668941979522183,-2.2865464313606636,Medium
Kitsap,Silverdale,WA,98383.0,2023,TESLA,MODEL 3,Battery Electric Vehicle (BEV),Eligibility unknown as battery range has not been researched,0,23.0,PUGET SOUND ENERGY INC,0.0,0.2707985792660235,Unknown/Not Researched
King,Renton,WA,98056.0,2022,TESLA,MODEL X,Battery Electric Vehicle (BEV),Eligibility unknown as battery range has not been researched,0,41.0,PUGET SOUND ENERGY INC||CITY OF TACOMA - (WA),0.0,-0.04886954706231235,Unknown/Not Researched
Yakima,Sunnyside,WA,98944.0,2020,TESLA,MODEL Y,Battery Electric Vehicle (BEV),Clean Alternative Fuel Vehicle Eligible,291,15.0,BONNEVILLE POWER ADMINISTRATION||PACIFICORP||BENTON RURAL ELECTRIC ASSN,0.9931740614334471,-0.6882057997189841,Long
King,Kirkland,WA,98034.0,2026,TESLA,MODEL Y,Battery Electric Vehicle (BEV),Eligibility unknown as battery range has not been researched,0,45.0,PUGET SOUND ENERGY INC||CITY OF TACOMA - (WA),0.0,1.2298029582510313,Unknown/Not Researched
Yakima,Yakima,WA,98908.0,2021,TESLA,MODEL 3,Battery Electric Vehicle (BEV),Eligibility unknown as battery range has not been researched,0,15.0,PACIFICORP,0.0,-0.36853767339064825,Unknown/Not Researched
King,Seatac,WA,98168.0,2026,TESLA,MODEL Y,Battery Electric Vehicle (BEV),Eligibility unknown as battery range has not been researched,0,33.0,CITY OF SEATTLE - (WA)|CITY OF TACOMA - (WA),0.0,1.2298029582510313,Unknown/Not Researched
Snohomish,Edmonds,WA,98020.0,2018,TESLA,MODEL X,Battery Electric Vehicle (BEV),Clean Alternative Fuel Vehicle Eligible,238,21.0,PUGET SOUND ENERGY INC,0.8122866894197952,-1.3275420523756558,Long
King,Sammamish,WA,98075.0,2023,TESLA,MODEL Y,Battery Electric Vehicle (BEV),Eligibility unknown as battery range has not been researched,0,41.0,PUGET SOUND ENERGY INC||CITY OF TACOMA - (WA),0.0,0.2707985792660235,Unknown/Not Researched
King,Redmond,WA,98052.0,2026,TESLA,MODEL Y,Battery Electric Vehicle (BEV),Eligibility unknown as battery range has not been researched,0,45.0,PUGET SOUND ENERGY INC||CITY OF TACOMA - (WA),0.0,1.2298029582510313,Unknown/Not Researched
King,Redmond,WA,98052.0,2023,BMW,IX,Battery Electric Vehicle (BEV),Eligibility unknown as battery range has not been researched,0,48.0,PUGET SOUND ENERGY INC||CITY OF TACOMA - (WA),0.0,0.2707985792660235,Unknown/Not Researched
King,Bellevue,WA,98004.0,2023,TESLA,MODEL Y,Battery Electric Vehicle (BEV),Eligibility unknown as battery range has not been researched,0,41.0,PUGET SOUND ENERGY INC||CITY OF TACOMA - (WA),0.0,0.2707985792660235,Unknown/Not Researched
King,North Bend,WA,98045.0,2025,NISSAN,ARIYA MPV,Battery Electric Vehicle (BEV),Eligibility unknown as battery range has not been researched,0,5.0,PUGET SOUND ENERGY INC||CITY OF TACOMA - (WA),0.0,0.9101348319226953,Unknown/Not Researched
Jefferson,Port Ludlow,WA,98365.0,2023,TESLA,MODEL Y,Battery Electric Vehicle (BEV),Eligibility unknown as battery range has not been researched,0,24.0,BONNEVILLE POWER ADMINISTRATION||PUGET SOUND ENERGY INC||PUD NO 1 OF JEFFERSON COUNTY,0.0,0.2707985792660235,Unknown/Not Researched
King,Kent,WA,98030.0,2023,TESLA,MODEL 3,Battery Electric Vehicle (BEV),Eligibility unknown as battery range has not been researched,0,47.0,PUGET SOUND ENERGY INC||CITY OF TACOMA - (WA),0.0,0.2707985792660235,Unknown/Not Researched
King,Bellevue,WA,98005.0,2026,BMW,IX,Battery Electric Vehicle (BEV),Eligibility unknown as battery range has not been researched,0,48.0,PUGET SOUND ENERGY INC||CITY OF TACOMA - (WA),0.0,1.2298029582510313,Unknown/Not Researched
King,Kirkland,WA,98034.0,2024,JEEP,WRANGLER,Plug-in Hybrid Electric Vehicle (PHEV),Not eligible due to low battery range,21,45.0,PUGET SOUND ENERGY INC||CITY OF TACOMA - (WA),0.07167235494880546,0.5904667055943594,Short
Jefferson,Port Townsend,WA,98368.0,2025,NISSAN,LEAF,Battery Electric Vehicle (BEV),Eligibility unknown as battery range has not been researched,0,24.0,BONNEVILLE POWER ADMINISTRATION||PUGET SOUND ENERGY INC||PUD NO 1 OF JEFFERSON COUNTY,0.0,0.9101348319226953,Unknown/Not Researched
King,Seattle,WA,98102.0,2023,RIVIAN,R1T,Battery Electric Vehicle (BEV),Eligibility unknown as battery range has not been researched,0,43.0,CITY OF SEATTLE - (WA)|CITY OF TACOMA - (WA),0.0,0.2707985792660235,Unknown/Not Researched
King,Seattle,WA,98109.0,2022,MERCEDES-BENZ,EQB-CLASS,Battery Electric Vehicle (BEV),Eligibility unknown as battery range has not been researched,0,36.0,CITY OF SEATTLE - (WA)|CITY OF TACOMA - (WA),0.0,-0.04886954706231235,Unknown/Not Researched
King,Woodinville,WA,98072.0,2023,TESLA,MODEL Y,Battery Electric Vehicle (BEV),Eligibility unknown as battery range has not been researched,0,45.0,PUGET SOUND ENERGY INC||CITY OF TACOMA - (WA),0.0,0.2707985792660235,Unknown/Not Researched
King,Covington,WA,98042.0,2021,TESLA,MODEL Y,Battery Electric Vehicle (BEV),Eligibility unknown as battery range has not been researched,0,47.0,PUGET SOUND ENERGY INC||CITY OF TACOMA - (WA),0.0,-0.36853767339064825,Unknown/Not Researched
King,Kirkland,WA,98034.0,2023,TESLA,MODEL Y,Battery Electric Vehicle (BEV),Eligibility unknown as battery range has not been researched,0,45.0,PUGET SOUND ENERGY INC||CITY OF TACOMA - (WA),0.0,0.2707985792660235,Unknown/Not Researched
Thurston,Olympia,WA,98502.0,2017,CHEVROLET,VOLT,Plug-in Hybrid Electric Vehicle (PHEV),Clean Alternative Fuel Vehicle Eligible,53,22.0,PUGET SOUND ENERGY INC,0.18088737201365188,-1.647210178703992,Medium
King,Auburn,WA,98092.0,2024,TESLA,MODEL Y,Battery Electric Vehicle (BEV),Eligibility unknown as battery range has not been researched,0,47.0,PUGET SOUND ENERGY INC||CITY OF TACOMA - (WA),0.0,0.5904667055943594,Unknown/Not Researched
King,Shoreline,WA,98177.0,2019,VOLVO,XC90,Plug-in Hybrid Electric Vehicle (PHEV),Not eligible due to low battery range,17,32.0,CITY OF SEATTLE - (WA)|CITY OF TACOMA - (WA),0.05802047781569966,-1.00787392604732,Short
King,Seattle,WA,98101.0,2023,VOLKSWAGEN,ID.4,Battery Electric Vehicle (BEV),Eligibility unknown as battery range has not been researched,0,43.0,CITY OF SEATTLE - (WA)|CITY OF TACOMA - (WA),0.0,0.2707985792660235,Unknown/Not Researched
Kitsap,Bremerton,WA,98310.0,2017,FORD,FUSION,Plug-in Hybrid Electric Vehicle (PHEV),Not eligible due to low battery range,21,23.0,PUGET SOUND ENERGY INC,0.07167235494880546,-1.647210178703992,Short
King,Kirkland,WA,98033.0,2025,HYUNDAI,KONA,Battery Electric Vehicle (BEV),Eligibility unknown as battery range has not been researched,0,45.0,PUGET SOUND ENERGY INC||CITY OF TACOMA - (WA),0.0,0.9101348319226953,Unknown/Not Researched
Jefferson,Port Ludlow,WA,98365.0,2020,TESLA,MODEL 3,Battery Electric Vehicle (BEV),Clean Alternative Fuel Vehicle Eligible,266,24.0,BONNEVILLE POWER ADMINISTRATION||PUGET SOUND ENERGY INC||PUD NO 1 OF JEFFERSON COUNTY,0.9078498293515358,-0.6882057997189841,Long
King,Kent,WA,98031.0,2020,TESLA,MODEL Y,Battery Electric Vehicle (BEV),Clean Alternative Fuel Vehicle Eligible,291,33.0,PUGET SOUND ENERGY INC||CITY OF TACOMA - (WA),0.9931740614334471,-0.6882057997189841,Long
Clark,Vancouver,WA,98661.0,2025,AUDI,Q6,Battery Electric Vehicle (BEV),Eligibility unknown as battery range has not been researched,0,49.0,BONNEVILLE POWER ADMINISTRATION||PUD NO 1 OF CLARK COUNTY - (WA),0.0,0.9101348319226953,Unknown/Not Researched
King,Seattle,WA,98107.0,2024,SUBARU,SOLTERRA,Battery Electric Vehicle (BEV),Eligibility unknown as battery range has not been researched,0,36.0,CITY OF SEATTLE - (WA)|CITY OF TACOMA - (WA),0.0,0.5904667055943594,Unknown/Not Researched
King,Sammamish,WA,98075.0,2026,TESLA,MODEL Y,Battery Electric Vehicle (BEV),Eligibility unknown as battery range has not been researched,0,41.0,PUGET SOUND ENERGY INC||CITY OF TACOMA - (WA),0.0,1.2298029582510313,Unknown/Not Researched
Clark,Vancouver,WA,98684.0,2024,HYUNDAI,IONIQ 5,Battery Electric Vehicle (BEV),Eligibility unknown as battery range has not been researched,0,17.0,BONNEVILLE POWER ADMINISTRATION||PUD NO 1 OF CLARK COUNTY - (WA),0.0,0.5904667055943594,Unknown/Not Researched
Snohomish,Lynnwood,WA,98087.0,2019,TOYOTA,PRIUS PRIME (PHEV),Plug-in Hybrid Electric Vehicle (PHEV),Not eligible due to low battery range,25,21.0,PUGET SOUND ENERGY INC,0.08532423208191127,-1.00787392604732,Short
King,Bellevue,WA,98004.0,2025,MERCEDES-BENZ,GLE-CLASS,Plug-in Hybrid Electric Vehicle (PHEV),Clean Alternative Fuel Vehicle Eligible,49,48.0,PUGET SOUND ENERGY INC||CITY OF TACOMA - (WA),0.16723549488054607,0.9101348319226953,Short
King,Kirkland,WA,98033.0,2018,HONDA,CLARITY,Plug-in Hybrid Electric Vehicle (PHEV),Clean Alternative Fuel Vehicle Eligible,47,45.0,PUGET SOUND ENERGY INC||CITY OF TACOMA - (WA),0.16040955631399317,-1.3275420523756558,Short
King,Auburn,WA,98092.0,2023,TESLA,MODEL Y,Battery Electric Vehicle (BEV),Eligibility unknown as battery range has not been researched,0,47.0,PUGET SOUND ENERGY INC||CITY OF TACOMA - (WA),0.0,0.2707985792660235,Unknown/Not Researched
King,Newcastle,WA,98056.0,2026,MERCEDES-BENZ,GLC-CLASS,Plug-in Hybrid Electric Vehicle (PHEV),Clean Alternative Fuel Vehicle Eligible,54,41.0,PUGET SOUND ENERGY INC||CITY OF TACOMA - (WA),0.18430034129692832,1.2298029582510313,Medium
King,Kirkland,WA,98033.0,2017,KIA,SOUL,Battery Electric Vehicle (BEV),Clean Alternative Fuel Vehicle Eligible,93,48.0,PUGET SOUND ENERGY INC||CITY OF TACOMA - (WA),0.3174061433447099,-1.647210178703992,Medium
King,Seattle,WA,98177.0,2026,TESLA,MODEL Y,Battery Electric Vehicle (BEV),Eligibility unknown as battery range has not been researched,0,36.0,CITY OF SEATTLE - (WA)|CITY OF TACOMA - (WA),0.0,1.2298029582510313,Unknown/Not Researched
King,Kirkland,WA,98034.0,2025,TESLA,MODEL Y,Battery Electric Vehicle (BEV),Eligibility unknown as battery range has not been researched,0,1.0,PUGET SOUND ENERGY INC||CITY OF TACOMA - (WA),0.0,0.9101348319226953,Unknown/Not Researched
King,Bellevue,WA,98005.0,2023,FORD,F-150,Battery Electric Vehicle (BEV),Eligibility unknown as battery range has not been researched,0,48.0,PUGET SOUND ENERGY INC||CITY OF TACOMA - (WA),0.0,0.2707985792660235,Unknown/Not Researched
King,Sammamish,WA,98075.0,2026,TESLA,MODEL Y,Battery Electric Vehicle (BEV),Eligibility unknown as battery range has not been researched,0,41.0,PUGET SOUND ENERGY INC||CITY OF TACOMA - (WA),0.0,1.2298029582510313,Unknown/Not Researched
Jefferson,Port Townsend,WA,98368.0,2022,NISSAN,LEAF,Battery Electric Vehicle (BEV),Eligibility unknown as battery range has not been researched,0,24.0,BONNEVILLE POWER ADMINISTRATION||PUGET SOUND ENERGY INC||PUD NO 1 OF JEFFERSON COUNTY,0.0,-0.04886954706231235,Unknown/Not Researched
King,Auburn,WA,98092.0,2019,TESLA,MODEL 3,Battery Electric Vehicle (BEV),Clean Alternative Fuel Vehicle Eligible,220,47.0,PUGET SOUND ENERGY INC||CITY OF TACOMA - (WA),0.7508532423208191,-1.00787392604732,Long
King,Seattle,WA,98101.0,2025,MERCEDES-BENZ,GLC-CLASS,Plug-in Hybrid Electric Vehicle (PHEV),Clean Alternative Fuel Vehicle Eligible,54,43.0,CITY OF SEATTLE - (WA)|CITY OF TACOMA - (WA),0.18430034129692832,0.9101348319226953,Medium
Yakima,Yakima,WA,98908.0,2021,PORSCHE,CAYENNE,Plug-in Hybrid Electric Vehicle (PHEV),Not eligible due to low battery range,16,14.0,PACIFICORP,0.05460750853242321,-0.36853767339064825,Short
Kitsap,Silverdale,WA,98383.0,2017,TOYOTA,PRIUS PRIME (PHEV),Plug-in Hybrid Electric Vehicle (PHEV),Not eligible due to low battery range,25,23.0,PUGET SOUND ENERGY INC,0.08532423208191127,-1.647210178703992,Short
King,Duvall,WA,98019.0,2025,TESLA,MODEL Y,Battery Electric Vehicle (BEV),Eligibility unknown as battery range has not been researched,0,45.0,PUGET SOUND ENERGY INC||CITY OF TACOMA - (WA),0.0,0.9101348319226953,Unknown/Not Researched
King,Bellevue,WA,98007.0,2026,TESLA,MODEL Y,Battery Electric Vehicle (BEV),Eligibility unknown as battery range has not been researched,0,41.0,PUGET SOUND ENERGY INC||CITY OF TACOMA - (WA),0.0,1.2298029582510313,Unknown/Not Researched
King,Shoreline,WA,98177.0,2021,TOYOTA,PRIUS PRIME (PHEV),Plug-in Hybrid Electric Vehicle (PHEV),Not eligible due to low battery range,25,32.0,CITY OF SEATTLE - (WA)|CITY OF TACOMA - (WA),0.08532423208191127,-0.36853767339064825,Short
King,Bothell,WA,98011.0,2014,FORD,C-MAX,Plug-in Hybrid Electric Vehicle (PHEV),Not eligible due to low battery range,19,1.0,PUGET SOUND ENERGY INC||CITY OF TACOMA - (WA),0.06484641638225255,-2.6062145576889995,Short
King,Kirkland,WA,98033.0,2021,BMW,X5,Plug-in Hybrid Electric Vehicle (PHEV),Clean Alternative Fuel Vehicle Eligible,30,48.0,PUGET SOUND ENERGY INC||CITY OF TACOMA - (WA),0.10238907849829351,-0.36853767339064825,Short
King,Seattle,WA,98199.0,2020,MERCEDES-BENZ,GLC-CLASS,Plug-in Hybrid Electric Vehicle (PHEV),Not eligible due to low battery range,22,36.0,CITY OF SEATTLE - (WA)|CITY OF TACOMA - (WA),0.07508532423208192,-0.6882057997189841,Short
King,Shoreline,WA,98133.0,2026,SUBARU,SOLTERRA,Battery Electric Vehicle (BEV),Eligibility unknown as battery range has not been researched,0,32.0,CITY OF SEATTLE - (WA)|CITY OF TACOMA - (WA),0.0,1.2298029582510313,Unknown/Not Researched
Yakima,Yakima,WA,98908.0,2021,JEEP,WRANGLER,Plug-in Hybrid Electric Vehicle (PHEV),Not eligible due to low battery range,21,14.0,PACIFICORP,0.07167235494880546,-0.36853767339064825,Short
Thurston,Olympia,WA,98512.0,2011,NISSAN,LEAF,Battery Electric Vehicle (BEV),Clean Alternative Fuel Vehicle Eligible,73,35.0,PUGET SOUND ENERGY INC,0.24914675767918087,-3.565218936674007,Medium
King,Seattle,WA,98125.0,2026,TESLA,MODEL Y,Battery Electric Vehicle (BEV),Eligibility unknown as battery range has not been researched,0,46.0,CITY OF SEATTLE - (WA)|CITY OF TACOMA - (WA),0.0,1.2298029582510313,Unknown/Not Researched
King,Kent,WA,98031.0,2016,KIA,SOUL,Battery Electric Vehicle (BEV),Clean Alternative Fuel Vehicle Eligible,93,11.0,PUGET SOUND ENERGY INC||CITY OF TACOMA - (WA),0.3174061433447099,-1.9668783050323277,Medium
King,Tukwila,WA,98178.0,2026,TESLA,MODEL Y,Battery Electric Vehicle (BEV),Eligibility unknown as battery range has not been researched,0,11.0,CITY OF SEATTLE - (WA)|CITY OF TACOMA - (WA),0.0,1.2298029582510313,Unknown/Not Researched
King,Bellevue,WA,98006.0,2018,PORSCHE,PANAMERA,Plug-in Hybrid Electric Vehicle (PHEV),Not eligible due to low battery range,14,41.0,PUGET SOUND ENERGY INC||CITY OF TACOMA - (WA),0.04778156996587031,-1.3275420523756558,Short
Thurston,Olympia,WA,98502.0,2025,TOYOTA,RAV4 PRIME (PHEV),Plug-in Hybrid Electric Vehicle (PHEV),Clean Alternative Fuel Vehicle Eligible,42,22.0,PUGET SOUND ENERGY INC,0.14334470989761092,0.9101348319226953,Short
King,Woodinville,WA,98072.0,2023,BMW,530E,Plug-in Hybrid Electric Vehicle (PHEV),Not eligible due to low battery range,18,45.0,PUGET SOUND ENERGY INC||CITY OF TACOMA - (WA),0.06143344709897611,0.2707985792660235,Short
King,Sammamish,WA,98075.0,2023,TESLA,MODEL Y,Battery Electric Vehicle (BEV),Eligibility unknown as battery range has not been researched,0,41.0,PUGET SOUND ENERGY INC||CITY OF TACOMA - (WA),0.0,0.2707985792660235,Unknown/Not Researched
King,Kirkland,WA,98034.0,2018,NISSAN,LEAF,Battery Electric Vehicle (BEV),Clean Alternative Fuel Vehicle Eligible,151,1.0,PUGET SOUND ENERGY INC||CITY OF TACOMA - (WA),0.515358361774744,-1.3275420523756558,Long
King,Bellevue,WA,98004.0,2024,TESLA,MODEL Y,Battery Electric Vehicle (BEV),Eligibility unknown as battery range has not been researched,0,41.0,PUGET SOUND ENERGY INC||CITY OF TACOMA - (WA),0.0,0.5904667055943594,Unknown/Not Researched
King,Bothell,WA,98011.0,2025,BMW,IX,Battery Electric Vehicle (BEV),Eligibility unknown as battery range has not been researched,0,1.0,PUGET SOUND ENERGY INC||CITY OF TACOMA - (WA),0.0,0.9101348319226953,Unknown/Not Researched
Snohomish,Mill Creek,WA,98012.0,2024,TESLA,MODEL Y,Battery Electric Vehicle (BEV),Eligibility unknown as battery range has not been researched,0,44.0,PUGET SOUND ENERGY INC,0.0,0.5904667055943594,Unknown/Not Researched
King,Bothell,WA,98011.0,2024,SUBARU,SOLTERRA,Battery Electric Vehicle (BEV),Eligibility unknown as battery range has not been researched,0,1.0,PUGET SOUND ENERGY INC||CITY OF TACOMA - (WA),0.0,0.5904667055943594,Unknown/Not Researched
King,Kirkland,WA,98033.0,2023,TESLA,MODEL Y,Battery Electric Vehicle (BEV),Eligibility unknown as battery range has not been researched,0,45.0,PUGET SOUND ENERGY INC||CITY OF TACOMA - (WA),0.0,0.2707985792660235,Unknown/Not Researched
Kitsap,Bainbridge Island,WA,98110.0,2016,TESLA,MODEL X,Battery Electric Vehicle (BEV),Clean Alternative Fuel Vehicle Eligible,200,23.0,PUGET SOUND ENERGY INC,0.6825938566552902,-1.9668783050323277,Long
King,Sammamish,WA,98075.0,2022,TESLA,MODEL Y,Battery Electric Vehicle (BEV),Eligibility unknown as battery range has not been researched,0,41.0,PUGET SOUND ENERGY INC||CITY OF TACOMA - (WA),0.0,-0.04886954706231235,Unknown/Not Researched
King,Des Moines,WA,98198.0,2022,TESLA,MODEL 3,Battery Electric Vehicle (BEV),Eligibility unknown as battery range has not been researched,0,33.0,PUGET SOUND ENERGY INC||CITY OF TACOMA - (WA),0.0,-0.04886954706231235,Unknown/Not Researched
King,Kirkland,WA,98033.0,2022,FORD,TRANSIT,Battery Electric Vehicle (BEV),Eligibility unknown as battery range has not been researched,0,48.0,PUGET SOUND ENERGY INC||CITY OF TACOMA - (WA),0.0,-0.04886954706231235,Unknown/Not Researched
King,Seattle,WA,98146.0,2019,NISSAN,LEAF,Battery Electric Vehicle (BEV),Clean Alternative Fuel Vehicle Eligible,150,34.0,CITY OF SEATTLE - (WA)|CITY OF TACOMA - (WA),0.5119453924914675,-1.00787392604732,Medium
King,Seattle,WA,98125.0,2022,NISSAN,LEAF,Battery Electric Vehicle (BEV),Eligibility unknown as battery range has not been researched,0,46.0,CITY OF SEATTLE - (WA)|CITY OF TACOMA - (WA),0.0,-0.04886954706231235,Unknown/Not Researched
King,Bellevue,WA,98004.0,2018,TESLA,MODEL 3,Battery Electric Vehicle (BEV),Clean Alternative Fuel Vehicle Eligible,215,48.0,PUGET SOUND ENERGY INC||CITY OF TACOMA - (WA),0.7337883959044369,-1.3275420523756558,Long
King,Bellevue,WA,98005.0,2024,AUDI,Q8,Battery Electric Vehicle (BEV),Eligibility unknown as battery range has not been researched,0,48.0,PUGET SOUND ENERGY INC||CITY OF TACOMA - (WA),0.0,0.5904667055943594,Unknown/Not Researched
King,Bellevue,WA,98006.0,2023,MERCEDES-BENZ,EQB-CLASS,Battery Electric Vehicle (BEV),Eligibility unknown as battery range has not been researched,0,41.0,PUGET SOUND ENERGY INC||CITY OF TACOMA - (WA),0.0,0.2707985792660235,Unknown/Not Researched
King,Bellevue,WA,98004.0,2018,TESLA,MODEL X,Battery Electric Vehicle (BEV),Clean Alternative Fuel Vehicle Eligible,238,48.0,PUGET SOUND ENERGY INC||CITY OF TACOMA - (WA),0.8122866894197952,-1.3275420523756558,Long
King,Tukwila,WA,98168.0,2023,TESLA,MODEL 3,Battery Electric Vehicle (BEV),Eligibility unknown as battery range has not been researched,0,11.0,CITY OF SEATTLE - (WA)|CITY OF TACOMA - (WA),0.0,0.2707985792660235,Unknown/Not Researched
Kitsap,Bainbridge Island,WA,98110.0,2021,FORD,MUSTANG MACH-E,Battery Electric Vehicle (BEV),Eligibility unknown as battery range has not been researched,0,23.0,PUGET SOUND ENERGY INC,0.0,-0.36853767339064825,Unknown/Not Researched
Kitsap,Bremerton,WA,98337.0,2016,CHEVROLET,SPARK,Battery Electric Vehicle (BEV),Clean Alternative Fuel Vehicle Eligible,82,26.0,PUGET SOUND ENERGY INC,0.27986348122866894,-1.9668783050323277,Medium
King,Bellevue,WA,98004.0,2025,VOLKSWAGEN,ID. BUZZ,Battery Electric Vehicle (BEV),Eligibility unknown as battery range has not been researched,0,48.0,PUGET SOUND ENERGY INC||CITY OF TACOMA - (WA),0.0,0.9101348319226953,Unknown/Not Researched
King,Renton,WA,98056.0,2024,TESLA,MODEL Y,Battery Electric Vehicle (BEV),Eligibility unknown as battery range has not been researched,0,11.0,PUGET SOUND ENERGY INC||CITY OF TACOMA - (WA),0.0,0.5904667055943594,Unknown/Not Researched
King,Seattle,WA,98144.0,2025,VOLKSWAGEN,ID.4,Battery Electric Vehicle (BEV),Eligibility unknown as battery range has not been researched,0,37.0,CITY OF SEATTLE - (WA)|CITY OF TACOMA - (WA),0.0,0.9101348319226953,Unknown/Not Researched
King,Redmond,WA,98052.0,2019,TESLA,MODEL 3,Battery Electric Vehicle (BEV),Clean Alternative Fuel Vehicle Eligible,220,45.0,PUGET SOUND ENERGY INC||CITY OF TACOMA - (WA),0.7508532423208191,-1.00787392604732,Long
Island,Oak Harbor,WA,98277.0,2023,TESLA,MODEL Y,Battery Electric Vehicle (BEV),Eligibility unknown as battery range has not been researched,0,10.0,PUGET SOUND ENERGY INC,0.0,0.2707985792660235,Unknown/Not Researched
King,Seattle,WA,98177.0,2018,CHRYSLER,PACIFICA,Plug-in Hybrid Electric Vehicle (PHEV),Clean Alternative Fuel Vehicle Eligible,33,36.0,CITY OF SEATTLE - (WA)|CITY OF TACOMA - (WA),0.11262798634812286,-1.3275420523756558,Short
Clark,Vancouver,WA,98682.0,2026,KIA,SPORTAGE,Plug-in Hybrid Electric Vehicle (PHEV),Clean Alternative Fuel Vehicle Eligible,33,17.0,BONNEVILLE POWER ADMINISTRATION||PUD NO 1 OF CLARK COUNTY - (WA),0.11262798634812286,1.2298029582510313,Short
King,Tukwila,WA,98188.0,2024,AUDI,Q8,Battery Electric Vehicle (BEV),Eligibility unknown as battery range has not been researched,0,11.0,PUGET SOUND ENERGY INC||CITY OF TACOMA - (WA),0.0,0.5904667055943594,Unknown/Not Researched
King,Kirkland,WA,98033.0,2023,TESLA,MODEL Y,Battery Electric Vehicle (BEV),Eligibility unknown as battery range has not been researched,0,48.0,PUGET SOUND ENERGY INC||CITY OF TACOMA - (WA),0.0,0.2707985792660235,Unknown/Not Researched
King,Redmond,WA,98052.0,2022,HYUNDAI,SANTA FE,Plug-in Hybrid Electric Vehicle (PHEV),Clean Alternative Fuel Vehicle Eligible,31,45.0,PUGET SOUND ENERGY INC||CITY OF TACOMA - (WA),0.10580204778156997,-0.04886954706231235,Short
King,Bellevue,WA,98007.0,2024,CADILLAC,LYRIQ,Battery Electric Vehicle (BEV),Eligibility unknown as battery range has not been researched,0,48.0,PUGET SOUND ENERGY INC||CITY OF TACOMA - (WA),0.0,0.5904667055943594,Unknown/Not Researched
King,Kent,WA,98030.0,2025,HYUNDAI,IONIQ 5,Battery Electric Vehicle (BEV),Eligibility unknown as battery range has not been researched,0,47.0,PUGET SOUND ENERGY INC||CITY OF TACOMA - (WA),0.0,0.9101348319226953,Unknown/Not Researched
King,Seattle,WA,98101.0,2022,TESLA,MODEL 3,Battery Electric Vehicle (BEV),Eligibility unknown as battery range has not been researched,0,43.0,CITY OF SEATTLE - (WA)|CITY OF TACOMA - (WA),0.0,-0.04886954706231235,Unknown/Not Researched
Clark,Vancouver,WA,98685.0,2023,RIVIAN,R1S,Battery Electric Vehicle (BEV),Eligibility unknown as battery range has not been researched,0,18.0,BONNEVILLE POWER ADMINISTRATION||PUD NO 1 OF CLARK COUNTY - (WA),0.0,0.2707985792660235,Unknown/Not Researched
King,Kent,WA,98032.0,2024,FORD,ESCAPE,Plug-in Hybrid Electric Vehicle (PHEV),Clean Alternative Fuel Vehicle Eligible,37,33.0,PUGET SOUND ENERGY INC||CITY OF TACOMA - (WA),0.12627986348122866,0.5904667055943594,Short
King,Seattle,WA,98125.0,2022,KIA,SORENTO,Plug-in Hybrid Electric Vehicle (PHEV),Clean Alternative Fuel Vehicle Eligible,32,46.0,CITY OF SEATTLE - (WA)|CITY OF TACOMA - (WA),0.10921501706484642,-0.04886954706231235,Short
King,Renton,WA,98055.0,2014,TOYOTA,PRIUS,Plug-in Hybrid Electric Vehicle (PHEV),Not eligible due to low battery range,6,11.0,PUGET SOUND ENERGY INC||CITY OF TACOMA - (WA),0.020477815699658702,-2.6062145576889995,Short
Clark,Vancouver,WA,98685.0,2022,TESLA,MODEL Y,Battery Electric Vehicle (BEV),Eligibility unknown as battery range has not been researched,0,18.0,BONNEVILLE POWER ADMINISTRATION||PUD NO 1 OF CLARK COUNTY - (WA),0.0,-0.04886954706231235,Unknown/Not Researched
King,Sammamish,WA,98075.0,2026,TESLA,MODEL Y,Battery Electric Vehicle (BEV),Eligibility unknown as battery range has not been researched,0,41.0,PUGET SOUND ENERGY INC||CITY OF TACOMA - (WA),0.0,1.2298029582510313,Unknown/Not Researched
King,Federal Way,WA,98023.0,2021,TESLA,MODEL Y,Battery Electric Vehicle (BEV),Eligibility unknown as battery range has not been researched,0,30.0,PUGET SOUND ENERGY INC||CITY OF TACOMA - (WA),0.0,-0.36853767339064825,Unknown/Not Researched
King,Bellevue,WA,98006.0,2023,TESLA,MODEL Y,Battery Electric Vehicle (BEV),Eligibility unknown as battery range has not been researched,0,41.0,PUGET SOUND ENERGY INC||CITY OF TACOMA - (WA),0.0,0.2707985792660235,Unknown/Not Researched
Kitsap,Olalla,WA,98359.0,2017,CHEVROLET,BOLT EV,Battery Electric Vehicle (BEV),Clean Alternative Fuel Vehicle Eligible,238,26.0,PUGET SOUND ENERGY INC,0.8122866894197952,-1.647210178703992,Long
Kitsap,Bainbridge Island,WA,98110.0,2017,TESLA,MODEL S,Battery Electric Vehicle (BEV),Clean Alternative Fuel Vehicle Eligible,210,23.0,PUGET SOUND ENERGY INC,0.7167235494880546,-1.647210178703992,Long
King,Issaquah,WA,98029.0,2022,TESLA,MODEL Y,Battery Electric Vehicle (BEV),Eligibility unknown as battery range has not been researched,0,5.0,PUGET SOUND ENERGY INC||CITY OF TACOMA - (WA),0.0,-0.04886954706231235,Unknown/Not Researched
King,Kirkland,WA,98033.0,2023,RIVIAN,R1T,Battery Electric Vehicle (BEV),Eligibility unknown as battery range has not been researched,0,45.0,PUGET SOUND ENERGY INC||CITY OF TACOMA - (WA),0.0,0.2707985792660235,Unknown/Not Researched
Kitsap,Bainbridge Island,WA,98110.0,2016,NISSAN,LEAF,Battery Electric Vehicle (BEV),Clean Alternative Fuel Vehicle Eligible,84,23.0,PUGET SOUND ENERGY INC,0.28668941979522183,-1.9668783050323277,Medium
King,Bellevue,WA,98004.0,2026,TESLA,MODEL Y,Battery Electric Vehicle (BEV),Eligibility unknown as battery range has not been researched,0,48.0,PUGET SOUND ENERGY INC||CITY OF TACOMA - (WA),0.0,1.2298029582510313,Unknown/Not Researched
King,Seattle,WA,98102.0,2023,TESLA,MODEL X,Battery Electric Vehicle (BEV),Eligibility unknown as battery range has not been researched,0,43.0,CITY OF SEATTLE - (WA)|CITY OF TACOMA - (WA),0.0,0.2707985792660235,Unknown/Not Researched
King,Bellevue,WA,98006.0,2021,TOYOTA,PRIUS PRIME (PHEV),Plug-in Hybrid Electric Vehicle (PHEV),Not eligible due to low battery range,25,41.0,PUGET SOUND ENERGY INC||CITY OF TACOMA - (WA),0.08532423208191127,-0.36853767339064825,Short
Clark,Vancouver,WA,98664.0,2025,TESLA,MODEL Y,Battery Electric Vehicle (BEV),Eligibility unknown as battery range has not been researched,0,49.0,BONNEVILLE POWER ADMINISTRATION||PUD NO 1 OF CLARK COUNTY - (WA),0.0,0.9101348319226953,Unknown/Not Researched
King,Woodinville,WA,98072.0,2025,GMC,SIERRA,Battery Electric Vehicle (BEV),Eligibility unknown as battery range has not been researched,0,45.0,PUGET SOUND ENERGY INC||CITY OF TACOMA - (WA),0.0,0.9101348319226953,Unknown/Not Researched
King,Sammamish,WA,98075.0,2021,TESLA,MODEL Y,Battery Electric Vehicle (BEV),Eligibility unknown as battery range has not been researched,0,41.0,PUGET SOUND ENERGY INC||CITY OF TACOMA - (WA),0.0,-0.36853767339064825,Unknown/Not Researched
King,Bellevue,WA,98005.0,2020,VOLVO,XC90,Plug-in Hybrid Electric Vehicle (PHEV),Not eligible due to low battery range,18,41.0,PUGET SOUND ENERGY INC||CITY OF TACOMA - (WA),0.06143344709897611,-0.6882057997189841,Short
King,Woodinville,WA,98072.0,2023,VOLVO,XC40,Battery Electric Vehicle (BEV),Eligibility unknown as battery range has not been researched,0,45.0,PUGET SOUND ENERGY INC||CITY OF TACOMA - (WA),0.0,0.2707985792660235,Unknown/Not Researched
Kitsap,Kingston,WA,98346.0,2013,NISSAN,LEAF,Battery Electric Vehicle (BEV),Clean Alternative Fuel Vehicle Eligible,75,23.0,PUGET SOUND ENERGY INC,0.25597269624573377,-2.9258826840173353,Medium
King,Bellevue,WA,98004.0,2024,BMW,330E,Plug-in Hybrid Electric Vehicle (PHEV),Not eligible due to low battery range,20,41.0,PUGET SOUND ENERGY INC||CITY OF TACOMA - (WA),0.06825938566552901,0.5904667055943594,Short
King,Renton,WA,98055.0,2025,FORD,MUSTANG MACH-E,Battery Electric Vehicle (BEV),Eligibility unknown as battery range has not been researched,0,11.0,PUGET SOUND ENERGY INC||CITY OF TACOMA - (WA),0.0,0.9101348319226953,Unknown/Not Researched
King,Bellevue,WA,98006.0,2023,BMW,IX,Battery Electric Vehicle (BEV),Eligibility unknown as battery range has not been researched,0,41.0,PUGET SOUND ENERGY INC||CITY OF TACOMA - (WA),0.0,0.2707985792660235,Unknown/Not Researched
Snohomish,Everett,WA,98208.0,2026,TESLA,MODEL Y,Battery Electric Vehicle (BEV),Eligibility unknown as battery range has not been researched,0,21.0,PUGET SOUND ENERGY INC,0.0,1.2298029582510313,Unknown/Not Researched
King,Burien,WA,98168.0,2024,TESLA,MODEL Y,Battery Electric Vehicle (BEV),Eligibility unknown as battery range has not been researched,0,33.0,CITY OF SEATTLE - (WA)|CITY OF TACOMA - (WA),0.0,0.5904667055943594,Unknown/Not Researched
King,Renton,WA,98056.0,2023,VOLKSWAGEN,ID.4,Battery Electric Vehicle (BEV),Eligibility unknown as battery range has not been researched,0,41.0,PUGET SOUND ENERGY INC||CITY OF TACOMA - (WA),0.0,0.2707985792660235,Unknown/Not Researched
Snohomish,Lynnwood,WA,98087.0,2022,TESLA,MODEL Y,Battery Electric Vehicle (BEV),Eligibility unknown as battery range has not been researched,0,21.0,PUGET SOUND ENERGY INC,0.0,-0.04886954706231235,Unknown/Not Researched
King,Kirkland,WA,98034.0,2024,CHEVROLET,EQUINOX,Battery Electric Vehicle (BEV),Eligibility unknown as battery range has not been researched,0,45.0,PUGET SOUND ENERGY INC||CITY OF TACOMA - (WA),0.0,0.5904667055943594,Unknown/Not Researched
King,Seattle,WA,98146.0,2026,TESLA,MODEL Y,Battery Electric Vehicle (BEV),Eligibility unknown as battery range has not been researched,0,34.0,CITY OF SEATTLE - (WA)|CITY OF TACOMA - (WA),0.0,1.2298029582510313,Unknown/Not Researched
Clark,Camas,WA,98607.0,2016,KIA,SOUL,Battery Electric Vehicle (BEV),Clean Alternative Fuel Vehicle Eligible,93,18.0,BONNEVILLE POWER ADMINISTRATION||PUD NO 1 OF CLARK COUNTY - (WA),0.3174061433447099,-1.9668783050323277,Medium
King,Bellevue,WA,98006.0,2022,VOLVO,XC90,Plug-in Hybrid Electric Vehicle (PHEV),Not eligible due to low battery range,18,41.0,PUGET SOUND ENERGY INC||CITY OF TACOMA - (WA),0.06143344709897611,-0.04886954706231235,Short
King,Kirkland,WA,98034.0,2022,TESLA,MODEL Y,Battery Electric Vehicle (BEV),Eligibility unknown as battery range has not been researched,0,1.0,PUGET SOUND ENERGY INC||CITY OF TACOMA - (WA),0.0,-0.04886954706231235,Unknown/Not Researched
King,Shoreline,WA,98177.0,2024,TESLA,MODEL Y,Battery Electric Vehicle (BEV),Eligibility unknown as battery range has not been researched,0,32.0,CITY OF SEATTLE - (WA)|CITY OF TACOMA - (WA),0.0,0.5904667055943594,Unknown/Not Researched
King,Kent,WA,98030.0,2024,NISSAN,ARIYA HATCHBACK,Battery Electric Vehicle (BEV),Eligibility unknown as battery range has not been researched,0,47.0,PUGET SOUND ENERGY INC||CITY OF TACOMA - (WA),0.0,0.5904667055943594,Unknown/Not Researched
King,Kent,WA,98031.0,2022,FORD,TRANSIT,Battery Electric Vehicle (BEV),Eligibility unknown as battery range has not been researched,0,47.0,PUGET SOUND ENERGY INC||CITY OF TACOMA - (WA),0.0,-0.04886954706231235,Unknown/Not Researched
King,Kirkland,WA,98033.0,2024,TESLA,MODEL Y,Battery Electric Vehicle (BEV),Eligibility unknown as battery range has not been researched,0,48.0,PUGET SOUND ENERGY INC||CITY OF TACOMA - (WA),0.0,0.5904667055943594,Unknown/Not Researched
King,Bellevue,WA,98004.0,2025,TESLA,MODEL Y,Battery Electric Vehicle (BEV),Eligibility unknown as battery range has not been researched,0,48.0,PUGET SOUND ENERGY INC||CITY OF TACOMA - (WA),0.0,0.9101348319226953,Unknown/Not Researched
King,Bellevue,WA,98006.0,2023,VOLVO,C40,Battery Electric Vehicle (BEV),Eligibility unknown as battery range has not been researched,0,41.0,PUGET SOUND ENERGY INC||CITY OF TACOMA - (WA),0.0,0.2707985792660235,Unknown/Not Researched
King,Kirkland,WA,98033.0,2026,TESLA,MODEL Y,Battery Electric Vehicle (BEV),Eligibility unknown as battery range has not been researched,0,48.0,PUGET SOUND ENERGY INC||CITY OF TACOMA - (WA),0.0,1.2298029582510313,Unknown/Not Researched
Clark,Camas,WA,98607.0,2026,TESLA,MODEL Y,Battery Electric Vehicle (BEV),Eligibility unknown as battery range has not been researched,0,18.0,BONNEVILLE POWER ADMINISTRATION||PUD NO 1 OF CLARK COUNTY - (WA),0.0,1.2298029582510313,Unknown/Not Researched
King,Seattle,WA,98109.0,2024,TESLA,MODEL Y,Battery Electric Vehicle (BEV),Eligibility unknown as battery range has not been researched,0,36.0,CITY OF SEATTLE - (WA)|CITY OF TACOMA - (WA),0.0,0.5904667055943594,Unknown/Not Researched
Thurston,Tumwater,WA,98512.0,2017,NISSAN,LEAF,Battery Electric Vehicle (BEV),Clean Alternative Fuel Vehicle Eligible,107,22.0,PUGET SOUND ENERGY INC,0.3651877133105802,-1.647210178703992,Medium
King,Seattle,WA,98109.0,2023,TESLA,MODEL Y,Battery Electric Vehicle (BEV),Eligibility unknown as battery range has not been researched,0,36.0,CITY OF SEATTLE - (WA)|CITY OF TACOMA - (WA),0.0,0.2707985792660235,Unknown/Not Researched
King,Seattle,WA,98116.0,2023,TOYOTA,PRIUS PRIME (PHEV),Plug-in Hybrid Electric Vehicle (PHEV),Clean Alternative Fuel Vehicle Eligible,39,34.0,CITY OF SEATTLE - (WA)|CITY OF TACOMA - (WA),0.13310580204778158,0.2707985792660235,Short
King,Seattle,WA,98109.0,2021,TOYOTA,RAV4 PRIME (PHEV),Plug-in Hybrid Electric Vehicle (PHEV),Clean Alternative Fuel Vehicle Eligible,42,36.0,CITY OF SEATTLE - (WA)|CITY OF TACOMA - (WA),0.14334470989761092,-0.36853767339064825,Short
Clark,Vancouver,WA,98660.0,2022,AUDI,E-TRON,Battery Electric Vehicle (BEV),Eligibility unknown as battery range has not been researched,0,49.0,BONNEVILLE POWER ADMINISTRATION||PUD NO 1 OF CLARK COUNTY - (WA),0.0,-0.04886954706231235,Unknown/Not Researched
Clark,Vancouver,WA,98683.0,2022,TESLA,MODEL 3,Battery Electric Vehicle (BEV),Eligibility unknown as battery range has not been researched,0,17.0,BONNEVILLE POWER ADMINISTRATION||PUD NO 1 OF CLARK COUNTY - (WA),0.0,-0.04886954706231235,Unknown/Not Researched
Kitsap,Silverdale,WA,98383.0,2024,RIVIAN,R1S,Battery Electric Vehicle (BEV),Eligibility unknown as battery range has not been researched,0,23.0,PUGET SOUND ENERGY INC,0.0,0.5904667055943594,Unknown/Not Researched
King,Seattle,WA,98178.0,2026,TESLA,MODEL Y,Battery Electric Vehicle (BEV),Eligibility unknown as battery range has not been researched,0,37.0,CITY OF SEATTLE - (WA)|CITY OF TACOMA - (WA),0.0,1.2298029582510313,Unknown/Not Researched
King,Seattle,WA,98133.0,2021,TESLA,MODEL Y,Battery Electric Vehicle (BEV),Eligibility unknown as battery range has not been researched,0,32.0,CITY OF SEATTLE - (WA)|CITY OF TACOMA - (WA),0.0,-0.36853767339064825,Unknown/Not Researched
King,Seatac,WA,98188.0,2023,TESLA,MODEL Y,Battery Electric Vehicle (BEV),Eligibility unknown as battery range has not been researched,0,33.0,PUGET SOUND ENERGY INC||CITY OF TACOMA - (WA),0.0,0.2707985792660235,Unknown/Not Researched
King,Seattle,WA,98125.0,2024,HYUNDAI,TUCSON,Plug-in Hybrid Electric Vehicle (PHEV),Clean Alternative Fuel Vehicle Eligible,33,46.0,CITY OF SEATTLE - (WA)|CITY OF TACOMA - (WA),0.11262798634812286,0.5904667055943594,Short
King,Bellevue,WA,98004.0,2019,TESLA,MODEL 3,Battery Electric Vehicle (BEV),Clean Alternative Fuel Vehicle Eligible,220,48.0,PUGET SOUND ENERGY INC||CITY OF TACOMA - (WA),0.7508532423208191,-1.00787392604732,Long
King,Seattle,WA,98107.0,2022,CHEVROLET,BOLT EUV,Battery Electric Vehicle (BEV),Eligibility unknown as battery range has not been researched,0,43.0,CITY OF SEATTLE - (WA)|CITY OF TACOMA - (WA),0.0,-0.04886954706231235,Unknown/Not Researched
King,Seattle,WA,98119.0,2025,LUCID,AIR,Battery Electric Vehicle (BEV),Eligibility unknown as battery range has not been researched,0,36.0,CITY OF SEATTLE - (WA)|CITY OF TACOMA - (WA),0.0,0.9101348319226953,Unknown/Not Researched
King,Renton,WA,98055.0,2025,TESLA,MODEL Y,Battery Electric Vehicle (BEV),Eligibility unknown as battery range has not been researched,0,11.0,PUGET SOUND ENERGY INC||CITY OF TACOMA - (WA),0.0,0.9101348319226953,Unknown/Not Researched
King,Kent,WA,98042.0,2026,TESLA,MODEL Y,Battery Electric Vehicle (BEV),Eligibility unknown as battery range has not been researched,0,47.0,PUGET SOUND ENERGY INC||CITY OF TACOMA - (WA),0.0,1.2298029582510313,Unknown/Not Researched
King,Bothell,WA,98011.0,2022,JEEP,GRAND CHEROKEE,Plug-in Hybrid Electric Vehicle (PHEV),Not eligible due to low battery range,25,1.0,PUGET SOUND ENERGY INC||CITY OF TACOMA - (WA),0.08532423208191127,-0.04886954706231235,Short
King,Seattle,WA,98109.0,2026,BMW,M5,Plug-in Hybrid Electric Vehicle (PHEV),Not eligible due to low battery range,25,36.0,CITY OF SEATTLE - (WA)|CITY OF TACOMA - (WA),0.08532423208191127,1.2298029582510313,Short
King,Renton,WA,98056.0,2021,TESLA,MODEL 3,Battery Electric Vehicle (BEV),Eligibility unknown as battery range has not been researched,0,41.0,PUGET SOUND ENERGY INC||CITY OF TACOMA - (WA),0.0,-0.36853767339064825,Unknown/Not Researched
Clallam,Port Angeles,WA,98362.0,2026,LEXUS,RZ,Battery Electric Vehicle (BEV),Eligibility unknown as battery range has not been researched,0,24.0,BONNEVILLE POWER ADMINISTRATION||PUD NO 1 OF CLALLAM COUNTY,0.0,1.2298029582510313,Unknown/Not Researched
King,Seattle,WA,98107.0,2014,MITSUBISHI,I-MIEV,Battery Electric Vehicle (BEV),Clean Alternative Fuel Vehicle Eligible,62,43.0,CITY OF SEATTLE - (WA)|CITY OF TACOMA - (WA),0.21160409556313994,-2.6062145576889995,Medium
King,Kenmore,WA,98028.0,2023,TESLA,MODEL Y,Battery Electric Vehicle (BEV),Eligibility unknown as battery range has not been researched,0,46.0,PUGET SOUND ENERGY INC||CITY OF TACOMA - (WA),0.0,0.2707985792660235,Unknown/Not Researched
King,Seattle,WA,98133.0,2024,TESLA,MODEL Y,Battery Electric Vehicle (BEV),Eligibility unknown as battery range has not been researched,0,46.0,CITY OF SEATTLE - (WA)|CITY OF TACOMA - (WA),0.0,0.5904667055943594,Unknown/Not Researched
King,Seattle,WA,98177.0,2025,RIVIAN,R1S,Battery Electric Vehicle (BEV),Eligibility unknown as battery range has not been researched,0,32.0,CITY OF SEATTLE - (WA)|CITY OF TACOMA - (WA),0.0,0.9101348319226953,Unknown/Not Researched
King,Lake Forest Park,WA,98155.0,2021,AUDI,E-TRON,Battery Electric Vehicle (BEV),Clean Alternative Fuel Vehicle Eligible,222,46.0,CITY OF SEATTLE - (WA)|CITY OF TACOMA - (WA),0.757679180887372,-0.36853767339064825,Long
Kitsap,Bainbridge Island,WA,98110.0,2023,HYUNDAI,IONIQ 5,Battery Electric Vehicle (BEV),Eligibility unknown as battery range has not been researched,0,23.0,PUGET SOUND ENERGY INC,0.0,0.2707985792660235,Unknown/Not Researched
Kitsap,Bremerton,WA,98311.0,2023,KIA,NIRO,Battery Electric Vehicle (BEV),Eligibility unknown as battery range has not been researched,0,23.0,PUGET SOUND ENERGY INC,0.0,0.2707985792660235,Unknown/Not Researched
King,Seattle,WA,98103.0,2022,CHEVROLET,BOLT EUV,Battery Electric Vehicle (BEV),Eligibility unknown as battery range has not been researched,0,36.0,CITY OF SEATTLE - (WA)|CITY OF TACOMA - (WA),0.0,-0.04886954706231235,Unknown/Not Researched
King,Kirkland,WA,98033.0,2025,LAMBORGHINI,URUS,Plug-in Hybrid Electric Vehicle (PHEV),Clean Alternative Fuel Vehicle Eligible,37,45.0,PUGET SOUND ENERGY INC||CITY OF TACOMA - (WA),0.12627986348122866,0.9101348319226953,Short
Snohomish,Everett,WA,98201.0,2014,BMW,I3,Plug-in Hybrid Electric Vehicle (PHEV),Clean Alternative Fuel Vehicle Eligible,72,38.0,PUGET SOUND ENERGY INC,0.24573378839590443,-2.6062145576889995,Medium
Clark,Vancouver,WA,98686.0,2024,FORD,MUSTANG MACH-E,Battery Electric Vehicle (BEV),Eligibility unknown as battery range has not been researched,0,17.0,BONNEVILLE POWER ADMINISTRATION||PUD NO 1 OF CLARK COUNTY - (WA),0.0,0.5904667055943594,Unknown/Not Researched
King,Kirkland,WA,98033.0,2023,KIA,EV6,Battery Electric Vehicle (BEV),Eligibility unknown as battery range has not been researched,0,45.0,PUGET SOUND ENERGY INC||CITY OF TACOMA - (WA),0.0,0.2707985792660235,Unknown/Not Researched
King,Kirkland,WA,98033.0,2024,TESLA,MODEL Y,Battery Electric Vehicle (BEV),Eligibility unknown as battery range has not been researched,0,48.0,PUGET SOUND ENERGY INC||CITY OF TACOMA - (WA),0.0,0.5904667055943594,Unknown/Not Researched
King,Bellevue,WA,98005.0,2025,TESLA,MODEL Y,Battery Electric Vehicle (BEV),Eligibility unknown as battery range has not been researched,0,48.0,PUGET SOUND ENERGY INC||CITY OF TACOMA - (WA),0.0,0.9101348319226953,Unknown/Not Researched
Yakima,Yakima,WA,98908.0,2018,TESLA,MODEL 3,Battery Electric Vehicle (BEV),Clean Alternative Fuel Vehicle Eligible,215,14.0,PACIFICORP,0.7337883959044369,-1.3275420523756558,Long
Clark,Vancouver,WA,98662.0,2024,SUBARU,SOLTERRA,Battery Electric Vehicle (BEV),Eligibility unknown as battery range has not been researched,0,17.0,BONNEVILLE POWER ADMINISTRATION||PUD NO 1 OF CLARK COUNTY - (WA),0.0,0.5904667055943594,Unknown/Not Researched
King,Beaux Arts,WA,98004.0,2018,NISSAN,LEAF,Battery Electric Vehicle (BEV),Clean Alternative Fuel Vehicle Eligible,151,48.0,PUGET SOUND ENERGY INC||CITY OF TACOMA - (WA),0.515358361774744,-1.3275420523756558,Long
Snohomish,Snohomish,WA,98290.0,2023,FORD,F-150,Battery Electric Vehicle (BEV),Eligibility unknown as battery range has not been researched,0,44.0,PUGET SOUND ENERGY INC,0.0,0.2707985792660235,Unknown/Not Researched
Snohomish,Lynnwood,WA,98087.0,2023,TESLA,MODEL Y,Battery Electric Vehicle (BEV),Eligibility unknown as battery range has not been researched,0,21.0,PUGET SOUND ENERGY INC,0.0,0.2707985792660235,Unknown/Not Researched
Clark,Ridgefield,WA,98642.0,2019,TESLA,MODEL 3,Battery Electric Vehicle (BEV),Clean Alternative Fuel Vehicle Eligible,220,17.0,BONNEVILLE POWER ADMINISTRATION||PUD NO 1 OF CLARK COUNTY - (WA),0.7508532423208191,-1.00787392604732,Long
King,Seattle,WA,98119.0,2025,LUCID,AIR,Battery Electric Vehicle (BEV),Eligibility unknown as battery range has not been researched,0,36.0,CITY OF SEATTLE - (WA)|CITY OF TACOMA - (WA),0.0,0.9101348319226953,Unknown/Not Researched
Clark,Vancouver,WA,98682.0,2025,JEEP,WRANGLER,Plug-in Hybrid Electric Vehicle (PHEV),Not eligible due to low battery range,21,17.0,BONNEVILLE POWER ADMINISTRATION||PUD NO 1 OF CLARK COUNTY - (WA),0.07167235494880546,0.9101348319226953,Short
King,Tukwila,WA,98188.0,2024,TESLA,MODEL Y,Battery Electric Vehicle (BEV),Eligibility unknown as battery range has not been researched,0,11.0,CITY OF SEATTLE - (WA)|CITY OF TACOMA - (WA),0.0,0.5904667055943594,Unknown/Not Researched
King,Seattle,WA,98178.0,2026,TESLA,MODEL Y,Battery Electric Vehicle (BEV),Eligibility unknown as battery range has not been researched,0,37.0,CITY OF SEATTLE - (WA)|CITY OF TACOMA - (WA),0.0,1.2298029582510313,Unknown/Not Researched
Clark,Vancouver,WA,98684.0,2023,SUBARU,SOLTERRA,Battery Electric Vehicle (BEV),Eligibility unknown as battery range has not been researched,0,17.0,BONNEVILLE POWER ADMINISTRATION||PUD NO 1 OF CLARK COUNTY - (WA),0.0,0.2707985792660235,Unknown/Not Researched
King,Bellevue,WA,98008.0,2026,TESLA,MODEL Y,Battery Electric Vehicle (BEV),Eligibility unknown as battery range has not been researched,0,48.0,PUGET SOUND ENERGY INC||CITY OF TACOMA - (WA),0.0,1.2298029582510313,Unknown/Not Researched
King,Beaux Arts,WA,98004.0,2022,BMW,X5,Plug-in Hybrid Electric Vehicle (PHEV),Clean Alternative Fuel Vehicle Eligible,30,41.0,PUGET SOUND ENERGY INC||CITY OF TACOMA - (WA),0.10238907849829351,-0.04886954706231235,Short
King,Kirkland,WA,98033.0,2026,RIVIAN,R1S,Battery Electric Vehicle (BEV),Eligibility unknown as battery range has not been researched,0,48.0,PUGET SOUND ENERGY INC||CITY OF TACOMA - (WA),0.0,1.2298029582510313,Unknown/Not Researched
King,Seattle,WA,98177.0,2014,NISSAN,LEAF,Battery Electric Vehicle (BEV),Clean Alternative Fuel Vehicle Eligible,84,32.0,CITY OF SEATTLE - (WA)|CITY OF TACOMA - (WA),0.28668941979522183,-2.6062145576889995,Medium
King,Seattle,WA,98125.0,2013,NISSAN,LEAF,Battery Electric Vehicle (BEV),Clean Alternative Fuel Vehicle Eligible,75,46.0,CITY OF SEATTLE - (WA)|CITY OF TACOMA - (WA),0.25597269624573377,-2.9258826840173353,Medium
Kitsap,Seabeck,WA,98380.0,2025,TESLA,MODEL Y,Battery Electric Vehicle (BEV),Eligibility unknown as battery range has not been researched,0,35.0,PUGET SOUND ENERGY INC,0.0,0.9101348319226953,Unknown/Not Researched
Snohomish,Monroe,WA,98272.0,2018,NISSAN,LEAF,Battery Electric Vehicle (BEV),Clean Alternative Fuel Vehicle Eligible,151,39.0,PUGET SOUND ENERGY INC,0.515358361774744,-1.3275420523756558,Long
Yakima,Selah,WA,98942.0,2016,TESLA,MODEL S,Battery Electric Vehicle (BEV),Clean Alternative Fuel Vehicle Eligible,210,15.0,PACIFICORP,0.7167235494880546,-1.9668783050323277,Long
King,Bothell,WA,98011.0,2021,TESLA,MODEL Y,Battery Electric Vehicle (BEV),Eligibility unknown as battery range has not been researched,0,1.0,PUGET SOUND ENERGY INC||CITY OF TACOMA - (WA),0.0,-0.36853767339064825,Unknown/Not Researched
King,Seattle,WA,98125.0,2020,TESLA,MODEL Y,Battery Electric Vehicle (BEV),Clean Alternative Fuel Vehicle Eligible,291,46.0,CITY OF SEATTLE - (WA)|CITY OF TACOMA - (WA),0.9931740614334471,-0.6882057997189841,Long
Kitsap,Port Orchard,WA,98367.0,2021,TESLA,MODEL Y,Battery Electric Vehicle (BEV),Eligibility unknown as battery range has not been researched,0,35.0,PUGET SOUND ENERGY INC,0.0,-0.36853767339064825,Unknown/Not Researched
King,Bellevue,WA,98008.0,2024,TESLA,MODEL X,Battery Electric Vehicle (BEV),Eligibility unknown as battery range has not been researched,0,48.0,PUGET SOUND ENERGY INC||CITY OF TACOMA - (WA),0.0,0.5904667055943594,Unknown/Not Researched
King,Sammamish,WA,98074.0,2021,TESLA,MODEL Y,Battery Electric Vehicle (BEV),Eligibility unknown as battery range has not been researched,0,45.0,PUGET SOUND ENERGY INC||CITY OF TACOMA - (WA),0.0,-0.36853767339064825,Unknown/Not Researched
King,Kirkland,WA,98034.0,2025,SUBARU,SOLTERRA,Battery Electric Vehicle (BEV),Eligibility unknown as battery range has not been researched,0,1.0,PUGET SOUND ENERGY INC||CITY OF TACOMA - (WA),0.0,0.9101348319226953,Unknown/Not Researched
King,Bellevue,WA,98004.0,2022,TESLA,MODEL Y,Battery Electric Vehicle (BEV),Eligibility unknown as battery range has not been researched,0,41.0,PUGET SOUND ENERGY INC||CITY OF TACOMA - (WA),0.0,-0.04886954706231235,Unknown/Not Researched
Clark,Vancouver,WA,98685.0,2024,TESLA,MODEL Y,Battery Electric Vehicle (BEV),Eligibility unknown as battery range has not been researched,0,18.0,BONNEVILLE POWER ADMINISTRATION||PUD NO 1 OF CLARK COUNTY - (WA),0.0,0.5904667055943594,Unknown/Not Researched
King,Bothell,WA,98011.0,2023,TESLA,MODEL Y,Battery Electric Vehicle (BEV),Eligibility unknown as battery range has not been researched,0,1.0,PUGET SOUND ENERGY INC||CITY OF TACOMA - (WA),0.0,0.2707985792660235,Unknown/Not Researched
King,Renton,WA,98059.0,2024,TESLA,MODEL Y,Battery Electric Vehicle (BEV),Eligibility unknown as battery range has not been researched,0,11.0,PUGET SOUND ENERGY INC||CITY OF TACOMA - (WA),0.0,0.5904667055943594,Unknown/Not Researched
Clark,Vancouver,WA,98683.0,2022,KIA,EV6,Battery Electric Vehicle (BEV),Eligibility unknown as battery range has not been researched,0,18.0,BONNEVILLE POWER ADMINISTRATION||PUD NO 1 OF CLARK COUNTY - (WA),0.0,-0.04886954706231235,Unknown/Not Researched
Clark,Vancouver,WA,98662.0,2021,CHEVROLET,BOLT EV,Battery Electric Vehicle (BEV),Eligibility unknown as battery range has not been researched,0,17.0,BONNEVILLE POWER ADMINISTRATION||PUD NO 1 OF CLARK COUNTY - (WA),0.0,-0.36853767339064825,Unknown/Not Researched
King,Seattle,WA,98125.0,2022,CHEVROLET,BOLT EUV,Battery Electric Vehicle (BEV),Eligibility unknown as battery range has not been researched,0,46.0,CITY OF SEATTLE - (WA)|CITY OF TACOMA - (WA),0.0,-0.04886954706231235,Unknown/Not Researched
King,Seattle,WA,98125.0,2023,CHEVROLET,BOLT EUV,Battery Electric Vehicle (BEV),Eligibility unknown as battery range has not been researched,0,46.0,CITY OF SEATTLE - (WA)|CITY OF TACOMA - (WA),0.0,0.2707985792660235,Unknown/Not Researched
King,Kent,WA,98030.0,2025,TESLA,MODEL 3,Battery Electric Vehicle (BEV),Eligibility unknown as battery range has not been researched,0,47.0,PUGET SOUND ENERGY INC||CITY OF TACOMA - (WA),0.0,0.9101348319226953,Unknown/Not Researched
King,Woodinville,WA,98072.0,2024,VOLKSWAGEN,ID.4,Battery Electric Vehicle (BEV),Eligibility unknown as battery range has not been researched,0,45.0,PUGET SOUND ENERGY INC||CITY OF TACOMA - (WA),0.0,0.5904667055943594,Unknown/Not Researched
King,North Bend,WA,98045.0,2024,TOYOTA,RAV4 PRIME (PHEV),Plug-in Hybrid Electric Vehicle (PHEV),Clean Alternative Fuel Vehicle Eligible,42,5.0,PUGET SOUND ENERGY INC||CITY OF TACOMA - (WA),0.14334470989761092,0.5904667055943594,Short
King,Redmond,WA,98052.0,2024,TESLA,MODEL 3,Battery Electric Vehicle (BEV),Eligibility unknown as battery range has not been researched,0,48.0,PUGET SOUND ENERGY INC||CITY OF TACOMA - (WA),0.0,0.5904667055943594,Unknown/Not Researched
Clark,La Center,WA,98629.0,2017,CHEVROLET,VOLT,Plug-in Hybrid Electric Vehicle (PHEV),Clean Alternative Fuel Vehicle Eligible,53,20.0,BONNEVILLE POWER ADMINISTRATION||PUD NO 1 OF CLARK COUNTY - (WA),0.18088737201365188,-1.647210178703992,Medium
Cowlitz,Woodland,WA,98674.0,2023,TOYOTA,RAV4 PRIME (PHEV),Plug-in Hybrid Electric Vehicle (PHEV),Clean Alternative Fuel Vehicle Eligible,42,20.0,BONNEVILLE POWER ADMINISTRATION||PUD NO 1 OF COWLITZ COUNTY,0.14334470989761092,0.2707985792660235,Short
Clark,Vancouver,WA,98664.0,2024,SUBARU,SOLTERRA,Battery Electric Vehicle (BEV),Eligibility unknown as battery range has not been researched,0,49.0,BONNEVILLE POWER ADMINISTRATION||PUD NO 1 OF CLARK COUNTY - (WA),0.0,0.5904667055943594,Unknown/Not Researched
King,Seattle,WA,98177.0,2019,TOYOTA,PRIUS PRIME (PHEV),Plug-in Hybrid Electric Vehicle (PHEV),Not eligible due to low battery range,25,36.0,CITY OF SEATTLE - (WA)|CITY OF TACOMA - (WA),0.08532423208191127,-1.00787392604732,Short
King,Woodinville,WA,98072.0,2022,VOLVO,XC60,Plug-in Hybrid Electric Vehicle (PHEV),Not eligible due to low battery range,18,45.0,PUGET SOUND ENERGY INC||CITY OF TACOMA - (WA),0.06143344709897611,-0.04886954706231235,Short
King,Seattle,WA,98133.0,2021,NISSAN,LEAF,Battery Electric Vehicle (BEV),Eligibility unknown as battery range has not been researched,0,32.0,CITY OF SEATTLE - (WA)|CITY OF TACOMA - (WA),0.0,-0.36853767339064825,Unknown/Not Researched
King,Auburn,WA,98002.0,2018,TESLA,MODEL 3,Battery Electric Vehicle (BEV),Clean Alternative Fuel Vehicle Eligible,215,31.0,PUGET SOUND ENERGY INC||CITY OF TACOMA - (WA),0.7337883959044369,-1.3275420523756558,Long
King,Seattle,WA,98122.0,2024,BMW,I4,Battery Electric Vehicle (BEV),Eligibility unknown as battery range has not been researched,0,37.0,CITY OF SEATTLE - (WA)|CITY OF TACOMA - (WA),0.0,0.5904667055943594,Unknown/Not Researched
King,Bellevue,WA,98004.0,2025,RIVIAN,R1S,Battery Electric Vehicle (BEV),Eligibility unknown as battery range has not been researched,0,48.0,PUGET SOUND ENERGY INC||CITY OF TACOMA - (WA),0.0,0.9101348319226953,Unknown/Not Researched
King,Bellevue,WA,98006.0,2023,TESLA,MODEL Y,Battery Electric Vehicle (BEV),Eligibility unknown as battery range has not been researched,0,41.0,PUGET SOUND ENERGY INC||CITY OF TACOMA - (WA),0.0,0.2707985792660235,Unknown/Not Researched
Clark,Brush Prairie,WA,98606.0,2023,TESLA,MODEL Y,Battery Electric Vehicle (BEV),Eligibility unknown as battery range has not been researched,0,18.0,BONNEVILLE POWER ADMINISTRATION||PUD NO 1 OF CLARK COUNTY - (WA),0.0,0.2707985792660235,Unknown/Not Researched
Clark,Vancouver,WA,98664.0,2023,HYUNDAI,IONIQ 5,Battery Electric Vehicle (BEV),Eligibility unknown as battery range has not been researched,0,49.0,BONNEVILLE POWER ADMINISTRATION||PUD NO 1 OF CLARK COUNTY - (WA),0.0,0.2707985792660235,Unknown/Not Researched
King,Seattle,WA,98103.0,2025,CADILLAC,LYRIQ,Battery Electric Vehicle (BEV),Eligibility unknown as battery range has not been researched,0,43.0,CITY OF SEATTLE - (WA)|CITY OF TACOMA - (WA),0.0,0.9101348319226953,Unknown/Not Researched
Kitsap,Bainbridge Island,WA,98110.0,2015,TESLA,MODEL S,Battery Electric Vehicle (BEV),Clean Alternative Fuel Vehicle Eligible,208,23.0,PUGET SOUND ENERGY INC,0.7098976109215017,-2.2865464313606636,Long
King,Kirkland,WA,98033.0,2025,RIVIAN,R1S,Battery Electric Vehicle (BEV),Eligibility unknown as battery range has not been researched,0,48.0,PUGET SOUND ENERGY INC||CITY OF TACOMA - (WA),0.0,0.9101348319226953,Unknown/Not Researched
Snohomish,Lake Stevens,WA,98258.0,2018,NISSAN,LEAF,Battery Electric Vehicle (BEV),Clean Alternative Fuel Vehicle Eligible,151,44.0,PUGET SOUND ENERGY INC,0.515358361774744,-1.3275420523756558,Long
Clark,Vancouver,WA,98664.0,2026,HYUNDAI,IONIQ 5,Battery Electric Vehicle (BEV),Eligibility unknown as battery range has not been researched,0,49.0,BONNEVILLE POWER ADMINISTRATION||PUD NO 1 OF CLARK COUNTY - (WA),0.0,1.2298029582510313,Unknown/Not Researched
King,Woodinville,WA,98072.0,2019,CHEVROLET,BOLT EV,Battery Electric Vehicle (BEV),Clean Alternative Fuel Vehicle Eligible,238,45.0,PUGET SOUND ENERGY INC||CITY OF TACOMA - (WA),0.8122866894197952,-1.00787392604732,Long
Thurston,Olympia,WA,98502.0,2025,FORD,MUSTANG MACH-E,Battery Electric Vehicle (BEV),Eligibility unknown as battery range has not been researched,0,22.0,PUGET SOUND ENERGY INC,0.0,0.9101348319226953,Unknown/Not Researched
Thurston,Olympia,WA,98502.0,2019,CHEVROLET,BOLT EV,Battery Electric Vehicle (BEV),Clean Alternative Fuel Vehicle Eligible,238,22.0,PUGET SOUND ENERGY INC,0.8122866894197952,-1.00787392604732,Long
King,Kirkland,WA,98034.0,2021,TESLA,MODEL 3,Battery Electric Vehicle (BEV),Eligibility unknown as battery range has not been researched,0,45.0,PUGET SOUND ENERGY INC||CITY OF TACOMA - (WA),0.0,-0.36853767339064825,Unknown/Not Researched
King,Issaquah,WA,98029.0,2023,TESLA,MODEL Y,Battery Electric Vehicle (BEV),Eligibility unknown as battery range has not been researched,0,5.0,PUGET SOUND ENERGY INC||CITY OF TACOMA - (WA),0.0,0.2707985792660235,Unknown/Not Researched
Clark,Vancouver,WA,98685.0,2026,BMW,IX,Battery Electric Vehicle (BEV),Eligibility unknown as battery range has not been researched,0,49.0,BONNEVILLE POWER ADMINISTRATION||PUD NO 1 OF CLARK COUNTY - (WA),0.0,1.2298029582510313,Unknown/Not Researched
King,Seattle,WA,98119.0,2023,CHEVROLET,BOLT EUV,Battery Electric Vehicle (BEV),Eligibility unknown as battery range has not been researched,0,36.0,CITY OF SEATTLE - (WA)|CITY OF TACOMA - (WA),0.0,0.2707985792660235,Unknown/Not Researched
King,Seattle,WA,98125.0,2025,TESLA,MODEL 3,Battery Electric Vehicle (BEV),Eligibility unknown as battery range has not been researched,0,46.0,CITY OF SEATTLE - (WA)|CITY OF TACOMA - (WA),0.0,0.9101348319226953,Unknown/Not Researched
Clark,Vancouver,WA,98686.0,2018,NISSAN,LEAF,Battery Electric Vehicle (BEV),Clean Alternative Fuel Vehicle Eligible,151,17.0,BONNEVILLE POWER ADMINISTRATION||PUD NO 1 OF CLARK COUNTY - (WA),0.515358361774744,-1.3275420523756558,Long
Snohomish,Lake Stevens,WA,98258.0,2025,VOLKSWAGEN,ID.4,Battery Electric Vehicle (BEV),Eligibility unknown as battery range has not been researched,0,44.0,PUGET SOUND ENERGY INC,0.0,0.9101348319226953,Unknown/Not Researched
King,Kent,WA,98030.0,2024,NISSAN,LEAF,Battery Electric Vehicle (BEV),Eligibility unknown as battery range has not been researched,0,47.0,PUGET SOUND ENERGY INC||CITY OF TACOMA - (WA),0.0,0.5904667055943594,Unknown/Not Researched
Snohomish,Monroe,WA,98272.0,2023,KIA,NIRO,Plug-in Hybrid Electric Vehicle (PHEV),Clean Alternative Fuel Vehicle Eligible,33,39.0,PUGET SOUND ENERGY INC,0.11262798634812286,0.2707985792660235,Short
King,Bellevue,WA,98004.0,2022,TESLA,MODEL Y,Battery Electric Vehicle (BEV),Eligibility unknown as battery range has not been researched,0,48.0,PUGET SOUND ENERGY INC||CITY OF TACOMA - (WA),0.0,-0.04886954706231235,Unknown/Not Researched
King,Des Moines,WA,98198.0,2016,TESLA,MODEL S,Battery Electric Vehicle (BEV),Clean Alternative Fuel Vehicle Eligible,210,30.0,PUGET SOUND ENERGY INC||CITY OF TACOMA - (WA),0.7167235494880546,-1.9668783050323277,Long
Kitsap,Kingston,WA,98346.0,2013,NISSAN,LEAF,Battery Electric Vehicle (BEV),Clean Alternative Fuel Vehicle Eligible,75,23.0,PUGET SOUND ENERGY INC,0.25597269624573377,-2.9258826840173353,Medium
King,Kirkland,WA,98033.0,2025,CADILLAC,LYRIQ,Battery Electric Vehicle (BEV),Eligibility unknown as battery range has not been researched,0,48.0,PUGET SOUND ENERGY INC||CITY OF TACOMA - (WA),0.0,0.9101348319226953,Unknown/Not Researched
King,Redmond,WA,98052.0,2022,TESLA,MODEL Y,Battery Electric Vehicle (BEV),Eligibility unknown as battery range has not been researched,0,45.0,PUGET SOUND ENERGY INC||CITY OF TACOMA - (WA),0.0,-0.04886954706231235,Unknown/Not Researched
Clark,Vancouver,WA,98662.0,2024,CHEVROLET,BLAZER,Battery Electric Vehicle (BEV),Eligibility unknown as battery range has not been researched,0,17.0,BONNEVILLE POWER ADMINISTRATION||PUD NO 1 OF CLARK COUNTY - (WA),0.0,0.5904667055943594,Unknown/Not Researched
Kitsap,Bainbridge Island,WA,98110.0,2017,VOLVO,XC90,Plug-in Hybrid Electric Vehicle (PHEV),Not eligible due to low battery range,14,23.0,PUGET SOUND ENERGY INC,0.04778156996587031,-1.647210178703992,Short
King,Kent,WA,98030.0,2026,TOYOTA,PRIUS PRIME (PHEV),Plug-in Hybrid Electric Vehicle (PHEV),Clean Alternative Fuel Vehicle Eligible,44,33.0,PUGET SOUND ENERGY INC||CITY OF TACOMA - (WA),0.15017064846416384,1.2298029582510313,Short
King,Seattle,WA,98177.0,2016,VOLKSWAGEN,E-GOLF,Battery Electric Vehicle (BEV),Clean Alternative Fuel Vehicle Eligible,83,36.0,CITY OF SEATTLE - (WA)|CITY OF TACOMA - (WA),0.2832764505119454,-1.9668783050323277,Medium
King,Kirkland,WA,98033.0,2014,NISSAN,LEAF,Battery Electric Vehicle (BEV),Clean Alternative Fuel Vehicle Eligible,84,48.0,PUGET SOUND ENERGY INC||CITY OF TACOMA - (WA),0.28668941979522183,-2.6062145576889995,Medium
Kitsap,Bainbridge Island,WA,98110.0,2024,KIA,EV9,Battery Electric Vehicle (BEV),Eligibility unknown as battery range has not been researched,0,23.0,PUGET SOUND ENERGY INC,0.0,0.5904667055943594,Unknown/Not Researched
King,Redmond,WA,98052.0,2026,TESLA,MODEL Y,Battery Electric Vehicle (BEV),Eligibility unknown as battery range has not been researched,0,48.0,PUGET SOUND ENERGY INC||CITY OF TACOMA - (WA),0.0,1.2298029582510313,Unknown/Not Researched
Thurston,Olympia,WA,98516.0,2024,TESLA,MODEL S,Battery Electric Vehicle (BEV),Eligibility unknown as battery range has not been researched,0,22.0,PUGET SOUND ENERGY INC,0.0,0.5904667055943594,Unknown/Not Researched
Snohomish,Bothell,WA,98012.0,2025,TESLA,MODEL Y,Battery Electric Vehicle (BEV),Eligibility unknown as battery range has not been researched,0,1.0,PUGET SOUND ENERGY INC,0.0,0.9101348319226953,Unknown/Not Researched
Clark,Vancouver,WA,98665.0,2024,TESLA,MODEL Y,Battery Electric Vehicle (BEV),Eligibility unknown as battery range has not been researched,0,49.0,BONNEVILLE POWER ADMINISTRATION||PUD NO 1 OF CLARK COUNTY - (WA),0.0,0.5904667055943594,Unknown/Not Researched
Island,Oak Harbor,WA,98277.0,2017,CHEVROLET,VOLT,Plug-in Hybrid Electric Vehicle (PHEV),Clean Alternative Fuel Vehicle Eligible,53,10.0,PUGET SOUND ENERGY INC,0.18088737201365188,-1.647210178703992,Medium
King,Seattle,WA,98109.0,2026,TESLA,MODEL Y,Battery Electric Vehicle (BEV),Eligibility unknown as battery range has not been researched,0,36.0,CITY OF SEATTLE - (WA)|CITY OF TACOMA - (WA),0.0,1.2298029582510313,Unknown/Not Researched
King,Kirkland,WA,98034.0,2024,RIVIAN,R1S,Battery Electric Vehicle (BEV),Eligibility unknown as battery range has not been researched,0,45.0,PUGET SOUND ENERGY INC||CITY OF TACOMA - (WA),0.0,0.5904667055943594,Unknown/Not Researched
King,Kent,WA,98030.0,2021,TESLA,MODEL Y,Battery Electric Vehicle (BEV),Eligibility unknown as battery range has not been researched,0,47.0,PUGET SOUND ENERGY INC||CITY OF TACOMA - (WA),0.0,-0.36853767339064825,Unknown/Not Researched
King,Redmond,WA,98052.0,2026,BMW,X5,Plug-in Hybrid Electric Vehicle (PHEV),Clean Alternative Fuel Vehicle Eligible,38,45.0,PUGET SOUND ENERGY INC||CITY OF TACOMA - (WA),0.1296928327645051,1.2298029582510313,Short
King,Seattle,WA,98122.0,2022,CHEVROLET,BOLT EUV,Battery Electric Vehicle (BEV),Eligibility unknown as battery range has not been researched,0,37.0,CITY OF SEATTLE - (WA)|CITY OF TACOMA - (WA),0.0,-0.04886954706231235,Unknown/Not Researched
King,Redmond,WA,98052.0,2022,TOYOTA,RAV4 PRIME (PHEV),Plug-in Hybrid Electric Vehicle (PHEV),Clean Alternative Fuel Vehicle Eligible,42,45.0,PUGET SOUND ENERGY INC||CITY OF TACOMA - (WA),0.14334470989761092,-0.04886954706231235,Short
King,Shoreline,WA,98155.0,2026,RIVIAN,R1S,Battery Electric Vehicle (BEV),Eligibility unknown as battery range has not been researched,0,32.0,CITY OF SEATTLE - (WA)|CITY OF TACOMA - (WA),0.0,1.2298029582510313,Unknown/Not Researched
King,Seattle,WA,98178.0,2023,MERCEDES-BENZ,EQE-CLASS SUV,Battery Electric Vehicle (BEV),Eligibility unknown as battery range has not been researched,0,37.0,CITY OF SEATTLE - (WA)|CITY OF TACOMA - (WA),0.0,0.2707985792660235,Unknown/Not Researched
King,Seattle,WA,98115.0,2026,TESLA,MODEL Y,Battery Electric Vehicle (BEV),Eligibility unknown as battery range has not been researched,0,43.0,CITY OF SEATTLE - (WA)|CITY OF TACOMA - (WA),0.0,1.2298029582510313,Unknown/Not Researched
King,Bellevue,WA,98005.0,2023,SUBARU,SOLTERRA,Battery Electric Vehicle (BEV),Eligibility unknown as battery range has not been researched,0,41.0,PUGET SOUND ENERGY INC||CITY OF TACOMA - (WA),0.0,0.2707985792660235,Unknown/Not Researched
Thurston,Olympia,WA,98506.0,2016,FORD,C-MAX,Plug-in Hybrid Electric Vehicle (PHEV),Not eligible due to low battery range,19,22.0,PUGET SOUND ENERGY INC,0.06484641638225255,-1.9668783050323277,Short
Cowlitz,Kelso,WA,98626.0,2023,TESLA,MODEL 3,Battery Electric Vehicle (BEV),Eligibility unknown as battery range has not been researched,0,20.0,BONNEVILLE POWER ADMINISTRATION||PUD NO 1 OF COWLITZ COUNTY,0.0,0.2707985792660235,Unknown/Not Researched
Yakima,Sunnyside,WA,98944.0,2023,JEEP,GRAND CHEROKEE,Plug-in Hybrid Electric Vehicle (PHEV),Not eligible due to low battery range,25,15.0,BONNEVILLE POWER ADMINISTRATION||PACIFICORP||BENTON RURAL ELECTRIC ASSN,0.08532423208191127,0.2707985792660235,Short
King,Kirkland,WA,98033.0,2017,TOYOTA,PRIUS PRIME (PHEV),Plug-in Hybrid Electric Vehicle (PHEV),Not eligible due to low battery range,25,48.0,PUGET SOUND ENERGY INC||CITY OF TACOMA - (WA),0.08532423208191127,-1.647210178703992,Short
Clark,Vancouver,WA,98684.0,2023,TESLA,MODEL 3,Battery Electric Vehicle (BEV),Eligibility unknown as battery range has not been researched,0,17.0,BONNEVILLE POWER ADMINISTRATION||PUD NO 1 OF CLARK COUNTY - (WA),0.0,0.2707985792660235,Unknown/Not Researched
Jefferson,Port Ludlow,WA,98365.0,2019,CHEVROLET,BOLT EV,Battery Electric Vehicle (BEV),Clean Alternative Fuel Vehicle Eligible,238,24.0,BONNEVILLE POWER ADMINISTRATION||PUGET SOUND ENERGY INC||PUD NO 1 OF JEFFERSON COUNTY,0.8122866894197952,-1.00787392604732,Long
King,Shoreline,WA,98155.0,2018,CHRYSLER,PACIFICA,Plug-in Hybrid Electric Vehicle (PHEV),Clean Alternative Fuel Vehicle Eligible,33,32.0,CITY OF SEATTLE - (WA)|CITY OF TACOMA - (WA),0.11262798634812286,-1.3275420523756558,Short
King,Seattle,WA,98115.0,2024,VOLVO,XC90,Plug-in Hybrid Electric Vehicle (PHEV),Clean Alternative Fuel Vehicle Eligible,32,43.0,CITY OF SEATTLE - (WA)|CITY OF TACOMA - (WA),0.10921501706484642,0.5904667055943594,Short
King,Kirkland,WA,98034.0,2026,HYUNDAI,IONIQ 5,Battery Electric Vehicle (BEV),Eligibility unknown as battery range has not been researched,0,45.0,PUGET SOUND ENERGY INC||CITY OF TACOMA - (WA),0.0,1.2298029582510313,Unknown/Not Researched
Clark,Vancouver,WA,98685.0,2023,TOYOTA,RAV4 PRIME (PHEV),Plug-in Hybrid Electric Vehicle (PHEV),Clean Alternative Fuel Vehicle Eligible,42,18.0,BONNEVILLE POWER ADMINISTRATION||PUD NO 1 OF CLARK COUNTY - (WA),0.14334470989761092,0.2707985792660235,Short
King,Seattle,WA,98112.0,2013,TOYOTA,PRIUS,Plug-in Hybrid Electric Vehicle (PHEV),Not eligible due to low battery range,6,43.0,CITY OF SEATTLE - (WA)|CITY OF TACOMA - (WA),0.020477815699658702,-2.9258826840173353,Short
King,Newcastle,WA,98056.0,2024,FORD,F-150,Battery Electric Vehicle (BEV),Eligibility unknown as battery range has not been researched,0,41.0,PUGET SOUND ENERGY INC||CITY OF TACOMA - (WA),0.0,0.5904667055943594,Unknown/Not Researched
King,Seattle,WA,98101.0,2020,CHEVROLET,BOLT EV,Battery Electric Vehicle (BEV),Clean Alternative Fuel Vehicle Eligible,259,43.0,CITY OF SEATTLE - (WA)|CITY OF TACOMA - (WA),0.8839590443686007,-0.6882057997189841,Long
King,Seattle,WA,98178.0,2014,BMW,I3,Plug-in Hybrid Electric Vehicle (PHEV),Clean Alternative Fuel Vehicle Eligible,72,37.0,PUGET SOUND ENERGY INC||CITY OF TACOMA - (WA),0.24573378839590443,-2.6062145576889995,Medium
King,Seattle,WA,98125.0,2023,TESLA,MODEL 3,Battery Electric Vehicle (BEV),Eligibility unknown as battery range has not been researched,0,46.0,CITY OF SEATTLE - (WA)|CITY OF TACOMA - (WA),0.0,0.2707985792660235,Unknown/Not Researched
King,Kent,WA,98031.0,2017,CHEVROLET,VOLT,Plug-in Hybrid Electric Vehicle (PHEV),Clean Alternative Fuel Vehicle Eligible,53,47.0,PUGET SOUND ENERGY INC||CITY OF TACOMA - (WA),0.18088737201365188,-1.647210178703992,Medium
King,Seattle,WA,98119.0,2013,NISSAN,LEAF,Battery Electric Vehicle (BEV),Clean Alternative Fuel Vehicle Eligible,75,36.0,CITY OF SEATTLE - (WA)|CITY OF TACOMA - (WA),0.25597269624573377,-2.9258826840173353,Medium
King,Kirkland,WA,98033.0,2020,CHRYSLER,PACIFICA,Plug-in Hybrid Electric Vehicle (PHEV),Clean Alternative Fuel Vehicle Eligible,32,48.0,PUGET SOUND ENERGY INC||CITY OF TACOMA - (WA),0.10921501706484642,-0.6882057997189841,Short
Clark,Vancouver,WA,98686.0,2021,TESLA,MODEL Y,Battery Electric Vehicle (BEV),Eligibility unknown as battery range has not been researched,0,49.0,BONNEVILLE POWER ADMINISTRATION||PUD NO 1 OF CLARK COUNTY - (WA),0.0,-0.36853767339064825,Unknown/Not Researched
Clark,Ridgefield,WA,98642.0,2026,KIA,SORENTO,Plug-in Hybrid Electric Vehicle (PHEV),Clean Alternative Fuel Vehicle Eligible,30,17.0,BONNEVILLE POWER ADMINISTRATION||PUD NO 1 OF CLARK COUNTY - (WA),0.10238907849829351,1.2298029582510313,Short
King,Seattle,WA,98103.0,2022,TESLA,MODEL Y,Battery Electric Vehicle (BEV),Eligibility unknown as battery range has not been researched,0,46.0,CITY OF SEATTLE - (WA)|CITY OF TACOMA - (WA),0.0,-0.04886954706231235,Unknown/Not Researched
King,Seattle,WA,98116.0,2025,HYUNDAI,IONIQ 6,Battery Electric Vehicle (BEV),Eligibility unknown as battery range has not been researched,0,34.0,CITY OF SEATTLE - (WA)|CITY OF TACOMA - (WA),0.0,0.9101348319226953,Unknown/Not Researched
King,Seattle,WA,98112.0,2025,VOLKSWAGEN,ID.4,Battery Electric Vehicle (BEV),Eligibility unknown as battery range has not been researched,0,43.0,CITY OF SEATTLE - (WA)|CITY OF TACOMA - (WA),0.0,0.9101348319226953,Unknown/Not Researched
King,Kirkland,WA,98033.0,2019,AUDI,E-TRON,Battery Electric Vehicle (BEV),Clean Alternative Fuel Vehicle Eligible,204,48.0,PUGET SOUND ENERGY INC||CITY OF TACOMA - (WA),0.6962457337883959,-1.00787392604732,Long
Island,Oak Harbor,WA,98277.0,2024,TESLA,MODEL X,Battery Electric Vehicle (BEV),Eligibility unknown as battery range has not been researched,0,10.0,PUGET SOUND ENERGY INC,0.0,0.5904667055943594,Unknown/Not Researched
Clark,Battle Ground,WA,98604.0,2024,TESLA,MODEL 3,Battery Electric Vehicle (BEV),Eligibility unknown as battery range has not been researched,0,18.0,BONNEVILLE POWER ADMINISTRATION||PUD NO 1 OF CLARK COUNTY - (WA),0.0,0.5904667055943594,Unknown/Not Researched
King,Kirkland,WA,98033.0,2024,TESLA,MODEL 3,Battery Electric Vehicle (BEV),Eligibility unknown as battery range has not been researched,0,48.0,PUGET SOUND ENERGY INC||CITY OF TACOMA - (WA),0.0,0.5904667055943594,Unknown/Not Researched
King,Kirkland,WA,98034.0,2018,KIA,SOUL,Battery Electric Vehicle (BEV),Clean Alternative Fuel Vehicle Eligible,111,1.0,PUGET SOUND ENERGY INC||CITY OF TACOMA - (WA),0.378839590443686,-1.3275420523756558,Medium
Yakima,Yakima,WA,98902.0,2025,TESLA,CYBERTRUCK,Battery Electric Vehicle (BEV),Eligibility unknown as battery range has not been researched,0,14.0,PACIFICORP,0.0,0.9101348319226953,Unknown/Not Researched
King,Kirkland,WA,98033.0,2021,BMW,X5,Plug-in Hybrid Electric Vehicle (PHEV),Clean Alternative Fuel Vehicle Eligible,30,48.0,PUGET SOUND ENERGY INC||CITY OF TACOMA - (WA),0.10238907849829351,-0.36853767339064825,Short
King,Seattle,WA,98112.0,2018,NISSAN,LEAF,Battery Electric Vehicle (BEV),Clean Alternative Fuel Vehicle Eligible,151,43.0,CITY OF SEATTLE - (WA)|CITY OF TACOMA - (WA),0.515358361774744,-1.3275420523756558,Long
King,Bellevue,WA,98007.0,2024,TESLA,MODEL Y,Battery Electric Vehicle (BEV),Eligibility unknown as battery range has not been researched,0,48.0,PUGET SOUND ENERGY INC||CITY OF TACOMA - (WA),0.0,0.5904667055943594,Unknown/Not Researched
Clark,Vancouver,WA,98685.0,2024,CHEVROLET,BLAZER,Battery Electric Vehicle (BEV),Eligibility unknown as battery range has not been researched,0,18.0,BONNEVILLE POWER ADMINISTRATION||PUD NO 1 OF CLARK COUNTY - (WA),0.0,0.5904667055943594,Unknown/Not Researched
King,Burien,WA,98168.0,2022,TOYOTA,PRIUS PRIME (PHEV),Plug-in Hybrid Electric Vehicle (PHEV),Not eligible due to low battery range,25,33.0,CITY OF SEATTLE - (WA)|CITY OF TACOMA - (WA),0.08532423208191127,-0.04886954706231235,Short
Kitsap,Port Orchard,WA,98367.0,2023,SUBARU,SOLTERRA,Battery Electric Vehicle (BEV),Eligibility unknown as battery range has not been researched,0,26.0,PUGET SOUND ENERGY INC,0.0,0.2707985792660235,Unknown/Not Researched
King,Seattle,WA,98133.0,2015,FORD,FUSION,Plug-in Hybrid Electric Vehicle (PHEV),Not eligible due to low battery range,19,46.0,CITY OF SEATTLE - (WA)|CITY OF TACOMA - (WA),0.06484641638225255,-2.2865464313606636,Short
Snohomish,Everett,WA,98201.0,2023,JEEP,WRANGLER,Plug-in Hybrid Electric Vehicle (PHEV),Not eligible due to low battery range,21,38.0,PUGET SOUND ENERGY INC,0.07167235494880546,0.2707985792660235,Short
King,Redmond,WA,98052.0,2025,TESLA,MODEL 3,Battery Electric Vehicle (BEV),Eligibility unknown as battery range has not been researched,0,45.0,PUGET SOUND ENERGY INC||CITY OF TACOMA - (WA),0.0,0.9101348319226953,Unknown/Not Researched
Kitsap,Bainbridge Island,WA,98110.0,2023,TESLA,MODEL S,Battery Electric Vehicle (BEV),Eligibility unknown as battery range has not been researched,0,23.0,PUGET SOUND ENERGY INC,0.0,0.2707985792660235,Unknown/Not Researched
King,Redmond,WA,98052.0,2024,CHEVROLET,BLAZER,Battery Electric Vehicle (BEV),Eligibility unknown as battery range has not been researched,0,45.0,PUGET SOUND ENERGY INC||CITY OF TACOMA - (WA),0.0,0.5904667055943594,Unknown/Not Researched
King,Kirkland,WA,98034.0,2025,TESLA,MODEL 3,Battery Electric Vehicle (BEV),Eligibility unknown as battery range has not been researched,0,45.0,PUGET SOUND ENERGY INC||CITY OF TACOMA - (WA),0.0,0.9101348319226953,Unknown/Not Researched
King,Redmond,WA,98052.0,2022,TESLA,MODEL Y,Battery Electric Vehicle (BEV),Eligibility unknown as battery range has not been researched,0,45.0,PUGET SOUND ENERGY INC||CITY OF TACOMA - (WA),0.0,-0.04886954706231235,Unknown/Not Researched
King,Redmond,WA,98052.0,2023,TESLA,MODEL Y,Battery Electric Vehicle (BEV),Eligibility unknown as battery range has not been researched,0,48.0,PUGET SOUND ENERGY INC||CITY OF TACOMA - (WA),0.0,0.2707985792660235,Unknown/Not Researched
King,Renton,WA,98058.0,2023,TESLA,MODEL Y,Battery Electric Vehicle (BEV),Eligibility unknown as battery range has not been researched,0,11.0,PUGET SOUND ENERGY INC||CITY OF TACOMA - (WA),0.0,0.2707985792660235,Unknown/Not Researched
King,Sammamish,WA,98075.0,2022,KIA,NIRO,Battery Electric Vehicle (BEV),Eligibility unknown as battery range has not been researched,0,41.0,PUGET SOUND ENERGY INC||CITY OF TACOMA - (WA),0.0,-0.04886954706231235,Unknown/Not Researched
King,Seattle,WA,98105.0,2024,SUBARU,SOLTERRA,Battery Electric Vehicle (BEV),Eligibility unknown as battery range has not been researched,0,43.0,CITY OF SEATTLE - (WA)|CITY OF TACOMA - (WA),0.0,0.5904667055943594,Unknown/Not Researched
King,Pacific,WA,98047.0,2026,TESLA,MODEL X,Battery Electric Vehicle (BEV),Eligibility unknown as battery range has not been researched,0,30.0,PUGET SOUND ENERGY INC||CITY OF TACOMA - (WA),0.0,1.2298029582510313,Unknown/Not Researched
King,Seattle,WA,98177.0,2019,JAGUAR,I-PACE,Battery Electric Vehicle (BEV),Clean Alternative Fuel Vehicle Eligible,234,36.0,CITY OF SEATTLE - (WA)|CITY OF TACOMA - (WA),0.7986348122866894,-1.00787392604732,Long
King,Lake Forest Park,WA,98155.0,2017,NISSAN,LEAF,Battery Electric Vehicle (BEV),Clean Alternative Fuel Vehicle Eligible,107,46.0,CITY OF SEATTLE - (WA)|CITY OF TACOMA - (WA),0.3651877133105802,-1.647210178703992,Medium
King,Kent,WA,98031.0,2013,NISSAN,LEAF,Battery Electric Vehicle (BEV),Clean Alternative Fuel Vehicle Eligible,75,47.0,PUGET SOUND ENERGY INC||CITY OF TACOMA - (WA),0.25597269624573377,-2.9258826840173353,Medium
King,Newcastle,WA,98059.0,2024,TESLA,MODEL 3,Battery Electric Vehicle (BEV),Eligibility unknown as battery range has not been researched,0,41.0,PUGET SOUND ENERGY INC||CITY OF TACOMA - (WA),0.0,0.5904667055943594,Unknown/Not Researched
Snohomish,Lake Stevens,WA,98258.0,2023,KIA,SPORTAGE,Plug-in Hybrid Electric Vehicle (PHEV),Clean Alternative Fuel Vehicle Eligible,34,44.0,PUGET SOUND ENERGY INC,0.11604095563139932,0.2707985792660235,Short
Yakima,Yakima,WA,98908.0,2019,CHEVROLET,VOLT,Plug-in Hybrid Electric Vehicle (PHEV),Clean Alternative Fuel Vehicle Eligible,53,14.0,PACIFICORP,0.18088737201365188,-1.00787392604732,Medium
King,Seattle,WA,98177.0,2024,VOLVO,V60,Plug-in Hybrid Electric Vehicle (PHEV),Clean Alternative Fuel Vehicle Eligible,41,32.0,CITY OF SEATTLE - (WA)|CITY OF TACOMA - (WA),0.13993174061433447,0.5904667055943594,Short
King,Seattle,WA,98125.0,2018,TESLA,MODEL 3,Battery Electric Vehicle (BEV),Clean Alternative Fuel Vehicle Eligible,215,46.0,CITY OF SEATTLE - (WA)|CITY OF TACOMA - (WA),0.7337883959044369,-1.3275420523756558,Long
King,Seattle,WA,98109.0,2017,TESLA,MODEL 3,Battery Electric Vehicle (BEV),Clean Alternative Fuel Vehicle Eligible,220,36.0,CITY OF SEATTLE - (WA)|CITY OF TACOMA - (WA),0.7508532423208191,-1.647210178703992,Long
King,Burien,WA,98146.0,2021,TESLA,MODEL Y,Battery Electric Vehicle (BEV),Eligibility unknown as battery range has not been researched,0,34.0,CITY OF SEATTLE - (WA)|CITY OF TACOMA - (WA),0.0,-0.36853767339064825,Unknown/Not Researched
Clark,Vancouver,WA,98685.0,2021,TOYOTA,RAV4 PRIME (PHEV),Plug-in Hybrid Electric Vehicle (PHEV),Clean Alternative Fuel Vehicle Eligible,42,18.0,BONNEVILLE POWER ADMINISTRATION||PUD NO 1 OF CLARK COUNTY - (WA),0.14334470989761092,-0.36853767339064825,Short
King,Duvall,WA,98019.0,2019,TESLA,MODEL 3,Battery Electric Vehicle (BEV),Clean Alternative Fuel Vehicle Eligible,220,45.0,PUGET SOUND ENERGY INC||CITY OF TACOMA - (WA),0.7508532423208191,-1.00787392604732,Long
King,Redmond,WA,98052.0,2023,TESLA,MODEL Y,Battery Electric Vehicle (BEV),Eligibility unknown as battery range has not been researched,0,48.0,PUGET SOUND ENERGY INC||CITY OF TACOMA - (WA),0.0,0.2707985792660235,Unknown/Not Researched
King,Bellevue,WA,98007.0,2024,NISSAN,ARIYA HATCHBACK,Battery Electric Vehicle (BEV),Eligibility unknown as battery range has not been researched,0,41.0,PUGET SOUND ENERGY INC||CITY OF TACOMA - (WA),0.0,0.5904667055943594,Unknown/Not Researched
King,Kent,WA,98031.0,2018,CHEVROLET,BOLT EV,Battery Electric Vehicle (BEV),Clean Alternative Fuel Vehicle Eligible,238,47.0,PUGET SOUND ENERGY INC||CITY OF TACOMA - (WA),0.8122866894197952,-1.3275420523756558,Long
King,Seattle,WA,98117.0,2023,CHEVROLET,BOLT EUV,Battery Electric Vehicle (BEV),Eligibility unknown as battery range has not been researched,0,36.0,CITY OF SEATTLE - (WA)|CITY OF TACOMA - (WA),0.0,0.2707985792660235,Unknown/Not Researched
Cowlitz,Longview,WA,98632.0,2024,TOYOTA,RAV4 PRIME (PHEV),Plug-in Hybrid Electric Vehicle (PHEV),Clean Alternative Fuel Vehicle Eligible,42,19.0,BONNEVILLE POWER ADMINISTRATION||PUD NO 1 OF COWLITZ COUNTY,0.14334470989761092,0.5904667055943594,Short
King,Newcastle,WA,98056.0,2022,TESLA,MODEL 3,Battery Electric Vehicle (BEV),Eligibility unknown as battery range has not been researched,0,41.0,PUGET SOUND ENERGY INC||CITY OF TACOMA - (WA),0.0,-0.04886954706231235,Unknown/Not Researched
King,Seattle,WA,98112.0,2023,TESLA,MODEL Y,Battery Electric Vehicle (BEV),Eligibility unknown as battery range has not been researched,0,43.0,CITY OF SEATTLE - (WA)|CITY OF TACOMA - (WA),0.0,0.2707985792660235,Unknown/Not Researched
Snohomish,Bothell,WA,98012.0,2024,BMW,IX,Battery Electric Vehicle (BEV),Eligibility unknown as battery range has not been researched,0,1.0,PUGET SOUND ENERGY INC,0.0,0.5904667055943594,Unknown/Not Researched
King,Redmond,WA,98052.0,2023,TESLA,MODEL 3,Battery Electric Vehicle (BEV),Eligibility unknown as battery range has not been researched,0,48.0,PUGET SOUND ENERGY INC||CITY OF TACOMA - (WA),0.0,0.2707985792660235,Unknown/Not Researched
King,Seattle,WA,98144.0,2019,VOLKSWAGEN,E-GOLF,Battery Electric Vehicle (BEV),Clean Alternative Fuel Vehicle Eligible,125,37.0,CITY OF SEATTLE - (WA)|CITY OF TACOMA - (WA),0.42662116040955633,-1.00787392604732,Medium
King,Bellevue,WA,98004.0,2023,TESLA,MODEL Y,Battery Electric Vehicle (BEV),Eligibility unknown as battery range has not been researched,0,48.0,PUGET SOUND ENERGY INC||CITY OF TACOMA - (WA),0.0,0.2707985792660235,Unknown/Not Researched
King,Kent,WA,98030.0,2013,NISSAN,LEAF,Battery Electric Vehicle (BEV),Clean Alternative Fuel Vehicle Eligible,75,33.0,PUGET SOUND ENERGY INC||CITY OF TACOMA - (WA),0.25597269624573377,-2.9258826840173353,Medium
Clark,Vancouver,WA,98664.0,2018,TESLA,MODEL 3,Battery Electric Vehicle (BEV),Clean Alternative Fuel Vehicle Eligible,215,49.0,BONNEVILLE POWER ADMINISTRATION||PUD NO 1 OF CLARK COUNTY - (WA),0.7337883959044369,-1.3275420523756558,Long
Thurston,Olympia,WA,98506.0,2016,FIAT,500,Battery Electric Vehicle (BEV),Clean Alternative Fuel Vehicle Eligible,84,22.0,PUGET SOUND ENERGY INC,0.28668941979522183,-1.9668783050323277,Medium
Clark,Vancouver,WA,98682.0,2023,LINCOLN,CORSAIR,Plug-in Hybrid Electric Vehicle (PHEV),Not eligible due to low battery range,28,17.0,BONNEVILLE POWER ADMINISTRATION||PUD NO 1 OF CLARK COUNTY - (WA),0.09556313993174062,0.2707985792660235,Short
King,Renton,WA,98055.0,2023,TESLA,MODEL Y,Battery Electric Vehicle (BEV),Eligibility unknown as battery range has not been researched,0,33.0,PUGET SOUND ENERGY INC||CITY OF TACOMA - (WA),0.0,0.2707985792660235,Unknown/Not Researched
King,Kirkland,WA,98034.0,2016,VOLVO,XC90,Plug-in Hybrid Electric Vehicle (PHEV),Not eligible due to low battery range,13,45.0,PUGET SOUND ENERGY INC||CITY OF TACOMA - (WA),0.04436860068259386,-1.9668783050323277,Short
King,Seattle,WA,98133.0,2024,TESLA,MODEL Y,Battery Electric Vehicle (BEV),Eligibility unknown as battery range has not been researched,0,32.0,CITY OF SEATTLE - (WA)|CITY OF TACOMA - (WA),0.0,0.5904667055943594,Unknown/Not Researched
King,Newcastle,WA,98056.0,2022,BMW,IX,Battery Electric Vehicle (BEV),Eligibility unknown as battery range has not been researched,0,41.0,PUGET SOUND ENERGY INC||CITY OF TACOMA - (WA),0.0,-0.04886954706231235,Unknown/Not Researched
King,Bellevue,WA,98004.0,2023,TESLA,MODEL Y,Battery Electric Vehicle (BEV),Eligibility unknown as battery range has not been researched,0,48.0,PUGET SOUND ENERGY INC||CITY OF TACOMA - (WA),0.0,0.2707985792660235,Unknown/Not Researched
King,Normandy Park,WA,98166.0,2024,HYUNDAI,IONIQ 6,Battery Electric Vehicle (BEV),Eligibility unknown as battery range has not been researched,0,33.0,PUGET SOUND ENERGY INC||CITY OF TACOMA - (WA),0.0,0.5904667055943594,Unknown/Not Researched
King,Kirkland,WA,98033.0,2023,HYUNDAI,KONA,Battery Electric Vehicle (BEV),Eligibility unknown as battery range has not been researched,0,45.0,PUGET SOUND ENERGY INC||CITY OF TACOMA - (WA),0.0,0.2707985792660235,Unknown/Not Researched
King,Redmond,WA,98052.0,2025,BMW,X5,Plug-in Hybrid Electric Vehicle (PHEV),Clean Alternative Fuel Vehicle Eligible,40,48.0,PUGET SOUND ENERGY INC||CITY OF TACOMA - (WA),0.13651877133105803,0.9101348319226953,Short
King,Shoreline,WA,98133.0,2026,VOLVO,EX30 CC,Battery Electric Vehicle (BEV),Eligibility unknown as battery range has not been researched,0,32.0,CITY OF SEATTLE - (WA)|CITY OF TACOMA - (WA),0.0,1.2298029582510313,Unknown/Not Researched
King,Seattle,WA,98199.0,2024,TESLA,MODEL Y,Battery Electric Vehicle (BEV),Eligibility unknown as battery range has not been researched,0,36.0,CITY OF SEATTLE - (WA)|CITY OF TACOMA - (WA),0.0,0.5904667055943594,Unknown/Not Researched
King,Redmond,WA,98052.0,2019,VOLKSWAGEN,E-GOLF,Battery Electric Vehicle (BEV),Clean Alternative Fuel Vehicle Eligible,125,45.0,PUGET SOUND ENERGY INC||CITY OF TACOMA - (WA),0.42662116040955633,-1.00787392604732,Medium
King,Redmond,WA,98052.0,2024,BMW,750E,Plug-in Hybrid Electric Vehicle (PHEV),Clean Alternative Fuel Vehicle Eligible,36,48.0,PUGET SOUND ENERGY INC||CITY OF TACOMA - (WA),0.12286689419795221,0.5904667055943594,Short
Clark,Vancouver,WA,98664.0,2022,JEEP,WRANGLER,Plug-in Hybrid Electric Vehicle (PHEV),Not eligible due to low battery range,21,49.0,BONNEVILLE POWER ADMINISTRATION||PUD NO 1 OF CLARK COUNTY - (WA),0.07167235494880546,-0.04886954706231235,Short
King,Redmond,WA,98052.0,2023,VOLKSWAGEN,ID.4,Battery Electric Vehicle (BEV),Eligibility unknown as battery range has not been researched,0,45.0,PUGET SOUND ENERGY INC||CITY OF TACOMA - (WA),0.0,0.2707985792660235,Unknown/Not Researched
Clark,Vancouver,WA,98662.0,2020,TESLA,MODEL 3,Battery Electric Vehicle (BEV),Clean Alternative Fuel Vehicle Eligible,266,17.0,BONNEVILLE POWER ADMINISTRATION||PUD NO 1 OF CLARK COUNTY - (WA),0.9078498293515358,-0.6882057997189841,Long
Yakima,Union Gap,WA,98903.0,2026,CADILLAC,VISTIQ,Battery Electric Vehicle (BEV),Eligibility unknown as battery range has not been researched,0,15.0,PACIFICORP,0.0,1.2298029582510313,Unknown/Not Researched
King,Bellevue,WA,98008.0,2024,RIVIAN,R1T,Battery Electric Vehicle (BEV),Eligibility unknown as battery range has not been researched,0,48.0,PUGET SOUND ENERGY INC||CITY OF TACOMA - (WA),0.0,0.5904667055943594,Unknown/Not Researched
King,Seattle,WA,98125.0,2022,CHEVROLET,BOLT EV,Battery Electric Vehicle (BEV),Eligibility unknown as battery range has not been researched,0,46.0,CITY OF SEATTLE - (WA)|CITY OF TACOMA - (WA),0.0,-0.04886954706231235,Unknown/Not Researched
Yakima,Yakima,WA,98902.0,2018,TESLA,MODEL 3,Battery Electric Vehicle (BEV),Clean Alternative Fuel Vehicle Eligible,215,15.0,PACIFICORP,0.7337883959044369,-1.3275420523756558,Long
King,Shoreline,WA,98177.0,2014,FORD,C-MAX,Plug-in Hybrid Electric Vehicle (PHEV),Not eligible due to low battery range,19,32.0,CITY OF SEATTLE - (WA)|CITY OF TACOMA - (WA),0.06484641638225255,-2.6062145576889995,Short
King,Kirkland,WA,98033.0,2011,NISSAN,LEAF,Battery Electric Vehicle (BEV),Clean Alternative Fuel Vehicle Eligible,73,45.0,PUGET SOUND ENERGY INC||CITY OF TACOMA - (WA),0.24914675767918087,-3.565218936674007,Medium
King,Redmond,WA,98052.0,2025,NISSAN,LEAF,Battery Electric Vehicle (BEV),Eligibility unknown as battery range has not been researched,0,45.0,PUGET SOUND ENERGY INC||CITY OF TACOMA - (WA),0.0,0.9101348319226953,Unknown/Not Researched
Kitsap,Bainbridge Island,WA,98110.0,2015,NISSAN,LEAF,Battery Electric Vehicle (BEV),Clean Alternative Fuel Vehicle Eligible,84,23.0,PUGET SOUND ENERGY INC,0.28668941979522183,-2.2865464313606636,Medium
King,Seattle,WA,98178.0,2023,KIA,NIRO,Plug-in Hybrid Electric Vehicle (PHEV),Clean Alternative Fuel Vehicle Eligible,33,37.0,PUGET SOUND ENERGY INC||CITY OF TACOMA - (WA),0.11262798634812286,0.2707985792660235,Short
King,Seattle,WA,98125.0,2024,KIA,EV9,Battery Electric Vehicle (BEV),Eligibility unknown as battery range has not been researched,0,46.0,CITY OF SEATTLE - (WA)|CITY OF TACOMA - (WA),0.0,0.5904667055943594,Unknown/Not Researched
King,Seattle,WA,98178.0,2024,VOLVO,XC90,Plug-in Hybrid Electric Vehicle (PHEV),Clean Alternative Fuel Vehicle Eligible,32,37.0,CITY OF SEATTLE - (WA)|CITY OF TACOMA - (WA),0.10921501706484642,0.5904667055943594,Short
King,Seattle,WA,98125.0,2023,TESLA,MODEL Y,Battery Electric Vehicle (BEV),Eligibility unknown as battery range has not been researched,0,46.0,CITY OF SEATTLE - (WA)|CITY OF TACOMA - (WA),0.0,0.2707985792660235,Unknown/Not Researched
King,Newcastle,WA,98059.0,2025,KIA,SPORTAGE,Plug-in Hybrid Electric Vehicle (PHEV),Clean Alternative Fuel Vehicle Eligible,34,41.0,PUGET SOUND ENERGY INC||CITY OF TACOMA - (WA),0.11604095563139932,0.9101348319226953,Short
Kitsap,Port Orchard,WA,98367.0,2024,CADILLAC,LYRIQ,Battery Electric Vehicle (BEV),Eligibility unknown as battery range has not been researched,0,26.0,PUGET SOUND ENERGY INC,0.0,0.5904667055943594,Unknown/Not Researched
King,Federal Way,WA,98003.0,2025,CHEVROLET,EQUINOX,Battery Electric Vehicle (BEV),Eligibility unknown as battery range has not been researched,0,30.0,PUGET SOUND ENERGY INC||CITY OF TACOMA - (WA),0.0,0.9101348319226953,Unknown/Not Researched
King,Bellevue,WA,98004.0,2026,TESLA,MODEL Y,Battery Electric Vehicle (BEV),Eligibility unknown as battery range has not been researched,0,41.0,PUGET SOUND ENERGY INC||CITY OF TACOMA - (WA),0.0,1.2298029582510313,Unknown/Not Researched
King,Kirkland,WA,98034.0,2012,NISSAN,LEAF,Battery Electric Vehicle (BEV),Clean Alternative Fuel Vehicle Eligible,73,45.0,PUGET SOUND ENERGY INC||CITY OF TACOMA - (WA),0.24914675767918087,-3.245550810345671,Medium
King,Sammamish,WA,98074.0,2026,TESLA,MODEL Y,Battery Electric Vehicle (BEV),Eligibility unknown as battery range has not been researched,0,45.0,PUGET SOUND ENERGY INC||CITY OF TACOMA - (WA),0.0,1.2298029582510313,Unknown/Not Researched
Clark,Vancouver,WA,98664.0,2023,TESLA,MODEL Y,Battery Electric Vehicle (BEV),Eligibility unknown as battery range has not been researched,0,49.0,BONNEVILLE POWER ADMINISTRATION||PUD NO 1 OF CLARK COUNTY - (WA),0.0,0.2707985792660235,Unknown/Not Researched
King,Seattle,WA,98125.0,2016,NISSAN,LEAF,Battery Electric Vehicle (BEV),Clean Alternative Fuel Vehicle Eligible,84,46.0,CITY OF SEATTLE - (WA)|CITY OF TACOMA - (WA),0.28668941979522183,-1.9668783050323277,Medium
Snohomish,Bothell,WA,98012.0,2025,RIVIAN,R1S,Battery Electric Vehicle (BEV),Eligibility unknown as battery range has not been researched,0,1.0,PUGET SOUND ENERGY INC,0.0,0.9101348319226953,Unknown/Not Researched
King,Bellevue,WA,98008.0,2024,AUDI,Q5 E,Plug-in Hybrid Electric Vehicle (PHEV),Not eligible due to low battery range,23,48.0,PUGET SOUND ENERGY INC||CITY OF TACOMA - (WA),0.07849829351535836,0.5904667055943594,Short
King,Seattle,WA,98109.0,2025,NISSAN,ARIYA MPV,Battery Electric Vehicle (BEV),Eligibility unknown as battery range has not been researched,0,36.0,CITY OF SEATTLE - (WA)|CITY OF TACOMA - (WA),0.0,0.9101348319226953,Unknown/Not Researched
Clark,Vancouver,WA,98685.0,2017,CHEVROLET,VOLT,Plug-in Hybrid Electric Vehicle (PHEV),Clean Alternative Fuel Vehicle Eligible,53,18.0,BONNEVILLE POWER ADMINISTRATION||PUD NO 1 OF CLARK COUNTY - (WA),0.18088737201365188,-1.647210178703992,Medium
King,Shoreline,WA,98155.0,2025,FORD,MUSTANG MACH-E,Battery Electric Vehicle (BEV),Eligibility unknown as battery range has not been researched,0,32.0,CITY OF SEATTLE - (WA)|CITY OF TACOMA - (WA),0.0,0.9101348319226953,Unknown/Not Researched
Clark,Vancouver,WA,98685.0,2023,VOLVO,XC90,Plug-in Hybrid Electric Vehicle (PHEV),Clean Alternative Fuel Vehicle Eligible,32,18.0,BONNEVILLE POWER ADMINISTRATION||PUD NO 1 OF CLARK COUNTY - (WA),0.10921501706484642,0.2707985792660235,Short
King,Kirkland,WA,98033.0,2024,KIA,EV9,Battery Electric Vehicle (BEV),Eligibility unknown as battery range has not been researched,0,48.0,PUGET SOUND ENERGY INC||CITY OF TACOMA - (WA),0.0,0.5904667055943594,Unknown/Not Researched
King,Bellevue,WA,98008.0,2025,MAZDA,CX-90,Plug-in Hybrid Electric Vehicle (PHEV),Not eligible due to low battery range,26,48.0,PUGET SOUND ENERGY INC||CITY OF TACOMA - (WA),0.08873720136518772,0.9101348319226953,Short
Clark,Vancouver,WA,98682.0,2022,CHEVROLET,BOLT EUV,Battery Electric Vehicle (BEV),Eligibility unknown as battery range has not been researched,0,17.0,BONNEVILLE POWER ADMINISTRATION||PUD NO 1 OF CLARK COUNTY - (WA),0.0,-0.04886954706231235,Unknown/Not Researched
King,Kent,WA,98042.0,2023,TESLA,MODEL Y,Battery Electric Vehicle (BEV),Eligibility unknown as battery range has not been researched,0,47.0,PUGET SOUND ENERGY INC||CITY OF TACOMA - (WA),0.0,0.2707985792660235,Unknown/Not Researched
King,Seattle,WA,98133.0,2019,NISSAN,LEAF,Battery Electric Vehicle (BEV),Clean Alternative Fuel Vehicle Eligible,150,32.0,CITY OF SEATTLE - (WA)|CITY OF TACOMA - (WA),0.5119453924914675,-1.00787392604732,Medium
King,Seattle,WA,98125.0,2026,HYUNDAI,IONIQ 5,Battery Electric Vehicle (BEV),Eligibility unknown as battery range has not been researched,0,46.0,CITY OF SEATTLE - (WA)|CITY OF TACOMA - (WA),0.0,1.2298029582510313,Unknown/Not Researched
King,Kirkland,WA,98033.0,2022,FORD,MUSTANG MACH-E,Battery Electric Vehicle (BEV),Eligibility unknown as battery range has not been researched,0,48.0,PUGET SOUND ENERGY INC||CITY OF TACOMA - (WA),0.0,-0.04886954706231235,Unknown/Not Researched
Jefferson,Port Townsend,WA,98368.0,2015,NISSAN,LEAF,Battery Electric Vehicle (BEV),Clean Alternative Fuel Vehicle Eligible,84,24.0,BONNEVILLE POWER ADMINISTRATION||PUGET SOUND ENERGY INC||PUD NO 1 OF JEFFERSON COUNTY,0.28668941979522183,-2.2865464313606636,Medium
Snohomish,Lake Stevens,WA,98258.0,2024,POLESTAR,PS2,Battery Electric Vehicle (BEV),Eligibility unknown as battery range has not been researched,0,44.0,PUGET SOUND ENERGY INC,0.0,0.5904667055943594,Unknown/Not Researched
King,Kent,WA,98031.0,2023,TESLA,MODEL Y,Battery Electric Vehicle (BEV),Eligibility unknown as battery range has not been researched,0,11.0,PUGET SOUND ENERGY INC||CITY OF TACOMA - (WA),0.0,0.2707985792660235,Unknown/Not Researched
King,Seattle,WA,98133.0,2024,POLESTAR,PS2,Battery Electric Vehicle (BEV),Eligibility unknown as battery range has not been researched,0,36.0,CITY OF SEATTLE - (WA)|CITY OF TACOMA - (WA),0.0,0.5904667055943594,Unknown/Not Researched
King,Seattle,WA,98103.0,2022,TESLA,MODEL Y,Battery Electric Vehicle (BEV),Eligibility unknown as battery range has not been researched,0,46.0,CITY OF SEATTLE - (WA)|CITY OF TACOMA - (WA),0.0,-0.04886954706231235,Unknown/Not Researched
Clark,Vancouver,WA,98685.0,2026,TESLA,MODEL Y,Battery Electric Vehicle (BEV),Eligibility unknown as battery range has not been researched,0,18.0,BONNEVILLE POWER ADMINISTRATION||PUD NO 1 OF CLARK COUNTY - (WA),0.0,1.2298029582510313,Unknown/Not Researched
King,Seattle,WA,98177.0,2018,HONDA,CLARITY,Plug-in Hybrid Electric Vehicle (PHEV),Clean Alternative Fuel Vehicle Eligible,47,36.0,CITY OF SEATTLE - (WA)|CITY OF TACOMA - (WA),0.16040955631399317,-1.3275420523756558,Short
King,Seattle,WA,98125.0,2025,VOLVO,XC60,Plug-in Hybrid Electric Vehicle (PHEV),Clean Alternative Fuel Vehicle Eligible,35,46.0,CITY OF SEATTLE - (WA)|CITY OF TACOMA - (WA),0.11945392491467577,0.9101348319226953,Short
King,Redmond,WA,98052.0,2016,FORD,FUSION,Plug-in Hybrid Electric Vehicle (PHEV),Not eligible due to low battery range,19,45.0,PUGET SOUND ENERGY INC||CITY OF TACOMA - (WA),0.06484641638225255,-1.9668783050323277,Short
King,Seattle,WA,98102.0,2014,NISSAN,LEAF,Battery Electric Vehicle (BEV),Clean Alternative Fuel Vehicle Eligible,84,43.0,CITY OF SEATTLE - (WA)|CITY OF TACOMA - (WA),0.28668941979522183,-2.6062145576889995,Medium
King,Issaquah,WA,98027.0,2026,TESLA,MODEL Y,Battery Electric Vehicle (BEV),Eligibility unknown as battery range has not been researched,0,5.0,PUGET SOUND ENERGY INC||CITY OF TACOMA - (WA),0.0,1.2298029582510313,Unknown/Not Researched
King,Redmond,WA,98052.0,2021,TESLA,MODEL Y,Battery Electric Vehicle (BEV),Eligibility unknown as battery range has not been researched,0,45.0,PUGET SOUND ENERGY INC||CITY OF TACOMA - (WA),0.0,-0.36853767339064825,Unknown/Not Researched
King,Seattle,WA,98177.0,2025,KIA,SORENTO,Plug-in Hybrid Electric Vehicle (PHEV),Clean Alternative Fuel Vehicle Eligible,30,36.0,CITY OF SEATTLE - (WA)|CITY OF TACOMA - (WA),0.10238907849829351,0.9101348319226953,Short
King,Kirkland,WA,98033.0,2024,BMW,IX,Battery Electric Vehicle (BEV),Eligibility unknown as battery range has not been researched,0,48.0,PUGET SOUND ENERGY INC||CITY OF TACOMA - (WA),0.0,0.5904667055943594,Unknown/Not Researched
King,Seattle,WA,98134.0,2026,BMW,I5,Battery Electric Vehicle (BEV),Eligibility unknown as battery range has not been researched,0,37.0,CITY OF SEATTLE - (WA)|CITY OF TACOMA - (WA),0.0,1.2298029582510313,Unknown/Not Researched
Thurston,Yelm,WA,98597.0,2014,TESLA,MODEL S,Battery Electric Vehicle (BEV),Clean Alternative Fuel Vehicle Eligible,208,2.0,PUGET SOUND ENERGY INC,0.7098976109215017,-2.6062145576889995,Long
King,Redmond,WA,98052.0,2021,TESLA,MODEL S,Battery Electric Vehicle (BEV),Eligibility unknown as battery range has not been researched,0,45.0,PUGET SOUND ENERGY INC||CITY OF TACOMA - (WA),0.0,-0.36853767339064825,Unknown/Not Researched
Thurston,Lacey,WA,98503.0,2024,TESLA,MODEL Y,Battery Electric Vehicle (BEV),Eligibility unknown as battery range has not been researched,0,22.0,PUGET SOUND ENERGY INC,0.0,0.5904667055943594,Unknown/Not Researched
King,Redmond,WA,98052.0,2024,AUDI,Q5 E,Plug-in Hybrid Electric Vehicle (PHEV),Not eligible due to low battery range,23,45.0,PUGET SOUND ENERGY INC||CITY OF TACOMA - (WA),0.07849829351535836,0.5904667055943594,Short
King,Renton,WA,98055.0,2023,TESLA,MODEL 3,Battery Electric Vehicle (BEV),Eligibility unknown as battery range has not been researched,0,11.0,PUGET SOUND ENERGY INC||CITY OF TACOMA - (WA),0.0,0.2707985792660235,Unknown/Not Researched
King,Kirkland,WA,98033.0,2021,TOYOTA,RAV4 PRIME (PHEV),Plug-in Hybrid Electric Vehicle (PHEV),Clean Alternative Fuel Vehicle Eligible,42,48.0,PUGET SOUND ENERGY INC||CITY OF TACOMA - (WA),0.14334470989761092,-0.36853767339064825,Short
King,Bellevue,WA,98008.0,2016,TESLA,MODEL S,Battery Electric Vehicle (BEV),Clean Alternative Fuel Vehicle Eligible,210,48.0,PUGET SOUND ENERGY INC||CITY OF TACOMA - (WA),0.7167235494880546,-1.9668783050323277,Long
Clark,Vancouver,WA,98682.0,2017,TOYOTA,PRIUS PRIME (PHEV),Plug-in Hybrid Electric Vehicle (PHEV),Not eligible due to low battery range,25,17.0,BONNEVILLE POWER ADMINISTRATION||PUD NO 1 OF CLARK COUNTY - (WA),0.08532423208191127,-1.647210178703992,Short
Snohomish,Bothell,WA,98012.0,2023,TESLA,MODEL Y,Battery Electric Vehicle (BEV),Eligibility unknown as battery range has not been researched,0,44.0,PUGET SOUND ENERGY INC,0.0,0.2707985792660235,Unknown/Not Researched
King,Bellevue,WA,98006.0,2022,TESLA,MODEL Y,Battery Electric Vehicle (BEV),Eligibility unknown as battery range has not been researched,0,41.0,PUGET SOUND ENERGY INC||CITY OF TACOMA - (WA),0.0,-0.04886954706231235,Unknown/Not Researched
King,Redmond,WA,98052.0,2025,AUDI,Q6,Battery Electric Vehicle (BEV),Eligibility unknown as battery range has not been researched,0,45.0,PUGET SOUND ENERGY INC||CITY OF TACOMA - (WA),0.0,0.9101348319226953,Unknown/Not Researched
King,Seattle,WA,98107.0,2023,TESLA,MODEL 3,Battery Electric Vehicle (BEV),Eligibility unknown as battery range has not been researched,0,36.0,CITY OF SEATTLE - (WA)|CITY OF TACOMA - (WA),0.0,0.2707985792660235,Unknown/Not Researched
Clark,Vancouver,WA,98682.0,2026,TESLA,MODEL Y,Battery Electric Vehicle (BEV),Eligibility unknown as battery range has not been researched,0,17.0,BONNEVILLE POWER ADMINISTRATION||PUD NO 1 OF CLARK COUNTY - (WA),0.0,1.2298029582510313,Unknown/Not Researched
Snohomish,Mukilteo,WA,98275.0,2020,CHRYSLER,PACIFICA,Plug-in Hybrid Electric Vehicle (PHEV),Clean Alternative Fuel Vehicle Eligible,32,21.0,PUGET SOUND ENERGY INC,0.10921501706484642,-0.6882057997189841,Short
King,Kirkland,WA,98034.0,2023,TESLA,MODEL Y,Battery Electric Vehicle (BEV),Eligibility unknown as battery range has not been researched,0,45.0,PUGET SOUND ENERGY INC||CITY OF TACOMA - (WA),0.0,0.2707985792660235,Unknown/Not Researched
King,Kirkland,WA,98033.0,2025,TESLA,MODEL 3,Battery Electric Vehicle (BEV),Eligibility unknown as battery range has not been researched,0,48.0,PUGET SOUND ENERGY INC||CITY OF TACOMA - (WA),0.0,0.9101348319226953,Unknown/Not Researched
Kitsap,Bremerton,WA,98312.0,2020,KIA,NIRO,Battery Electric Vehicle (BEV),Clean Alternative Fuel Vehicle Eligible,239,26.0,PUGET SOUND ENERGY INC,0.8156996587030717,-0.6882057997189841,Long
King,Seattle,WA,98125.0,2021,NISSAN,LEAF,Battery Electric Vehicle (BEV),Eligibility unknown as battery range has not been researched,0,46.0,CITY OF SEATTLE - (WA)|CITY OF TACOMA - (WA),0.0,-0.36853767339064825,Unknown/Not Researched
King,Burien,WA,98166.0,2022,BMW,IX,Battery Electric Vehicle (BEV),Eligibility unknown as battery range has not been researched,0,34.0,PUGET SOUND ENERGY INC||CITY OF TACOMA - (WA),0.0,-0.04886954706231235,Unknown/Not Researched
Yakima,Yakima,WA,98902.0,2022,KIA,EV6,Battery Electric Vehicle (BEV),Eligibility unknown as battery range has not been researched,0,15.0,PACIFICORP,0.0,-0.04886954706231235,Unknown/Not Researched
King,Renton,WA,98059.0,2025,BMW,I4,Battery Electric Vehicle (BEV),Eligibility unknown as battery range has not been researched,0,11.0,PUGET SOUND ENERGY INC||CITY OF TACOMA - (WA),0.0,0.9101348319226953,Unknown/Not Researched
King,Bellevue,WA,98004.0,2023,TESLA,MODEL 3,Battery Electric Vehicle (BEV),Eligibility unknown as battery range has not been researched,0,41.0,PUGET SOUND ENERGY INC||CITY OF TACOMA - (WA),0.0,0.2707985792660235,Unknown/Not Researched
Thurston,Olympia,WA,98501.0,2023,FORD,F-150,Battery Electric Vehicle (BEV),Eligibility unknown as battery range has not been researched,0,22.0,PUGET SOUND ENERGY INC,0.0,0.2707985792660235,Unknown/Not Researched
King,Seattle,WA,98146.0,2022,TESLA,MODEL Y,Battery Electric Vehicle (BEV),Eligibility unknown as battery range has not been researched,0,34.0,CITY OF SEATTLE - (WA)|CITY OF TACOMA - (WA),0.0,-0.04886954706231235,Unknown/Not Researched
King,Seattle,WA,98125.0,2013,NISSAN,LEAF,Battery Electric Vehicle (BEV),Clean Alternative Fuel Vehicle Eligible,75,46.0,CITY OF SEATTLE - (WA)|CITY OF TACOMA - (WA),0.25597269624573377,-2.9258826840173353,Medium
King,Bothell,WA,98011.0,2017,FORD,C-MAX,Plug-in Hybrid Electric Vehicle (PHEV),Not eligible due to low battery range,20,1.0,PUGET SOUND ENERGY INC||CITY OF TACOMA - (WA),0.06825938566552901,-1.647210178703992,Short
King,Mercer Island,WA,98040.0,2019,VOLVO,XC90,Plug-in Hybrid Electric Vehicle (PHEV),Not eligible due to low battery range,17,41.0,PUGET SOUND ENERGY INC||CITY OF TACOMA - (WA),0.05802047781569966,-1.00787392604732,Short
King,Newcastle,WA,98056.0,2025,TESLA,MODEL Y,Battery Electric Vehicle (BEV),Eligibility unknown as battery range has not been researched,0,41.0,PUGET SOUND ENERGY INC||CITY OF TACOMA - (WA),0.0,0.9101348319226953,Unknown/Not Researched
King,Kent,WA,98030.0,2025,CADILLAC,LYRIQ,Battery Electric Vehicle (BEV),Eligibility unknown as battery range has not been researched,0,47.0,PUGET SOUND ENERGY INC||CITY OF TACOMA - (WA),0.0,0.9101348319226953,Unknown/Not Researched
Clark,Vancouver,WA,98662.0,2024,VOLVO,XC90,Plug-in Hybrid Electric Vehicle (PHEV),Clean Alternative Fuel Vehicle Eligible,32,17.0,BONNEVILLE POWER ADMINISTRATION||PUD NO 1 OF CLARK COUNTY - (WA),0.10921501706484642,0.5904667055943594,Short
Clark,Vancouver,WA,98663.0,2025,TESLA,MODEL 3,Battery Electric Vehicle (BEV),Eligibility unknown as battery range has not been researched,0,49.0,BONNEVILLE POWER ADMINISTRATION||PUD NO 1 OF CLARK COUNTY - (WA),0.0,0.9101348319226953,Unknown/Not Researched
King,Seattle,WA,98125.0,2023,TESLA,MODEL Y,Battery Electric Vehicle (BEV),Eligibility unknown as battery range has not been researched,0,46.0,CITY OF SEATTLE - (WA)|CITY OF TACOMA - (WA),0.0,0.2707985792660235,Unknown/Not Researched
Kitsap,Seabeck,WA,98380.0,2025,MAZDA,CX-90,Plug-in Hybrid Electric Vehicle (PHEV),Not eligible due to low battery range,26,35.0,PUGET SOUND ENERGY INC,0.08873720136518772,0.9101348319226953,Short
Clark,Washougal,WA,98671.0,2025,CADILLAC,OPTIQ,Battery Electric Vehicle (BEV),Eligibility unknown as battery range has not been researched,0,18.0,BONNEVILLE POWER ADMINISTRATION||PACIFICORP||PUD NO 1 OF CLARK COUNTY - (WA),0.0,0.9101348319226953,Unknown/Not Researched
King,Kent,WA,98042.0,2025,TESLA,MODEL 3,Battery Electric Vehicle (BEV),Eligibility unknown as battery range has not been researched,0,47.0,PUGET SOUND ENERGY INC||CITY OF TACOMA - (WA),0.0,0.9101348319226953,Unknown/Not Researched
Clark,Camas,WA,98607.0,2024,AUDI,Q4,Battery Electric Vehicle (BEV),Eligibility unknown as battery range has not been researched,0,18.0,BONNEVILLE POWER ADMINISTRATION||PUD NO 1 OF CLARK COUNTY - (WA),0.0,0.5904667055943594,Unknown/Not Researched
King,Shoreline,WA,98155.0,2023,TESLA,MODEL 3,Battery Electric Vehicle (BEV),Eligibility unknown as battery range has not been researched,0,32.0,CITY OF SEATTLE - (WA)|CITY OF TACOMA - (WA),0.0,0.2707985792660235,Unknown/Not Researched
King,Seattle,WA,98177.0,2025,MAZDA,CX-70,Plug-in Hybrid Electric Vehicle (PHEV),Not eligible due to low battery range,26,36.0,CITY OF SEATTLE - (WA)|CITY OF TACOMA - (WA),0.08873720136518772,0.9101348319226953,Short
Yakima,Yakima,WA,98908.0,2026,HYUNDAI,IONIQ 5,Battery Electric Vehicle (BEV),Eligibility unknown as battery range has not been researched,0,14.0,PACIFICORP,0.0,1.2298029582510313,Unknown/Not Researched
King,Kirkland,WA,98033.0,2022,VOLVO,XC90,Plug-in Hybrid Electric Vehicle (PHEV),Not eligible due to low battery range,18,48.0,PUGET SOUND ENERGY INC||CITY OF TACOMA - (WA),0.06143344709897611,-0.04886954706231235,Short
King,Kirkland,WA,98034.0,2026,LEXUS,NX,Plug-in Hybrid Electric Vehicle (PHEV),Clean Alternative Fuel Vehicle Eligible,37,45.0,PUGET SOUND ENERGY INC||CITY OF TACOMA - (WA),0.12627986348122866,1.2298029582510313,Short
King,Kirkland,WA,98034.0,2025,LEXUS,NX,Plug-in Hybrid Electric Vehicle (PHEV),Clean Alternative Fuel Vehicle Eligible,37,45.0,PUGET SOUND ENERGY INC||CITY OF TACOMA - (WA),0.12627986348122866,0.9101348319226953,Short
King,Kirkland,WA,98033.0,2025,AUDI,Q6,Battery Electric Vehicle (BEV),Eligibility unknown as battery range has not been researched,0,48.0,PUGET SOUND ENERGY INC||CITY OF TACOMA - (WA),0.0,0.9101348319226953,Unknown/Not Researched
King,Bellevue,WA,98008.0,2018,TESLA,MODEL 3,Battery Electric Vehicle (BEV),Clean Alternative Fuel Vehicle Eligible,215,48.0,PUGET SOUND ENERGY INC||CITY OF TACOMA - (WA),0.7337883959044369,-1.3275420523756558,Long
King,Bellevue,WA,98004.0,2022,TESLA,MODEL S,Battery Electric Vehicle (BEV),Eligibility unknown as battery range has not been researched,0,48.0,PUGET SOUND ENERGY INC||CITY OF TACOMA - (WA),0.0,-0.04886954706231235,Unknown/Not Researched
King,Kirkland,WA,98033.0,2024,TESLA,MODEL Y,Battery Electric Vehicle (BEV),Eligibility unknown as battery range has not been researched,0,48.0,PUGET SOUND ENERGY INC||CITY OF TACOMA - (WA),0.0,0.5904667055943594,Unknown/Not Researched
Thurston,Olympia,WA,98506.0,2018,NISSAN,LEAF,Battery Electric Vehicle (BEV),Clean Alternative Fuel Vehicle Eligible,151,22.0,PUGET SOUND ENERGY INC,0.515358361774744,-1.3275420523756558,Long
Clark,Vancouver,WA,98682.0,2017,CHEVROLET,VOLT,Plug-in Hybrid Electric Vehicle (PHEV),Clean Alternative Fuel Vehicle Eligible,53,17.0,BONNEVILLE POWER ADMINISTRATION||PUD NO 1 OF CLARK COUNTY - (WA),0.18088737201365188,-1.647210178703992,Medium
Thurston,Olympia,WA,98501.0,2019,CHEVROLET,BOLT EV,Battery Electric Vehicle (BEV),Clean Alternative Fuel Vehicle Eligible,238,22.0,PUGET SOUND ENERGY INC,0.8122866894197952,-1.00787392604732,Long
King,Bothell,WA,98011.0,2021,HYUNDAI,KONA,Battery Electric Vehicle (BEV),Eligibility unknown as battery range has not been researched,0,1.0,PUGET SOUND ENERGY INC||CITY OF TACOMA - (WA),0.0,-0.36853767339064825,Unknown/Not Researched
King,Bellevue,WA,98008.0,2025,CHEVROLET,BLAZER,Battery Electric Vehicle (BEV),Eligibility unknown as battery range has not been researched,0,48.0,PUGET SOUND ENERGY INC||CITY OF TACOMA - (WA),0.0,0.9101348319226953,Unknown/Not Researched
King,Seattle,WA,98146.0,2023,TESLA,MODEL Y,Battery Electric Vehicle (BEV),Eligibility unknown as battery range has not been researched,0,34.0,CITY OF SEATTLE - (WA)|CITY OF TACOMA - (WA),0.0,0.2707985792660235,Unknown/Not Researched
Snohomish,Lynnwood,WA,98087.0,2025,TESLA,MODEL Y,Battery Electric Vehicle (BEV),Eligibility unknown as battery range has not been researched,0,21.0,PUGET SOUND ENERGY INC,0.0,0.9101348319226953,Unknown/Not Researched
King,Seattle,WA,98177.0,2024,VOLVO,XC60,Plug-in Hybrid Electric Vehicle (PHEV),Clean Alternative Fuel Vehicle Eligible,35,36.0,CITY OF SEATTLE - (WA)|CITY OF TACOMA - (WA),0.11945392491467577,0.5904667055943594,Short
King,Kent,WA,98030.0,2022,TESLA,MODEL Y,Battery Electric Vehicle (BEV),Eligibility unknown as battery range has not been researched,0,47.0,PUGET SOUND ENERGY INC||CITY OF TACOMA - (WA),0.0,-0.04886954706231235,Unknown/Not Researched
King,Bellevue,WA,98006.0,2018,TESLA,MODEL 3,Battery Electric Vehicle (BEV),Clean Alternative Fuel Vehicle Eligible,215,41.0,PUGET SOUND ENERGY INC||CITY OF TACOMA - (WA),0.7337883959044369,-1.3275420523756558,Long
King,Redmond,WA,98052.0,2023,TESLA,MODEL 3,Battery Electric Vehicle (BEV),Eligibility unknown as battery range has not been researched,0,48.0,PUGET SOUND ENERGY INC||CITY OF TACOMA - (WA),0.0,0.2707985792660235,Unknown/Not Researched
King,Bothell,WA,98011.0,2025,TESLA,MODEL Y,Battery Electric Vehicle (BEV),Eligibility unknown as battery range has not been researched,0,1.0,PUGET SOUND ENERGY INC||CITY OF TACOMA - (WA),0.0,0.9101348319226953,Unknown/Not Researched
Clark,Vancouver,WA,98684.0,2026,HYUNDAI,IONIQ 5,Battery Electric Vehicle (BEV),Eligibility unknown as battery range has not been researched,0,17.0,BONNEVILLE POWER ADMINISTRATION||PUD NO 1 OF CLARK COUNTY - (WA),0.0,1.2298029582510313,Unknown/Not Researched
Yakima,Toppenish,WA,98948.0,2012,TESLA,MODEL S,Battery Electric Vehicle (BEV),Clean Alternative Fuel Vehicle Eligible,265,15.0,PACIFICORP,0.9044368600682594,-3.245550810345671,Long
King,Seattle,WA,98122.0,2025,AUDI,Q6,Battery Electric Vehicle (BEV),Eligibility unknown as battery range has not been researched,0,37.0,CITY OF SEATTLE - (WA)|CITY OF TACOMA - (WA),0.0,0.9101348319226953,Unknown/Not Researched
King,Seattle,WA,98133.0,2024,VOLKSWAGEN,ID.4,Battery Electric Vehicle (BEV),Eligibility unknown as battery range has not been researched,0,46.0,CITY OF SEATTLE - (WA)|CITY OF TACOMA - (WA),0.0,0.5904667055943594,Unknown/Not Researched
Snohomish,Lake Stevens,WA,98258.0,2023,TESLA,MODEL 3,Battery Electric Vehicle (BEV),Eligibility unknown as battery range has not been researched,0,44.0,PUGET SOUND ENERGY INC,0.0,0.2707985792660235,Unknown/Not Researched
King,Bellevue,WA,98005.0,2018,TESLA,MODEL 3,Battery Electric Vehicle (BEV),Clean Alternative Fuel Vehicle Eligible,215,41.0,PUGET SOUND ENERGY INC||CITY OF TACOMA - (WA),0.7337883959044369,-1.3275420523756558,Long
King,Federal Way,WA,98023.0,2023,TOYOTA,BZ4X,Battery Electric Vehicle (BEV),Eligibility unknown as battery range has not been researched,0,30.0,PUGET SOUND ENERGY INC||CITY OF TACOMA - (WA),0.0,0.2707985792660235,Unknown/Not Researched
King,Duvall,WA,98019.0,2021,FORD,MUSTANG MACH-E,Battery Electric Vehicle (BEV),Eligibility unknown as battery range has not been researched,0,45.0,PUGET SOUND ENERGY INC||CITY OF TACOMA - (WA),0.0,-0.36853767339064825,Unknown/Not Researched
Thurston,Olympia,WA,98501.0,2022,VOLKSWAGEN,ID.4,Battery Electric Vehicle (BEV),Eligibility unknown as battery range has not been researched,0,22.0,PUGET SOUND ENERGY INC,0.0,-0.04886954706231235,Unknown/Not Researched
King,Redmond,WA,98052.0,2023,TESLA,MODEL Y,Battery Electric Vehicle (BEV),Eligibility unknown as battery range has not been researched,0,48.0,PUGET SOUND ENERGY INC||CITY OF TACOMA - (WA),0.0,0.2707985792660235,Unknown/Not Researched
Clark,Vancouver,WA,98686.0,2025,TESLA,MODEL Y,Battery Electric Vehicle (BEV),Eligibility unknown as battery range has not been researched,0,49.0,BONNEVILLE POWER ADMINISTRATION||PUD NO 1 OF CLARK COUNTY - (WA),0.0,0.9101348319226953,Unknown/Not Researched
King,Seattle,WA,98125.0,2023,TESLA,MODEL Y,Battery Electric Vehicle (BEV),Eligibility unknown as battery range has not been researched,0,46.0,PUGET SOUND ENERGY INC||CITY OF TACOMA - (WA),0.0,0.2707985792660235,Unknown/Not Researched
King,Kent,WA,98030.0,2014,NISSAN,LEAF,Battery Electric Vehicle (BEV),Clean Alternative Fuel Vehicle Eligible,84,47.0,PUGET SOUND ENERGY INC||CITY OF TACOMA - (WA),0.28668941979522183,-2.6062145576889995,Medium
King,Seattle,WA,98125.0,2022,TESLA,MODEL 3,Battery Electric Vehicle (BEV),Eligibility unknown as battery range has not been researched,0,46.0,CITY OF SEATTLE - (WA)|CITY OF TACOMA - (WA),0.0,-0.04886954706231235,Unknown/Not Researched
Clark,Camas,WA,98607.0,2026,TESLA,MODEL Y,Battery Electric Vehicle (BEV),Eligibility unknown as battery range has not been researched,0,18.0,BONNEVILLE POWER ADMINISTRATION||PUD NO 1 OF CLARK COUNTY - (WA),0.0,1.2298029582510313,Unknown/Not Researched
King,Bellevue,WA,98006.0,2022,CHEVROLET,BOLT EV,Battery Electric Vehicle (BEV),Eligibility unknown as battery range has not been researched,0,41.0,PUGET SOUND ENERGY INC||CITY OF TACOMA - (WA),0.0,-0.04886954706231235,Unknown/Not Researched
King,Seattle,WA,98115.0,2026,LEXUS,NX,Plug-in Hybrid Electric Vehicle (PHEV),Clean Alternative Fuel Vehicle Eligible,37,43.0,CITY OF SEATTLE - (WA)|CITY OF TACOMA - (WA),0.12627986348122866,1.2298029582510313,Short
King,Kirkland,WA,98033.0,2023,TESLA,MODEL Y,Battery Electric Vehicle (BEV),Eligibility unknown as battery range has not been researched,0,48.0,PUGET SOUND ENERGY INC||CITY OF TACOMA - (WA),0.0,0.2707985792660235,Unknown/Not Researched
King,Redmond,WA,98052.0,2024,GMC,HUMMER EV SUV,Battery Electric Vehicle (BEV),Eligibility unknown as battery range has not been researched,0,45.0,PUGET SOUND ENERGY INC||CITY OF TACOMA - (WA),0.0,0.5904667055943594,Unknown/Not Researched
King,Redmond,WA,98052.0,2016,NISSAN,LEAF,Battery Electric Vehicle (BEV),Clean Alternative Fuel Vehicle Eligible,84,45.0,PUGET SOUND ENERGY INC||CITY OF TACOMA - (WA),0.28668941979522183,-1.9668783050323277,Medium
King,Kent,WA,98030.0,2025,TESLA,MODEL 3,Battery Electric Vehicle (BEV),Eligibility unknown as battery range has not been researched,0,47.0,PUGET SOUND ENERGY INC||CITY OF TACOMA - (WA),0.0,0.9101348319226953,Unknown/Not Researched
King,Kirkland,WA,98034.0,2026,TESLA,MODEL Y,Battery Electric Vehicle (BEV),Eligibility unknown as battery range has not been researched,0,1.0,PUGET SOUND ENERGY INC||CITY OF TACOMA - (WA),0.0,1.2298029582510313,Unknown/Not Researched
King,Federal Way,WA,98023.0,2025,TESLA,MODEL Y,Battery Electric Vehicle (BEV),Eligibility unknown as battery range has not been researched,0,30.0,PUGET SOUND ENERGY INC||CITY OF TACOMA - (WA),0.0,0.9101348319226953,Unknown/Not Researched
King,Bellevue,WA,98005.0,2018,NISSAN,LEAF,Battery Electric Vehicle (BEV),Clean Alternative Fuel Vehicle Eligible,151,41.0,PUGET SOUND ENERGY INC||CITY OF TACOMA - (WA),0.515358361774744,-1.3275420523756558,Long
King,Burien,WA,98166.0,2024,FORD,F-150,Battery Electric Vehicle (BEV),Eligibility unknown as battery range has not been researched,0,34.0,CITY OF SEATTLE - (WA)|CITY OF TACOMA - (WA),0.0,0.5904667055943594,Unknown/Not Researched
Kitsap,Port Orchard,WA,98367.0,2021,TESLA,MODEL Y,Battery Electric Vehicle (BEV),Eligibility unknown as battery range has not been researched,0,26.0,PUGET SOUND ENERGY INC,0.0,-0.36853767339064825,Unknown/Not Researched
Clark,Vancouver,WA,98682.0,2025,JEEP,WRANGLER,Plug-in Hybrid Electric Vehicle (PHEV),Not eligible due to low battery range,21,17.0,BONNEVILLE POWER ADMINISTRATION||PUD NO 1 OF CLARK COUNTY - (WA),0.07167235494880546,0.9101348319226953,Short
Clark,Vancouver,WA,98664.0,2026,RIVIAN,R1S,Battery Electric Vehicle (BEV),Eligibility unknown as battery range has not been researched,0,49.0,BONNEVILLE POWER ADMINISTRATION||PUD NO 1 OF CLARK COUNTY - (WA),0.0,1.2298029582510313,Unknown/Not Researched
King,Bellevue,WA,98007.0,2026,TESLA,MODEL 3,Battery Electric Vehicle (BEV),Eligibility unknown as battery range has not been researched,0,41.0,PUGET SOUND ENERGY INC||CITY OF TACOMA - (WA),0.0,1.2298029582510313,Unknown/Not Researched
King,Seattle,WA,98103.0,2019,NISSAN,LEAF,Battery Electric Vehicle (BEV),Clean Alternative Fuel Vehicle Eligible,150,36.0,CITY OF SEATTLE - (WA)|CITY OF TACOMA - (WA),0.5119453924914675,-1.00787392604732,Medium
Jefferson,Port Ludlow,WA,98365.0,2014,FORD,FUSION,Plug-in Hybrid Electric Vehicle (PHEV),Not eligible due to low battery range,19,24.0,BONNEVILLE POWER ADMINISTRATION||PUGET SOUND ENERGY INC||PUD NO 1 OF JEFFERSON COUNTY,0.06484641638225255,-2.6062145576889995,Short
King,Redmond,WA,98052.0,2023,NISSAN,ARIYA HATCHBACK,Battery Electric Vehicle (BEV),Eligibility unknown as battery range has not been researched,0,48.0,PUGET SOUND ENERGY INC||CITY OF TACOMA - (WA),0.0,0.2707985792660235,Unknown/Not Researched
King,Bellevue,WA,98004.0,2021,TESLA,MODEL Y,Battery Electric Vehicle (BEV),Eligibility unknown as battery range has not been researched,0,48.0,PUGET SOUND ENERGY INC||CITY OF TACOMA - (WA),0.0,-0.36853767339064825,Unknown/Not Researched
King,Kirkland,WA,98034.0,2023,TESLA,MODEL 3,Battery Electric Vehicle (BEV),Eligibility unknown as battery range has not been researched,0,45.0,PUGET SOUND ENERGY INC||CITY OF TACOMA - (WA),0.0,0.2707985792660235,Unknown/Not Researched
King,Bellevue,WA,98004.0,2023,HYUNDAI,IONIQ 5,Battery Electric Vehicle (BEV),Eligibility unknown as battery range has not been researched,0,41.0,PUGET SOUND ENERGY INC||CITY OF TACOMA - (WA),0.0,0.2707985792660235,Unknown/Not Researched
King,Burien,WA,98168.0,2023,TESLA,MODEL Y,Battery Electric Vehicle (BEV),Eligibility unknown as battery range has not been researched,0,34.0,CITY OF SEATTLE - (WA)|CITY OF TACOMA - (WA),0.0,0.2707985792660235,Unknown/Not Researched
Kitsap,Seabeck,WA,98380.0,2023,TESLA,MODEL Y,Battery Electric Vehicle (BEV),Eligibility unknown as battery range has not been researched,0,35.0,PUGET SOUND ENERGY INC,0.0,0.2707985792660235,Unknown/Not Researched
King,Seattle,WA,98108.0,2021,VOLVO,S60,Plug-in Hybrid Electric Vehicle (PHEV),Not eligible due to low battery range,22,11.0,CITY OF SEATTLE - (WA)|CITY OF TACOMA - (WA),0.07508532423208192,-0.36853767339064825,Short
King,Sammamish,WA,98075.0,2024,ACURA,ZDX,Battery Electric Vehicle (BEV),Eligibility unknown as battery range has not been researched,0,41.0,PUGET SOUND ENERGY INC||CITY OF TACOMA - (WA),0.0,0.5904667055943594,Unknown/Not Researched
Cowlitz,Kalama,WA,98625.0,2019,MITSUBISHI,OUTLANDER,Plug-in Hybrid Electric Vehicle (PHEV),Not eligible due to low battery range,22,20.0,BONNEVILLE POWER ADMINISTRATION||PUD NO 1 OF COWLITZ COUNTY,0.07508532423208192,-1.00787392604732,Short
Clark,Vancouver,WA,98685.0,2025,LUCID,AIR,Battery Electric Vehicle (BEV),Eligibility unknown as battery range has not been researched,0,49.0,BONNEVILLE POWER ADMINISTRATION||PUD NO 1 OF CLARK COUNTY - (WA),0.0,0.9101348319226953,Unknown/Not Researched
King,Burien,WA,98148.0,2017,AUDI,A3,Plug-in Hybrid Electric Vehicle (PHEV),Not eligible due to low battery range,16,33.0,PUGET SOUND ENERGY INC||CITY OF TACOMA - (WA),0.05460750853242321,-1.647210178703992,Short
Clark,Vancouver,WA,98682.0,2025,JEEP,WRANGLER,Plug-in Hybrid Electric Vehicle (PHEV),Not eligible due to low battery range,21,17.0,BONNEVILLE POWER ADMINISTRATION||PUD NO 1 OF CLARK COUNTY - (WA),0.07167235494880546,0.9101348319226953,Short
King,Kirkland,WA,98034.0,2023,RIVIAN,R1S,Battery Electric Vehicle (BEV),Eligibility unknown as battery range has not been researched,0,45.0,PUGET SOUND ENERGY INC||CITY OF TACOMA - (WA),0.0,0.2707985792660235,Unknown/Not Researched
King,Seattle,WA,98112.0,2019,VOLKSWAGEN,E-GOLF,Battery Electric Vehicle (BEV),Clean Alternative Fuel Vehicle Eligible,125,37.0,CITY OF SEATTLE - (WA)|CITY OF TACOMA - (WA),0.42662116040955633,-1.00787392604732,Medium
King,Seattle,WA,98122.0,2023,RIVIAN,R1T,Battery Electric Vehicle (BEV),Eligibility unknown as battery range has not been researched,0,37.0,CITY OF SEATTLE - (WA)|CITY OF TACOMA - (WA),0.0,0.2707985792660235,Unknown/Not Researched
King,Seattle,WA,98115.0,2023,TESLA,MODEL Y,Battery Electric Vehicle (BEV),Eligibility unknown as battery range has not been researched,0,46.0,CITY OF SEATTLE - (WA)|CITY OF TACOMA - (WA),0.0,0.2707985792660235,Unknown/Not Researched
King,Kirkland,WA,98034.0,2021,CHEVROLET,BOLT EV,Battery Electric Vehicle (BEV),Eligibility unknown as battery range has not been researched,0,45.0,PUGET SOUND ENERGY INC||CITY OF TACOMA - (WA),0.0,-0.36853767339064825,Unknown/Not Researched
King,Kenmore,WA,98028.0,2023,BMW,IX,Battery Electric Vehicle (BEV),Eligibility unknown as battery range has not been researched,0,46.0,PUGET SOUND ENERGY INC||CITY OF TACOMA - (WA),0.0,0.2707985792660235,Unknown/Not Researched
King,Seattle,WA,98122.0,2026,RIVIAN,R1S,Battery Electric Vehicle (BEV),Eligibility unknown as battery range has not been researched,0,37.0,CITY OF SEATTLE - (WA)|CITY OF TACOMA - (WA),0.0,1.2298029582510313,Unknown/Not Researched
Thurston,Tumwater,WA,98512.0,2026,TESLA,MODEL Y,Battery Electric Vehicle (BEV),Eligibility unknown as battery range has not been researched,0,22.0,PUGET SOUND ENERGY INC,0.0,1.2298029582510313,Unknown/Not Researched
King,Redmond,WA,98052.0,2023,FORD,MUSTANG MACH-E,Battery Electric Vehicle (BEV),Eligibility unknown as battery range has not been researched,0,45.0,PUGET SOUND ENERGY INC||CITY OF TACOMA - (WA),0.0,0.2707985792660235,Unknown/Not Researched
Clark,Washougal,WA,98671.0,2023,TESLA,MODEL Y,Battery Electric Vehicle (BEV),Eligibility unknown as battery range has not been researched,0,18.0,BONNEVILLE POWER ADMINISTRATION||PUD NO 1 OF CLARK COUNTY - (WA),0.0,0.2707985792660235,Unknown/Not Researched
King,Bellevue,WA,98004.0,2023,TESLA,MODEL 3,Battery Electric Vehicle (BEV),Eligibility unknown as battery range has not been researched,0,41.0,PUGET SOUND ENERGY INC||CITY OF TACOMA - (WA),0.0,0.2707985792660235,Unknown/Not Researched
Clark,Vancouver,WA,98685.0,2023,VOLKSWAGEN,ID.4,Battery Electric Vehicle (BEV),Eligibility unknown as battery range has not been researched,0,18.0,BONNEVILLE POWER ADMINISTRATION||PUD NO 1 OF CLARK COUNTY - (WA),0.0,0.2707985792660235,Unknown/Not Researched
Kitsap,Bremerton,WA,98312.0,2025,TESLA,MODEL Y,Battery Electric Vehicle (BEV),Eligibility unknown as battery range has not been researched,0,35.0,PUGET SOUND ENERGY INC,0.0,0.9101348319226953,Unknown/Not Researched
Clark,Washougal,WA,98671.0,2023,TOYOTA,RAV4 PRIME (PHEV),Plug-in Hybrid Electric Vehicle (PHEV),Clean Alternative Fuel Vehicle Eligible,42,14.0,BONNEVILLE POWER ADMINISTRATION||PUD NO 1 OF CLARK COUNTY - (WA),0.14334470989761092,0.2707985792660235,Short
King,Renton,WA,98058.0,2025,MERCEDES-BENZ,EQB-CLASS,Battery Electric Vehicle (BEV),Eligibility unknown as battery range has not been researched,0,11.0,PUGET SOUND ENERGY INC||CITY OF TACOMA - (WA),0.0,0.9101348319226953,Unknown/Not Researched
King,Kirkland,WA,98033.0,2025,TOYOTA,BZ4X,Battery Electric Vehicle (BEV),Eligibility unknown as battery range has not been researched,0,48.0,PUGET SOUND ENERGY INC||CITY OF TACOMA - (WA),0.0,0.9101348319226953,Unknown/Not Researched
King,Renton,WA,98059.0,2021,TESLA,MODEL 3,Battery Electric Vehicle (BEV),Eligibility unknown as battery range has not been researched,0,11.0,PUGET SOUND ENERGY INC||CITY OF TACOMA - (WA),0.0,-0.36853767339064825,Unknown/Not Researched
King,Redmond,WA,98052.0,2024,RIVIAN,R1S,Battery Electric Vehicle (BEV),Eligibility unknown as battery range has not been researched,0,45.0,PUGET SOUND ENERGY INC||CITY OF TACOMA - (WA),0.0,0.5904667055943594,Unknown/Not Researched
King,Kirkland,WA,98033.0,2015,NISSAN,LEAF,Battery Electric Vehicle (BEV),Clean Alternative Fuel Vehicle Eligible,84,48.0,PUGET SOUND ENERGY INC||CITY OF TACOMA - (WA),0.28668941979522183,-2.2865464313606636,Medium
King,Kirkland,WA,98033.0,2024,TESLA,MODEL Y,Battery Electric Vehicle (BEV),Eligibility unknown as battery range has not been researched,0,45.0,PUGET SOUND ENERGY INC||CITY OF TACOMA - (WA),0.0,0.5904667055943594,Unknown/Not Researched
King,Seattle,WA,98112.0,2017,TESLA,MODEL S,Battery Electric Vehicle (BEV),Clean Alternative Fuel Vehicle Eligible,210,43.0,CITY OF SEATTLE - (WA)|CITY OF TACOMA - (WA),0.7167235494880546,-1.647210178703992,Long
King,Newcastle,WA,98056.0,2016,NISSAN,LEAF,Battery Electric Vehicle (BEV),Clean Alternative Fuel Vehicle Eligible,84,41.0,PUGET SOUND ENERGY INC||CITY OF TACOMA - (WA),0.28668941979522183,-1.9668783050323277,Medium
King,Bellevue,WA,98008.0,2026,HYUNDAI,IONIQ 9,Battery Electric Vehicle (BEV),Eligibility unknown as battery range has not been researched,0,48.0,PUGET SOUND ENERGY INC||CITY OF TACOMA - (WA),0.0,1.2298029582510313,Unknown/Not Researched
King,Kent,WA,98030.0,2025,MITSUBISHI,OUTLANDER,Plug-in Hybrid Electric Vehicle (PHEV),Clean Alternative Fuel Vehicle Eligible,38,47.0,PUGET SOUND ENERGY INC||CITY OF TACOMA - (WA),0.1296928327645051,0.9101348319226953,Short
King,Redmond,WA,98052.0,2018,TESLA,MODEL S,Battery Electric Vehicle (BEV),Clean Alternative Fuel Vehicle Eligible,249,45.0,PUGET SOUND ENERGY INC||CITY OF TACOMA - (WA),0.8498293515358362,-1.3275420523756558,Long
King,Seattle,WA,98119.0,2016,TESLA,MODEL S,Battery Electric Vehicle (BEV),Clean Alternative Fuel Vehicle Eligible,210,36.0,CITY OF SEATTLE - (WA)|CITY OF TACOMA - (WA),0.7167235494880546,-1.9668783050323277,Long
King,Seattle,WA,98177.0,2025,VOLVO,EX30,Battery Electric Vehicle (BEV),Eligibility unknown as battery range has not been researched,0,32.0,CITY OF SEATTLE - (WA)|CITY OF TACOMA - (WA),0.0,0.9101348319226953,Unknown/Not Researched
Kitsap,Port Orchard,WA,98367.0,2024,JEEP,WRANGLER,Plug-in Hybrid Electric Vehicle (PHEV),Not eligible due to low battery range,21,26.0,PUGET SOUND ENERGY INC,0.07167235494880546,0.5904667055943594,Short
King,Auburn,WA,98092.0,2023,TESLA,MODEL Y,Battery Electric Vehicle (BEV),Eligibility unknown as battery range has not been researched,0,47.0,PUGET SOUND ENERGY INC||CITY OF TACOMA - (WA),0.0,0.2707985792660235,Unknown/Not Researched
King,Seattle,WA,98133.0,2025,HONDA,PROLOGUE,Battery Electric Vehicle (BEV),Eligibility unknown as battery range has not been researched,0,32.0,CITY OF SEATTLE - (WA)|CITY OF TACOMA - (WA),0.0,0.9101348319226953,Unknown/Not Researched
Snohomish,Edmonds,WA,98026.0,2024,TESLA,CYBERTRUCK,Battery Electric Vehicle (BEV),Eligibility unknown as battery range has not been researched,0,21.0,PUGET SOUND ENERGY INC,0.0,0.5904667055943594,Unknown/Not Researched
Snohomish,Lake Stevens,WA,98258.0,2017,FORD,C-MAX,Plug-in Hybrid Electric Vehicle (PHEV),Not eligible due to low battery range,20,44.0,PUGET SOUND ENERGY INC,0.06825938566552901,-1.647210178703992,Short
Clark,Vancouver,WA,98665.0,2024,FORD,ESCAPE,Plug-in Hybrid Electric Vehicle (PHEV),Clean Alternative Fuel Vehicle Eligible,37,49.0,BONNEVILLE POWER ADMINISTRATION||PUD NO 1 OF CLARK COUNTY - (WA),0.12627986348122866,0.5904667055943594,Short
King,Redmond,WA,98052.0,2026,HONDA,PROLOGUE,Battery Electric Vehicle (BEV),Eligibility unknown as battery range has not been researched,0,48.0,PUGET SOUND ENERGY INC||CITY OF TACOMA - (WA),0.0,1.2298029582510313,Unknown/Not Researched
King,Seattle,WA,98125.0,2023,TESLA,MODEL Y,Battery Electric Vehicle (BEV),Eligibility unknown as battery range has not been researched,0,46.0,CITY OF SEATTLE - (WA)|CITY OF TACOMA - (WA),0.0,0.2707985792660235,Unknown/Not Researched
Kitsap,Bainbridge Island,WA,98110.0,2023,TESLA,MODEL Y,Battery Electric Vehicle (BEV),Eligibility unknown as battery range has not been researched,0,23.0,PUGET SOUND ENERGY INC,0.0,0.2707985792660235,Unknown/Not Researched
King,Seattle,WA,98177.0,2025,AUDI,A6,Battery Electric Vehicle (BEV),Eligibility unknown as battery range has not been researched,0,32.0,CITY OF SEATTLE - (WA)|CITY OF TACOMA - (WA),0.0,0.9101348319226953,Unknown/Not Researched
King,Kirkland,WA,98033.0,2024,FORD,F-150,Battery Electric Vehicle (BEV),Eligibility unknown as battery range has not been researched,0,48.0,PUGET SOUND ENERGY INC||CITY OF TACOMA - (WA),0.0,0.5904667055943594,Unknown/Not Researched
King,Seattle,WA,98109.0,2025,BMW,IX,Battery Electric Vehicle (BEV),Eligibility unknown as battery range has not been researched,0,36.0,CITY OF SEATTLE - (WA)|CITY OF TACOMA - (WA),0.0,0.9101348319226953,Unknown/Not Researched
King,Clyde Hill,WA,98004.0,2026,TESLA,MODEL Y,Battery Electric Vehicle (BEV),Eligibility unknown as battery range has not been researched,0,48.0,PUGET SOUND ENERGY INC||CITY OF TACOMA - (WA),0.0,1.2298029582510313,Unknown/Not Researched
King,Kent,WA,98031.0,2026,TESLA,MODEL Y,Battery Electric Vehicle (BEV),Eligibility unknown as battery range has not been researched,0,47.0,PUGET SOUND ENERGY INC||CITY OF TACOMA - (WA),0.0,1.2298029582510313,Unknown/Not Researched
King,Seattle,WA,98125.0,2023,KIA,NIRO,Battery Electric Vehicle (BEV),Eligibility unknown as battery range has not been researched,0,46.0,CITY OF SEATTLE - (WA)|CITY OF TACOMA - (WA),0.0,0.2707985792660235,Unknown/Not Researched
King,Seattle,WA,98125.0,2025,TOYOTA,BZ4X,Battery Electric Vehicle (BEV),Eligibility unknown as battery range has not been researched,0,46.0,CITY OF SEATTLE - (WA)|CITY OF TACOMA - (WA),0.0,0.9101348319226953,Unknown/Not Researched
King,Bellevue,WA,98006.0,2026,TESLA,MODEL Y,Battery Electric Vehicle (BEV),Eligibility unknown as battery range has not been researched,0,41.0,PUGET SOUND ENERGY INC||CITY OF TACOMA - (WA),0.0,1.2298029582510313,Unknown/Not Researched
King,Kent,WA,98031.0,2024,HYUNDAI,TUCSON,Plug-in Hybrid Electric Vehicle (PHEV),Clean Alternative Fuel Vehicle Eligible,33,47.0,PUGET SOUND ENERGY INC||CITY OF TACOMA - (WA),0.11262798634812286,0.5904667055943594,Short
King,Shoreline,WA,98155.0,2022,NISSAN,LEAF,Battery Electric Vehicle (BEV),Eligibility unknown as battery range has not been researched,0,32.0,CITY OF SEATTLE - (WA)|CITY OF TACOMA - (WA),0.0,-0.04886954706231235,Unknown/Not Researched
Kitsap,Bremerton,WA,98312.0,2026,TOYOTA,PRIUS PRIME (PHEV),Plug-in Hybrid Electric Vehicle (PHEV),Clean Alternative Fuel Vehicle Eligible,44,35.0,PUGET SOUND ENERGY INC,0.15017064846416384,1.2298029582510313,Short
King,Covington,WA,98042.0,2026,TESLA,MODEL Y,Battery Electric Vehicle (BEV),Eligibility unknown as battery range has not been researched,0,47.0,PUGET SOUND ENERGY INC||CITY OF TACOMA - (WA),0.0,1.2298029582510313,Unknown/Not Researched
King,Kirkland,WA,98033.0,2019,TESLA,MODEL 3,Battery Electric Vehicle (BEV),Clean Alternative Fuel Vehicle Eligible,220,45.0,PUGET SOUND ENERGY INC||CITY OF TACOMA - (WA),0.7508532423208191,-1.00787392604732,Long
Clark,Vancouver,WA,98686.0,2026,TESLA,MODEL Y,Battery Electric Vehicle (BEV),Eligibility unknown as battery range has not been researched,0,49.0,BONNEVILLE POWER ADMINISTRATION||PUD NO 1 OF CLARK COUNTY - (WA),0.0,1.2298029582510313,Unknown/Not Researched
King,Redmond,WA,98052.0,2026,TESLA,MODEL Y,Battery Electric Vehicle (BEV),Eligibility unknown as battery range has not been researched,0,45.0,PUGET SOUND ENERGY INC||CITY OF TACOMA - (WA),0.0,1.2298029582510313,Unknown/Not Researched
Clark,Vancouver,WA,98682.0,2022,TOYOTA,RAV4 PRIME (PHEV),Plug-in Hybrid Electric Vehicle (PHEV),Clean Alternative Fuel Vehicle Eligible,42,17.0,BONNEVILLE POWER ADMINISTRATION||PUD NO 1 OF CLARK COUNTY - (WA),0.14334470989761092,-0.04886954706231235,Short
Thurston,Tumwater,WA,98512.0,2023,TESLA,MODEL Y,Battery Electric Vehicle (BEV),Eligibility unknown as battery range has not been researched,0,22.0,PUGET SOUND ENERGY INC,0.0,0.2707985792660235,Unknown/Not Researched
Thurston,Olympia,WA,98506.0,2016,KIA,SOUL,Battery Electric Vehicle (BEV),Clean Alternative Fuel Vehicle Eligible,93,22.0,PUGET SOUND ENERGY INC,0.3174061433447099,-1.9668783050323277,Medium
King,Kirkland,WA,98034.0,2021,VOLKSWAGEN,ID.4,Battery Electric Vehicle (BEV),Eligibility unknown as battery range has not been researched,0,1.0,PUGET SOUND ENERGY INC||CITY OF TACOMA - (WA),0.0,-0.36853767339064825,Unknown/Not Researched
King,Kent,WA,98032.0,2024,HYUNDAI,IONIQ 5,Battery Electric Vehicle (BEV),Eligibility unknown as battery range has not been researched,0,33.0,PUGET SOUND ENERGY INC||CITY OF TACOMA - (WA),0.0,0.5904667055943594,Unknown/Not Researched
King,Bellevue,WA,98004.0,2025,HYUNDAI,IONIQ 5 N,Battery Electric Vehicle (BEV),Eligibility unknown as battery range has not been researched,0,41.0,PUGET SOUND ENERGY INC||CITY OF TACOMA - (WA),0.0,0.9101348319226953,Unknown/Not Researched
Kitsap,Bainbridge Island,WA,98110.0,2011,NISSAN,LEAF,Battery Electric Vehicle (BEV),Clean Alternative Fuel Vehicle Eligible,73,23.0,PUGET SOUND ENERGY INC,0.24914675767918087,-3.565218936674007,Medium
Kitsap,Silverdale,WA,98383.0,2025,CHEVROLET,EQUINOX,Battery Electric Vehicle (BEV),Eligibility unknown as battery range has not been researched,0,23.0,PUGET SOUND ENERGY INC,0.0,0.9101348319226953,Unknown/Not Researched
King,Kent,WA,98031.0,2021,TESLA,MODEL Y,Battery Electric Vehicle (BEV),Eligibility unknown as battery range has not been researched,0,47.0,PUGET SOUND ENERGY INC||CITY OF TACOMA - (WA),0.0,-0.36853767339064825,Unknown/Not Researched
King,Kirkland,WA,98034.0,2021,TESLA,MODEL Y,Battery Electric Vehicle (BEV),Eligibility unknown as battery range has not been researched,0,1.0,PUGET SOUND ENERGY INC||CITY OF TACOMA - (WA),0.0,-0.36853767339064825,Unknown/Not Researched
King,Newcastle,WA,98056.0,2023,TESLA,MODEL 3,Battery Electric Vehicle (BEV),Eligibility unknown as battery range has not been researched,0,41.0,PUGET SOUND ENERGY INC||CITY OF TACOMA - (WA),0.0,0.2707985792660235,Unknown/Not Researched
King,Issaquah,WA,98027.0,2024,HONDA,PROLOGUE,Battery Electric Vehicle (BEV),Eligibility unknown as battery range has not been researched,0,5.0,PUGET SOUND ENERGY INC||CITY OF TACOMA - (WA),0.0,0.5904667055943594,Unknown/Not Researched
Clark,Ridgefield,WA,98642.0,2024,BMW,I4,Battery Electric Vehicle (BEV),Eligibility unknown as battery range has not been researched,0,18.0,BONNEVILLE POWER ADMINISTRATION||PUD NO 1 OF CLARK COUNTY - (WA),0.0,0.5904667055943594,Unknown/Not Researched
King,Seattle,WA,98103.0,2021,AUDI,Q5 E,Plug-in Hybrid Electric Vehicle (PHEV),Not eligible due to low battery range,18,43.0,CITY OF SEATTLE - (WA)|CITY OF TACOMA - (WA),0.06143344709897611,-0.36853767339064825,Short
Clark,Vancouver,WA,98665.0,2021,JEEP,WRANGLER,Plug-in Hybrid Electric Vehicle (PHEV),Not eligible due to low battery range,25,49.0,BONNEVILLE POWER ADMINISTRATION||PUD NO 1 OF CLARK COUNTY - (WA),0.08532423208191127,-0.36853767339064825,Short
King,Bellevue,WA,98004.0,2026,TESLA,MODEL 3,Battery Electric Vehicle (BEV),Eligibility unknown as battery range has not been researched,0,41.0,PUGET SOUND ENERGY INC||CITY OF TACOMA - (WA),0.0,1.2298029582510313,Unknown/Not Researched
King,Redmond,WA,98052.0,2021,TESLA,MODEL Y,Battery Electric Vehicle (BEV),Eligibility unknown as battery range has not been researched,0,45.0,PUGET SOUND ENERGY INC||CITY OF TACOMA - (WA),0.0,-0.36853767339064825,Unknown/Not Researched
King,Kirkland,WA,98033.0,2024,GENESIS,GV70,Battery Electric Vehicle (BEV),Eligibility unknown as battery range has not been researched,0,48.0,PUGET SOUND ENERGY INC||CITY OF TACOMA - (WA),0.0,0.5904667055943594,Unknown/Not Researched
King,Seattle,WA,98102.0,2021,TESLA,MODEL Y,Battery Electric Vehicle (BEV),Eligibility unknown as battery range has not been researched,0,43.0,CITY OF SEATTLE - (WA)|CITY OF TACOMA - (WA),0.0,-0.36853767339064825,Unknown/Not Researched
King,Kent,WA,98030.0,2021,VOLKSWAGEN,ID.4,Battery Electric Vehicle (BEV),Eligibility unknown as battery range has not been researched,0,47.0,PUGET SOUND ENERGY INC||CITY OF TACOMA - (WA),0.0,-0.36853767339064825,Unknown/Not Researched
King,Woodinville,WA,98072.0,2021,NISSAN,LEAF,Battery Electric Vehicle (BEV),Eligibility unknown as battery range has not been researched,0,45.0,PUGET SOUND ENERGY INC||CITY OF TACOMA - (WA),0.0,-0.36853767339064825,Unknown/Not Researched
King,Seattle,WA,98125.0,2024,CADILLAC,LYRIQ,Battery Electric Vehicle (BEV),Eligibility unknown as battery range has not been researched,0,46.0,PUGET SOUND ENERGY INC||CITY OF TACOMA - (WA),0.0,0.5904667055943594,Unknown/Not Researched
King,Kent,WA,98031.0,2023,KIA,EV6,Battery Electric Vehicle (BEV),Eligibility unknown as battery range has not been researched,0,47.0,PUGET SOUND ENERGY INC||CITY OF TACOMA - (WA),0.0,0.2707985792660235,Unknown/Not Researched
King,Auburn,WA,98092.0,2022,BMW,IX,Battery Electric Vehicle (BEV),Eligibility unknown as battery range has not been researched,0,47.0,PUGET SOUND ENERGY INC||CITY OF TACOMA - (WA),0.0,-0.04886954706231235,Unknown/Not Researched
Snohomish,Monroe,WA,98272.0,2025,KIA,SPORTAGE,Plug-in Hybrid Electric Vehicle (PHEV),Clean Alternative Fuel Vehicle Eligible,34,39.0,PUGET SOUND ENERGY INC,0.11604095563139932,0.9101348319226953,Short
King,Pacific,WA,98047.0,2022,VOLVO,C40,Battery Electric Vehicle (BEV),Eligibility unknown as battery range has not been researched,0,30.0,PUGET SOUND ENERGY INC||CITY OF TACOMA - (WA),0.0,-0.04886954706231235,Unknown/Not Researched
Kitsap,Bremerton,WA,98310.0,2024,CHEVROLET,BLAZER,Battery Electric Vehicle (BEV),Eligibility unknown as battery range has not been researched,0,23.0,PUGET SOUND ENERGY INC,0.0,0.5904667055943594,Unknown/Not Researched
Thurston,Yelm,WA,98597.0,2023,TESLA,MODEL 3,Battery Electric Vehicle (BEV),Eligibility unknown as battery range has not been researched,0,2.0,PUGET SOUND ENERGY INC,0.0,0.2707985792660235,Unknown/Not Researched
King,Covington,WA,98042.0,2018,TESLA,MODEL S,Battery Electric Vehicle (BEV),Clean Alternative Fuel Vehicle Eligible,249,47.0,PUGET SOUND ENERGY INC||CITY OF TACOMA - (WA),0.8498293515358362,-1.3275420523756558,Long
King,Seattle,WA,98115.0,2024,HYUNDAI,IONIQ 5,Battery Electric Vehicle (BEV),Eligibility unknown as battery range has not been researched,0,46.0,CITY OF SEATTLE - (WA)|CITY OF TACOMA - (WA),0.0,0.5904667055943594,Unknown/Not Researched
King,Renton,WA,98058.0,2023,TESLA,MODEL 3,Battery Electric Vehicle (BEV),Eligibility unknown as battery range has not been researched,0,11.0,PUGET SOUND ENERGY INC||CITY OF TACOMA - (WA),0.0,0.2707985792660235,Unknown/Not Researched
Snohomish,Edmonds,WA,98026.0,2025,TOYOTA,BZ4X,Battery Electric Vehicle (BEV),Eligibility unknown as battery range has not been researched,0,21.0,PUGET SOUND ENERGY INC,0.0,0.9101348319226953,Unknown/Not Researched
Clark,Ridgefield,WA,98642.0,2023,KIA,EV6,Battery Electric Vehicle (BEV),Eligibility unknown as battery range has not been researched,0,18.0,BONNEVILLE POWER ADMINISTRATION||PUD NO 1 OF CLARK COUNTY - (WA),0.0,0.2707985792660235,Unknown/Not Researched
King,Bellevue,WA,98006.0,2023,TESLA,MODEL Y,Battery Electric Vehicle (BEV),Eligibility unknown as battery range has not been researched,0,41.0,PUGET SOUND ENERGY INC||CITY OF TACOMA - (WA),0.0,0.2707985792660235,Unknown/Not Researched
Thurston,Olympia,WA,98501.0,2021,TESLA,MODEL 3,Battery Electric Vehicle (BEV),Eligibility unknown as battery range has not been researched,0,22.0,PUGET SOUND ENERGY INC,0.0,-0.36853767339064825,Unknown/Not Researched
King,Seattle,WA,98112.0,2025,MERCEDES-BENZ,GLC-CLASS,Plug-in Hybrid Electric Vehicle (PHEV),Clean Alternative Fuel Vehicle Eligible,54,43.0,CITY OF SEATTLE - (WA)|CITY OF TACOMA - (WA),0.18430034129692832,0.9101348319226953,Medium
Clark,Camas,WA,98607.0,2023,TESLA,MODEL Y,Battery Electric Vehicle (BEV),Eligibility unknown as battery range has not been researched,0,18.0,BONNEVILLE POWER ADMINISTRATION||PUD NO 1 OF CLARK COUNTY - (WA),0.0,0.2707985792660235,Unknown/Not Researched
King,Sammamish,WA,98074.0,2015,NISSAN,LEAF,Battery Electric Vehicle (BEV),Clean Alternative Fuel Vehicle Eligible,84,45.0,PUGET SOUND ENERGY INC||CITY OF TACOMA - (WA),0.28668941979522183,-2.2865464313606636,Medium
Snohomish,Everett,WA,98204.0,2018,TESLA,MODEL 3,Battery Electric Vehicle (BEV),Clean Alternative Fuel Vehicle Eligible,215,38.0,PUGET SOUND ENERGY INC,0.7337883959044369,-1.3275420523756558,Long
King,Kenmore,WA,98028.0,2022,BMW,X5,Plug-in Hybrid Electric Vehicle (PHEV),Clean Alternative Fuel Vehicle Eligible,30,46.0,PUGET SOUND ENERGY INC||CITY OF TACOMA - (WA),0.10238907849829351,-0.04886954706231235,Short
Snohomish,Everett,WA,98208.0,2026,CADILLAC,VISTIQ,Battery Electric Vehicle (BEV),Eligibility unknown as battery range has not been researched,0,44.0,PUGET SOUND ENERGY INC,0.0,1.2298029582510313,Unknown/Not Researched
King,Auburn,WA,98092.0,2023,TESLA,MODEL X,Battery Electric Vehicle (BEV),Eligibility unknown as battery range has not been researched,0,47.0,PUGET SOUND ENERGY INC||CITY OF TACOMA - (WA),0.0,0.2707985792660235,Unknown/Not Researched
King,Bellevue,WA,98004.0,2018,TESLA,MODEL X,Battery Electric Vehicle (BEV),Clean Alternative Fuel Vehicle Eligible,238,48.0,PUGET SOUND ENERGY INC||CITY OF TACOMA - (WA),0.8122866894197952,-1.3275420523756558,Long
Kitsap,Bainbridge Island,WA,98110.0,2016,KIA,SOUL,Battery Electric Vehicle (BEV),Clean Alternative Fuel Vehicle Eligible,93,23.0,PUGET SOUND ENERGY INC,0.3174061433447099,-1.9668783050323277,Medium
King,Bellevue,WA,98004.0,2021,TESLA,MODEL 3,Battery Electric Vehicle (BEV),Eligibility unknown as battery range has not been researched,0,48.0,PUGET SOUND ENERGY INC||CITY OF TACOMA - (WA),0.0,-0.36853767339064825,Unknown/Not Researched
Kitsap,Bremerton,WA,98310.0,2022,KIA,EV6,Battery Electric Vehicle (BEV),Eligibility unknown as battery range has not been researched,0,23.0,PUGET SOUND ENERGY INC,0.0,-0.04886954706231235,Unknown/Not Researched
King,Bothell,WA,98011.0,2019,NISSAN,LEAF,Battery Electric Vehicle (BEV),Clean Alternative Fuel Vehicle Eligible,150,1.0,PUGET SOUND ENERGY INC||CITY OF TACOMA - (WA),0.5119453924914675,-1.00787392604732,Medium
King,Seattle,WA,98125.0,2021,TESLA,MODEL Y,Battery Electric Vehicle (BEV),Eligibility unknown as battery range has not been researched,0,46.0,CITY OF SEATTLE - (WA)|CITY OF TACOMA - (WA),0.0,-0.36853767339064825,Unknown/Not Researched
Kitsap,Olalla,WA,98359.0,2017,BMW,X5,Plug-in Hybrid Electric Vehicle (PHEV),Not eligible due to low battery range,14,26.0,PUGET SOUND ENERGY INC,0.04778156996587031,-1.647210178703992,Short
King,Kirkland,WA,98033.0,2019,NISSAN,LEAF,Battery Electric Vehicle (BEV),Clean Alternative Fuel Vehicle Eligible,150,45.0,PUGET SOUND ENERGY INC||CITY OF TACOMA - (WA),0.5119453924914675,-1.00787392604732,Medium
King,Redmond,WA,98052.0,2022,TESLA,MODEL X,Battery Electric Vehicle (BEV),Eligibility unknown as battery range has not been researched,0,45.0,PUGET SOUND ENERGY INC||CITY OF TACOMA - (WA),0.0,-0.04886954706231235,Unknown/Not Researched
King,Seattle,WA,98108.0,2021,BMW,X3,Plug-in Hybrid Electric Vehicle (PHEV),Not eligible due to low battery range,17,11.0,CITY OF SEATTLE - (WA)|CITY OF TACOMA - (WA),0.05802047781569966,-0.36853767339064825,Short
King,Redmond,WA,98052.0,2022,TESLA,MODEL S,Battery Electric Vehicle (BEV),Eligibility unknown as battery range has not been researched,0,45.0,PUGET SOUND ENERGY INC||CITY OF TACOMA - (WA),0.0,-0.04886954706231235,Unknown/Not Researched
King,Bothell,WA,98011.0,2026,TESLA,MODEL Y,Battery Electric Vehicle (BEV),Eligibility unknown as battery range has not been researched,0,1.0,PUGET SOUND ENERGY INC||CITY OF TACOMA - (WA),0.0,1.2298029582510313,Unknown/Not Researched
Clark,Vancouver,WA,98686.0,2018,TESLA,MODEL 3,Battery Electric Vehicle (BEV),Clean Alternative Fuel Vehicle Eligible,215,17.0,BONNEVILLE POWER ADMINISTRATION||PUD NO 1 OF CLARK COUNTY - (WA),0.7337883959044369,-1.3275420523756558,Long
King,Bellevue,WA,98008.0,2017,TESLA,MODEL S,Battery Electric Vehicle (BEV),Clean Alternative Fuel Vehicle Eligible,210,48.0,PUGET SOUND ENERGY INC||CITY OF TACOMA - (WA),0.7167235494880546,-1.647210178703992,Long
King,Renton,WA,98058.0,2026,TESLA,MODEL Y,Battery Electric Vehicle (BEV),Eligibility unknown as battery range has not been researched,0,11.0,PUGET SOUND ENERGY INC||CITY OF TACOMA - (WA),0.0,1.2298029582510313,Unknown/Not Researched
King,Seattle,WA,98144.0,2025,VOLVO,XC60,Plug-in Hybrid Electric Vehicle (PHEV),Clean Alternative Fuel Vehicle Eligible,35,37.0,CITY OF SEATTLE - (WA)|CITY OF TACOMA - (WA),0.11945392491467577,0.9101348319226953,Short
Snohomish,Mill Creek,WA,98012.0,2025,VOLVO,XC90,Plug-in Hybrid Electric Vehicle (PHEV),Clean Alternative Fuel Vehicle Eligible,32,44.0,PUGET SOUND ENERGY INC,0.10921501706484642,0.9101348319226953,Short
King,Kirkland,WA,98034.0,2022,AUDI,E-TRON,Battery Electric Vehicle (BEV),Eligibility unknown as battery range has not been researched,0,45.0,PUGET SOUND ENERGY INC||CITY OF TACOMA - (WA),0.0,-0.04886954706231235,Unknown/Not Researched
Thurston,Rochester,WA,98579.0,2026,TESLA,MODEL Y,Battery Electric Vehicle (BEV),Eligibility unknown as battery range has not been researched,0,20.0,PUGET SOUND ENERGY INC,0.0,1.2298029582510313,Unknown/Not Researched
King,Kirkland,WA,98033.0,2023,RIVIAN,R1S,Battery Electric Vehicle (BEV),Eligibility unknown as battery range has not been researched,0,48.0,PUGET SOUND ENERGY INC||CITY OF TACOMA - (WA),0.0,0.2707985792660235,Unknown/Not Researched
Clark,Vancouver,WA,98684.0,2017,VOLVO,XC90,Plug-in Hybrid Electric Vehicle (PHEV),Not eligible due to low battery range,14,17.0,BONNEVILLE POWER ADMINISTRATION||PUD NO 1 OF CLARK COUNTY - (WA),0.04778156996587031,-1.647210178703992,Short
Clark,Vancouver,WA,98682.0,2023,TESLA,MODEL Y,Battery Electric Vehicle (BEV),Eligibility unknown as battery range has not been researched,0,17.0,BONNEVILLE POWER ADMINISTRATION||PUD NO 1 OF CLARK COUNTY - (WA),0.0,0.2707985792660235,Unknown/Not Researched
Thurston,Tumwater,WA,98501.0,2024,FORD,F-150,Battery Electric Vehicle (BEV),Eligibility unknown as battery range has not been researched,0,22.0,PUGET SOUND ENERGY INC,0.0,0.5904667055943594,Unknown/Not Researched
King,Kirkland,WA,98033.0,2023,HYUNDAI,KONA,Battery Electric Vehicle (BEV),Eligibility unknown as battery range has not been researched,0,45.0,PUGET SOUND ENERGY INC||CITY OF TACOMA - (WA),0.0,0.2707985792660235,Unknown/Not Researched
King,Bothell,WA,98011.0,2023,HYUNDAI,IONIQ 5,Battery Electric Vehicle (BEV),Eligibility unknown as battery range has not been researched,0,1.0,PUGET SOUND ENERGY INC||CITY OF TACOMA - (WA),0.0,0.2707985792660235,Unknown/Not Researched
King,Seattle,WA,98125.0,2019,TESLA,MODEL 3,Battery Electric Vehicle (BEV),Clean Alternative Fuel Vehicle Eligible,220,46.0,CITY OF SEATTLE - (WA)|CITY OF TACOMA - (WA),0.7508532423208191,-1.00787392604732,Long
King,Kirkland,WA,98033.0,2023,CHEVROLET,BOLT EV,Battery Electric Vehicle (BEV),Eligibility unknown as battery range has not been researched,0,45.0,PUGET SOUND ENERGY INC||CITY OF TACOMA - (WA),0.0,0.2707985792660235,Unknown/Not Researched
King,Seattle,WA,98115.0,2026,HYUNDAI,IONIQ 9,Battery Electric Vehicle (BEV),Eligibility unknown as battery range has not been researched,0,46.0,CITY OF SEATTLE - (WA)|CITY OF TACOMA - (WA),0.0,1.2298029582510313,Unknown/Not Researched
King,Bellevue,WA,98004.0,2018,TESLA,MODEL 3,Battery Electric Vehicle (BEV),Clean Alternative Fuel Vehicle Eligible,215,41.0,PUGET SOUND ENERGY INC||CITY OF TACOMA - (WA),0.7337883959044369,-1.3275420523756558,Long
King,Kirkland,WA,98034.0,2019,NISSAN,LEAF,Battery Electric Vehicle (BEV),Clean Alternative Fuel Vehicle Eligible,150,45.0,PUGET SOUND ENERGY INC||CITY OF TACOMA - (WA),0.5119453924914675,-1.00787392604732,Medium
King,Bellevue,WA,98004.0,2026,TESLA,MODEL Y,Battery Electric Vehicle (BEV),Eligibility unknown as battery range has not been researched,0,48.0,PUGET SOUND ENERGY INC||CITY OF TACOMA - (WA),0.0,1.2298029582510313,Unknown/Not Researched
King,Federal Way,WA,98003.0,2023,TESLA,MODEL 3,Battery Electric Vehicle (BEV),Eligibility unknown as battery range has not been researched,0,30.0,PUGET SOUND ENERGY INC||CITY OF TACOMA - (WA),0.0,0.2707985792660235,Unknown/Not Researched
King,Seattle,WA,98103.0,2024,HYUNDAI,KONA,Battery Electric Vehicle (BEV),Eligibility unknown as battery range has not been researched,0,43.0,CITY OF SEATTLE - (WA)|CITY OF TACOMA - (WA),0.0,0.5904667055943594,Unknown/Not Researched
King,Bellevue,WA,98006.0,2018,TESLA,MODEL 3,Battery Electric Vehicle (BEV),Clean Alternative Fuel Vehicle Eligible,215,41.0,PUGET SOUND ENERGY INC||CITY OF TACOMA - (WA),0.7337883959044369,-1.3275420523756558,Long
King,Seattle,WA,98144.0,2020,KIA,NIRO,Battery Electric Vehicle (BEV),Clean Alternative Fuel Vehicle Eligible,239,37.0,CITY OF SEATTLE - (WA)|CITY OF TACOMA - (WA),0.8156996587030717,-0.6882057997189841,Long
Snohomish,Edmonds,WA,98020.0,2022,TESLA,MODEL Y,Battery Electric Vehicle (BEV),Eligibility unknown as battery range has not been researched,0,32.0,PUGET SOUND ENERGY INC,0.0,-0.04886954706231235,Unknown/Not Researched
Clark,Vancouver,WA,98685.0,2023,TOYOTA,PRIUS PRIME (PHEV),Plug-in Hybrid Electric Vehicle (PHEV),Clean Alternative Fuel Vehicle Eligible,39,18.0,BONNEVILLE POWER ADMINISTRATION||PUD NO 1 OF CLARK COUNTY - (WA),0.13310580204778158,0.2707985792660235,Short
King,Seattle,WA,98122.0,2022,FORD,TRANSIT,Battery Electric Vehicle (BEV),Eligibility unknown as battery range has not been researched,0,37.0,CITY OF SEATTLE - (WA)|CITY OF TACOMA - (WA),0.0,-0.04886954706231235,Unknown/Not Researched
Thurston,Lacey,WA,98503.0,2015,TESLA,MODEL S,Battery Electric Vehicle (BEV),Clean Alternative Fuel Vehicle Eligible,208,22.0,PUGET SOUND ENERGY INC,0.7098976109215017,-2.2865464313606636,Long
King,Seattle,WA,98125.0,2017,CHEVROLET,BOLT EV,Battery Electric Vehicle (BEV),Clean Alternative Fuel Vehicle Eligible,238,46.0,CITY OF SEATTLE - (WA)|CITY OF TACOMA - (WA),0.8122866894197952,-1.647210178703992,Long
King,Redmond,WA,98052.0,2018,TOYOTA,PRIUS PRIME (PHEV),Plug-in Hybrid Electric Vehicle (PHEV),Not eligible due to low battery range,25,45.0,PUGET SOUND ENERGY INC||CITY OF TACOMA - (WA),0.08532423208191127,-1.3275420523756558,Short
Thurston,Olympia,WA,98513.0,2015,NISSAN,LEAF,Battery Electric Vehicle (BEV),Clean Alternative Fuel Vehicle Eligible,84,20.0,PUGET SOUND ENERGY INC,0.28668941979522183,-2.2865464313606636,Medium
King,Renton,WA,98055.0,2024,TESLA,MODEL 3,Battery Electric Vehicle (BEV),Eligibility unknown as battery range has not been researched,0,33.0,PUGET SOUND ENERGY INC||CITY OF TACOMA - (WA),0.0,0.5904667055943594,Unknown/Not Researched
King,Redmond,WA,98052.0,2025,TESLA,MODEL Y,Battery Electric Vehicle (BEV),Eligibility unknown as battery range has not been researched,0,45.0,PUGET SOUND ENERGY INC||CITY OF TACOMA - (WA),0.0,0.9101348319226953,Unknown/Not Researched
King,Beaux Arts,WA,98004.0,2022,TESLA,MODEL 3,Battery Electric Vehicle (BEV),Eligibility unknown as battery range has not been researched,0,41.0,PUGET SOUND ENERGY INC||CITY OF TACOMA - (WA),0.0,-0.04886954706231235,Unknown/Not Researched
Kitsap,Silverdale,WA,98383.0,2023,HYUNDAI,IONIQ 5,Battery Electric Vehicle (BEV),Eligibility unknown as battery range has not been researched,0,23.0,PUGET SOUND ENERGY INC,0.0,0.2707985792660235,Unknown/Not Researched
King,Seattle,WA,98102.0,2022,TESLA,MODEL Y,Battery Electric Vehicle (BEV),Eligibility unknown as battery range has not been researched,0,43.0,CITY OF SEATTLE - (WA)|CITY OF TACOMA - (WA),0.0,-0.04886954706231235,Unknown/Not Researched
King,Renton,WA,98055.0,2017,KIA,SOUL,Battery Electric Vehicle (BEV),Clean Alternative Fuel Vehicle Eligible,93,11.0,PUGET SOUND ENERGY INC||CITY OF TACOMA - (WA),0.3174061433447099,-1.647210178703992,Medium
Clark,Vancouver,WA,98685.0,2016,TESLA,MODEL S,Battery Electric Vehicle (BEV),Clean Alternative Fuel Vehicle Eligible,210,18.0,BONNEVILLE POWER ADMINISTRATION||PUD NO 1 OF CLARK COUNTY - (WA),0.7167235494880546,-1.9668783050323277,Long
King,Bothell,WA,98011.0,2025,AUDI,Q6,Battery Electric Vehicle (BEV),Eligibility unknown as battery range has not been researched,0,1.0,PUGET SOUND ENERGY INC||CITY OF TACOMA - (WA),0.0,0.9101348319226953,Unknown/Not Researched
Thurston,Olympia,WA,98502.0,2024,KIA,SPORTAGE,Plug-in Hybrid Electric Vehicle (PHEV),Clean Alternative Fuel Vehicle Eligible,34,22.0,PUGET SOUND ENERGY INC,0.11604095563139932,0.5904667055943594,Short
King,Bellevue,WA,98006.0,2023,MERCEDES-BENZ,EQS-CLASS SUV,Battery Electric Vehicle (BEV),Eligibility unknown as battery range has not been researched,0,41.0,PUGET SOUND ENERGY INC||CITY OF TACOMA - (WA),0.0,0.2707985792660235,Unknown/Not Researched
King,Seattle,WA,98125.0,2015,FIAT,500,Battery Electric Vehicle (BEV),Clean Alternative Fuel Vehicle Eligible,87,46.0,CITY OF SEATTLE - (WA)|CITY OF TACOMA - (WA),0.29692832764505117,-2.2865464313606636,Medium
King,Shoreline,WA,98177.0,2025,TOYOTA,BZ4X,Battery Electric Vehicle (BEV),Eligibility unknown as battery range has not been researched,0,32.0,CITY OF SEATTLE - (WA)|CITY OF TACOMA - (WA),0.0,0.9101348319226953,Unknown/Not Researched
King,Issaquah,WA,98027.0,2023,CHEVROLET,BOLT EUV,Battery Electric Vehicle (BEV),Eligibility unknown as battery range has not been researched,0,5.0,PUGET SOUND ENERGY INC||CITY OF TACOMA - (WA),0.0,0.2707985792660235,Unknown/Not Researched
King,Kirkland,WA,98033.0,2017,CHEVROLET,BOLT EV,Battery Electric Vehicle (BEV),Clean Alternative Fuel Vehicle Eligible,238,48.0,PUGET SOUND ENERGY INC||CITY OF TACOMA - (WA),0.8122866894197952,-1.647210178703992,Long
King,Kirkland,WA,98033.0,2022,FORD,ESCAPE,Plug-in Hybrid Electric Vehicle (PHEV),Clean Alternative Fuel Vehicle Eligible,38,45.0,PUGET SOUND ENERGY INC||CITY OF TACOMA - (WA),0.1296928327645051,-0.04886954706231235,Short
King,Bellevue,WA,98007.0,2025,TESLA,MODEL Y,Battery Electric Vehicle (BEV),Eligibility unknown as battery range has not been researched,0,48.0,PUGET SOUND ENERGY INC||CITY OF TACOMA - (WA),0.0,0.9101348319226953,Unknown/Not Researched
King,Seattle,WA,98146.0,2013,NISSAN,LEAF,Battery Electric Vehicle (BEV),Clean Alternative Fuel Vehicle Eligible,75,34.0,CITY OF SEATTLE - (WA)|CITY OF TACOMA - (WA),0.25597269624573377,-2.9258826840173353,Medium
King,Bellevue,WA,98005.0,2019,AUDI,E-TRON,Battery Electric Vehicle (BEV),Clean Alternative Fuel Vehicle Eligible,204,41.0,PUGET SOUND ENERGY INC||CITY OF TACOMA - (WA),0.6962457337883959,-1.00787392604732,Long
King,Bellevue,WA,98006.0,2020,TESLA,MODEL Y,Battery Electric Vehicle (BEV),Clean Alternative Fuel Vehicle Eligible,291,41.0,PUGET SOUND ENERGY INC||CITY OF TACOMA - (WA),0.9931740614334471,-0.6882057997189841,Long
Clark,Vancouver,WA,98686.0,2023,TESLA,MODEL Y,Battery Electric Vehicle (BEV),Eligibility unknown as battery range has not been researched,0,49.0,BONNEVILLE POWER ADMINISTRATION||PUD NO 1 OF CLARK COUNTY - (WA),0.0,0.2707985792660235,Unknown/Not Researched
King,Shoreline,WA,98177.0,2026,MERCEDES-BENZ,GLC-CLASS,Plug-in Hybrid Electric Vehicle (PHEV),Clean Alternative Fuel Vehicle Eligible,54,32.0,CITY OF SEATTLE - (WA)|CITY OF TACOMA - (WA),0.18430034129692832,1.2298029582510313,Medium
King,Shoreline,WA,98155.0,2022,CHEVROLET,BOLT EUV,Battery Electric Vehicle (BEV),Eligibility unknown as battery range has not been researched,0,32.0,CITY OF SEATTLE - (WA)|CITY OF TACOMA - (WA),0.0,-0.04886954706231235,Unknown/Not Researched
King,Seattle,WA,98115.0,2012,TOYOTA,PRIUS,Plug-in Hybrid Electric Vehicle (PHEV),Not eligible due to low battery range,6,43.0,CITY OF SEATTLE - (WA)|CITY OF TACOMA - (WA),0.020477815699658702,-3.245550810345671,Short
King,Redmond,WA,98052.0,2023,TESLA,MODEL Y,Battery Electric Vehicle (BEV),Eligibility unknown as battery range has not been researched,0,48.0,PUGET SOUND ENERGY INC||CITY OF TACOMA - (WA),0.0,0.2707985792660235,Unknown/Not Researched
King,Seattle,WA,98107.0,2025,CHEVROLET,SILVERADO,Battery Electric Vehicle (BEV),Eligibility unknown as battery range has not been researched,0,43.0,CITY OF SEATTLE - (WA)|CITY OF TACOMA - (WA),0.0,0.9101348319226953,Unknown/Not Researched
King,Seattle,WA,98133.0,2021,VOLVO,XC60,Plug-in Hybrid Electric Vehicle (PHEV),Not eligible due to low battery range,18,46.0,CITY OF SEATTLE - (WA)|CITY OF TACOMA - (WA),0.06143344709897611,-0.36853767339064825,Short
King,Kent,WA,98031.0,2022,KIA,EV6,Battery Electric Vehicle (BEV),Eligibility unknown as battery range has not been researched,0,47.0,PUGET SOUND ENERGY INC||CITY OF TACOMA - (WA),0.0,-0.04886954706231235,Unknown/Not Researched
King,Auburn,WA,98092.0,2020,TESLA,MODEL 3,Battery Electric Vehicle (BEV),Clean Alternative Fuel Vehicle Eligible,266,47.0,PUGET SOUND ENERGY INC||CITY OF TACOMA - (WA),0.9078498293515358,-0.6882057997189841,Long
King,Seattle,WA,98146.0,2024,HONDA,PROLOGUE,Battery Electric Vehicle (BEV),Eligibility unknown as battery range has not been researched,0,34.0,CITY OF SEATTLE - (WA)|CITY OF TACOMA - (WA),0.0,0.5904667055943594,Unknown/Not Researched
King,Seattle,WA,98133.0,2017,CHEVROLET,VOLT,Plug-in Hybrid Electric Vehicle (PHEV),Clean Alternative Fuel Vehicle Eligible,53,46.0,CITY OF SEATTLE - (WA)|CITY OF TACOMA - (WA),0.18088737201365188,-1.647210178703992,Medium
King,Bellevue,WA,98006.0,2012,CHEVROLET,VOLT,Plug-in Hybrid Electric Vehicle (PHEV),Clean Alternative Fuel Vehicle Eligible,35,41.0,PUGET SOUND ENERGY INC||CITY OF TACOMA - (WA),0.11945392491467577,-3.245550810345671,Short
Clark,Vancouver,WA,98662.0,2022,TESLA,MODEL 3,Battery Electric Vehicle (BEV),Eligibility unknown as battery range has not been researched,0,17.0,BONNEVILLE POWER ADMINISTRATION||PUD NO 1 OF CLARK COUNTY - (WA),0.0,-0.04886954706231235,Unknown/Not Researched
King,Kirkland,WA,98034.0,2025,HYUNDAI,IONIQ 5,Battery Electric Vehicle (BEV),Eligibility unknown as battery range has not been researched,0,45.0,PUGET SOUND ENERGY INC||CITY OF TACOMA - (WA),0.0,0.9101348319226953,Unknown/Not Researched
King,Seattle,WA,98125.0,2026,TOYOTA,BZ,Battery Electric Vehicle (BEV),Eligibility unknown as battery range has not been researched,0,46.0,CITY OF SEATTLE - (WA)|CITY OF TACOMA - (WA),0.0,1.2298029582510313,Unknown/Not Researched
King,Redmond,WA,98052.0,2024,FIAT,500E,Battery Electric Vehicle (BEV),Eligibility unknown as battery range has not been researched,0,48.0,PUGET SOUND ENERGY INC||CITY OF TACOMA - (WA),0.0,0.5904667055943594,Unknown/Not Researched
Yakima,Yakima,WA,98901.0,2021,FORD,MUSTANG MACH-E,Battery Electric Vehicle (BEV),Eligibility unknown as battery range has not been researched,0,15.0,PACIFICORP,0.0,-0.36853767339064825,Unknown/Not Researched
King,Seattle,WA,98115.0,2019,TESLA,MODEL 3,Battery Electric Vehicle (BEV),Clean Alternative Fuel Vehicle Eligible,220,46.0,CITY OF SEATTLE - (WA)|CITY OF TACOMA - (WA),0.7508532423208191,-1.00787392604732,Long
Kitsap,Bremerton,WA,98310.0,2016,SMART,FORTWO,Battery Electric Vehicle (BEV),Clean Alternative Fuel Vehicle Eligible,68,23.0,PUGET SOUND ENERGY INC,0.23208191126279865,-1.9668783050323277,Medium
King,Newcastle,WA,98056.0,2022,TESLA,MODEL Y,Battery Electric Vehicle (BEV),Eligibility unknown as battery range has not been researched,0,41.0,PUGET SOUND ENERGY INC||CITY OF TACOMA - (WA),0.0,-0.04886954706231235,Unknown/Not Researched
King,Burien,WA,98168.0,2023,NISSAN,ARIYA HATCHBACK,Battery Electric Vehicle (BEV),Eligibility unknown as battery range has not been researched,0,34.0,CITY OF SEATTLE - (WA)|CITY OF TACOMA - (WA),0.0,0.2707985792660235,Unknown/Not Researched
King,Seattle,WA,98144.0,2022,RIVIAN,R1T,Battery Electric Vehicle (BEV),Eligibility unknown as battery range has not been researched,0,37.0,CITY OF SEATTLE - (WA)|CITY OF TACOMA - (WA),0.0,-0.04886954706231235,Unknown/Not Researched
King,Seattle,WA,98125.0,2025,HYUNDAI,IONIQ 5,Battery Electric Vehicle (BEV),Eligibility unknown as battery range has not been researched,0,46.0,CITY OF SEATTLE - (WA)|CITY OF TACOMA - (WA),0.0,0.9101348319226953,Unknown/Not Researched
Clark,Camas,WA,98607.0,2018,TESLA,MODEL X,Battery Electric Vehicle (BEV),Clean Alternative Fuel Vehicle Eligible,238,18.0,BONNEVILLE POWER ADMINISTRATION||PUD NO 1 OF CLARK COUNTY - (WA),0.8122866894197952,-1.3275420523756558,Long
King,Redmond,WA,98052.0,2021,TESLA,MODEL Y,Battery Electric Vehicle (BEV),Eligibility unknown as battery range has not been researched,0,45.0,PUGET SOUND ENERGY INC||CITY OF TACOMA - (WA),0.0,-0.36853767339064825,Unknown/Not Researched
Kitsap,Bremerton,WA,98310.0,2025,NISSAN,LEAF,Battery Electric Vehicle (BEV),Eligibility unknown as battery range has not been researched,0,23.0,PUGET SOUND ENERGY INC,0.0,0.9101348319226953,Unknown/Not Researched
King,Bellevue,WA,98007.0,2023,TESLA,MODEL 3,Battery Electric Vehicle (BEV),Eligibility unknown as battery range has not been researched,0,48.0,PUGET SOUND ENERGY INC||CITY OF TACOMA - (WA),0.0,0.2707985792660235,Unknown/Not Researched
King,Seattle,WA,98177.0,2022,BMW,X5,Plug-in Hybrid Electric Vehicle (PHEV),Clean Alternative Fuel Vehicle Eligible,30,32.0,CITY OF SEATTLE - (WA)|CITY OF TACOMA - (WA),0.10238907849829351,-0.04886954706231235,Short
Snohomish,Snohomish,WA,98290.0,2022,TESLA,MODEL Y,Battery Electric Vehicle (BEV),Eligibility unknown as battery range has not been researched,0,39.0,PUGET SOUND ENERGY INC,0.0,-0.04886954706231235,Unknown/Not Researched
Snohomish,Lynnwood,WA,98036.0,2023,BMW,X5,Plug-in Hybrid Electric Vehicle (PHEV),Clean Alternative Fuel Vehicle Eligible,30,1.0,PUGET SOUND ENERGY INC,0.10238907849829351,0.2707985792660235,Short
Clark,Vancouver,WA,98686.0,2023,JEEP,WRANGLER,Plug-in Hybrid Electric Vehicle (PHEV),Not eligible due to low battery range,21,49.0,BONNEVILLE POWER ADMINISTRATION||PUD NO 1 OF CLARK COUNTY - (WA),0.07167235494880546,0.2707985792660235,Short
King,Kirkland,WA,98033.0,2013,NISSAN,LEAF,Battery Electric Vehicle (BEV),Clean Alternative Fuel Vehicle Eligible,75,45.0,PUGET SOUND ENERGY INC||CITY OF TACOMA - (WA),0.25597269624573377,-2.9258826840173353,Medium
King,Bellevue,WA,98005.0,2026,TESLA,MODEL Y,Battery Electric Vehicle (BEV),Eligibility unknown as battery range has not been researched,0,48.0,PUGET SOUND ENERGY INC||CITY OF TACOMA - (WA),0.0,1.2298029582510313,Unknown/Not Researched
King,Redmond,WA,98052.0,2021,TESLA,MODEL Y,Battery Electric Vehicle (BEV),Eligibility unknown as battery range has not been researched,0,45.0,PUGET SOUND ENERGY INC||CITY OF TACOMA - (WA),0.0,-0.36853767339064825,Unknown/Not Researched
King,Redmond,WA,98052.0,2025,JEEP,WRANGLER,Plug-in Hybrid Electric Vehicle (PHEV),Not eligible due to low battery range,21,45.0,PUGET SOUND ENERGY INC||CITY OF TACOMA - (WA),0.07167235494880546,0.9101348319226953,Short
King,Seattle,WA,98101.0,2025,FORD,MUSTANG MACH-E,Battery Electric Vehicle (BEV),Eligibility unknown as battery range has not been researched,0,43.0,CITY OF SEATTLE - (WA)|CITY OF TACOMA - (WA),0.0,0.9101348319226953,Unknown/Not Researched
King,Seattle,WA,98112.0,2023,VOLVO,S60,Plug-in Hybrid Electric Vehicle (PHEV),Clean Alternative Fuel Vehicle Eligible,41,43.0,CITY OF SEATTLE - (WA)|CITY OF TACOMA - (WA),0.13993174061433447,0.2707985792660235,Short
Thurston,Olympia,WA,98506.0,2021,TESLA,MODEL Y,Battery Electric Vehicle (BEV),Eligibility unknown as battery range has not been researched,0,22.0,PUGET SOUND ENERGY INC,0.0,-0.36853767339064825,Unknown/Not Researched
King,Shoreline,WA,98155.0,2021,TESLA,MODEL 3,Battery Electric Vehicle (BEV),Eligibility unknown as battery range has not been researched,0,32.0,CITY OF SEATTLE - (WA)|CITY OF TACOMA - (WA),0.0,-0.36853767339064825,Unknown/Not Researched
Kitsap,Poulsbo,WA,98370.0,2023,NISSAN,LEAF,Battery Electric Vehicle (BEV),Eligibility unknown as battery range has not been researched,0,23.0,PUGET SOUND ENERGY INC,0.0,0.2707985792660235,Unknown/Not Researched
King,Seattle,WA,98125.0,2015,BMW,I3,Plug-in Hybrid Electric Vehicle (PHEV),Clean Alternative Fuel Vehicle Eligible,72,46.0,CITY OF SEATTLE - (WA)|CITY OF TACOMA - (WA),0.24573378839590443,-2.2865464313606636,Medium
King,Seattle,WA,98177.0,2015,NISSAN,LEAF,Battery Electric Vehicle (BEV),Clean Alternative Fuel Vehicle Eligible,84,36.0,CITY OF SEATTLE - (WA)|CITY OF TACOMA - (WA),0.28668941979522183,-2.2865464313606636,Medium
King,Seattle,WA,98146.0,2019,VOLKSWAGEN,E-GOLF,Battery Electric Vehicle (BEV),Clean Alternative Fuel Vehicle Eligible,125,34.0,CITY OF SEATTLE - (WA)|CITY OF TACOMA - (WA),0.42662116040955633,-1.00787392604732,Medium
King,Renton,WA,98056.0,2023,SUBARU,SOLTERRA,Battery Electric Vehicle (BEV),Eligibility unknown as battery range has not been researched,0,11.0,PUGET SOUND ENERGY INC||CITY OF TACOMA - (WA),0.0,0.2707985792660235,Unknown/Not Researched
King,Renton,WA,98058.0,2025,TESLA,MODEL 3,Battery Electric Vehicle (BEV),Eligibility unknown as battery range has not been researched,0,11.0,PUGET SOUND ENERGY INC||CITY OF TACOMA - (WA),0.0,0.9101348319226953,Unknown/Not Researched
King,Renton,WA,98057.0,2025,CHEVROLET,SILVERADO,Battery Electric Vehicle (BEV),Eligibility unknown as battery range has not been researched,0,37.0,PUGET SOUND ENERGY INC||CITY OF TACOMA - (WA),0.0,0.9101348319226953,Unknown/Not Researched
King,Kent,WA,98031.0,2022,TESLA,MODEL 3,Battery Electric Vehicle (BEV),Eligibility unknown as battery range has not been researched,0,47.0,PUGET SOUND ENERGY INC||CITY OF TACOMA - (WA),0.0,-0.04886954706231235,Unknown/Not Researched
Clark,Vancouver,WA,98662.0,2026,SUBARU,SOLTERRA,Battery Electric Vehicle (BEV),Eligibility unknown as battery range has not been researched,0,17.0,BONNEVILLE POWER ADMINISTRATION||PUD NO 1 OF CLARK COUNTY - (WA),0.0,1.2298029582510313,Unknown/Not Researched
Kitsap,Bremerton,WA,98310.0,2018,TOYOTA,PRIUS PRIME (PHEV),Plug-in Hybrid Electric Vehicle (PHEV),Not eligible due to low battery range,25,23.0,PUGET SOUND ENERGY INC,0.08532423208191127,-1.3275420523756558,Short
Clark,Vancouver,WA,98664.0,2024,TESLA,MODEL Y,Battery Electric Vehicle (BEV),Eligibility unknown as battery range has not been researched,0,49.0,BONNEVILLE POWER ADMINISTRATION||PUD NO 1 OF CLARK COUNTY - (WA),0.0,0.5904667055943594,Unknown/Not Researched
Snohomish,Bothell,WA,98021.0,2024,TESLA,MODEL Y,Battery Electric Vehicle (BEV),Eligibility unknown as battery range has not been researched,0,1.0,PUGET SOUND ENERGY INC,0.0,0.5904667055943594,Unknown/Not Researched
Clark,Vancouver,WA,98683.0,2025,TESLA,MODEL Y,Battery Electric Vehicle (BEV),Eligibility unknown as battery range has not been researched,0,17.0,BONNEVILLE POWER ADMINISTRATION||PUD NO 1 OF CLARK COUNTY - (WA),0.0,0.9101348319226953,Unknown/Not Researched
King,Seattle,WA,98144.0,2012,TOYOTA,PRIUS,Plug-in Hybrid Electric Vehicle (PHEV),Not eligible due to low battery range,6,37.0,CITY OF SEATTLE - (WA)|CITY OF TACOMA - (WA),0.020477815699658702,-3.245550810345671,Short
Thurston,Olympia,WA,98513.0,2026,HONDA,PROLOGUE,Battery Electric Vehicle (BEV),Eligibility unknown as battery range has not been researched,0,2.0,PUGET SOUND ENERGY INC,0.0,1.2298029582510313,Unknown/Not Researched
King,Seattle,WA,98178.0,2023,MITSUBISHI,OUTLANDER,Plug-in Hybrid Electric Vehicle (PHEV),Clean Alternative Fuel Vehicle Eligible,38,37.0,CITY OF SEATTLE - (WA)|CITY OF TACOMA - (WA),0.1296928327645051,0.2707985792660235,Short
King,Seattle,WA,98178.0,2022,TESLA,MODEL Y,Battery Electric Vehicle (BEV),Eligibility unknown as battery range has not been researched,0,37.0,CITY OF SEATTLE - (WA)|CITY OF TACOMA - (WA),0.0,-0.04886954706231235,Unknown/Not Researched
Clark,Camas,WA,98607.0,2022,TESLA,MODEL Y,Battery Electric Vehicle (BEV),Eligibility unknown as battery range has not been researched,0,18.0,BONNEVILLE POWER ADMINISTRATION||PUD NO 1 OF CLARK COUNTY - (WA),0.0,-0.04886954706231235,Unknown/Not Researched
Clark,Vancouver,WA,98660.0,2022,KIA,NIRO,Plug-in Hybrid Electric Vehicle (PHEV),Not eligible due to low battery range,26,49.0,BONNEVILLE POWER ADMINISTRATION||PUD NO 1 OF CLARK COUNTY - (WA),0.08873720136518772,-0.04886954706231235,Short
Clark,Vancouver,WA,98682.0,2019,TESLA,MODEL 3,Battery Electric Vehicle (BEV),Clean Alternative Fuel Vehicle Eligible,220,17.0,BONNEVILLE POWER ADMINISTRATION||PUD NO 1 OF CLARK COUNTY - (WA),0.7508532423208191,-1.00787392604732,Long
King,Bellevue,WA,98004.0,2023,TESLA,MODEL Y,Battery Electric Vehicle (BEV),Eligibility unknown as battery range has not been researched,0,41.0,PUGET SOUND ENERGY INC||CITY OF TACOMA - (WA),0.0,0.2707985792660235,Unknown/Not Researched
King,Seattle,WA,98109.0,2018,TESLA,MODEL 3,Battery Electric Vehicle (BEV),Clean Alternative Fuel Vehicle Eligible,215,36.0,CITY OF SEATTLE - (WA)|CITY OF TACOMA - (WA),0.7337883959044369,-1.3275420523756558,Long
King,Bellevue,WA,98004.0,2023,BMW,IX,Battery Electric Vehicle (BEV),Eligibility unknown as battery range has not been researched,0,48.0,PUGET SOUND ENERGY INC||CITY OF TACOMA - (WA),0.0,0.2707985792660235,Unknown/Not Researched
King,Shoreline,WA,98155.0,2019,TESLA,MODEL 3,Battery Electric Vehicle (BEV),Clean Alternative Fuel Vehicle Eligible,220,32.0,CITY OF SEATTLE - (WA)|CITY OF TACOMA - (WA),0.7508532423208191,-1.00787392604732,Long
Whitman,Pullman,WA,99163.0,2016,AUDI,A3,Plug-in Hybrid Electric Vehicle (PHEV),Not eligible due to low battery range,16,9.0,AVISTA CORP,0.05460750853242321,-1.9668783050323277,Short
King,Kent,WA,98042.0,2025,KIA,EV6,Battery Electric Vehicle (BEV),Eligibility unknown as battery range has not been researched,0,47.0,PUGET SOUND ENERGY INC||CITY OF TACOMA - (WA),0.0,0.9101348319226953,Unknown/Not Researched
King,Bellevue,WA,98004.0,2021,TESLA,MODEL Y,Battery Electric Vehicle (BEV),Eligibility unknown as battery range has not been researched,0,48.0,PUGET SOUND ENERGY INC||CITY OF TACOMA - (WA),0.0,-0.36853767339064825,Unknown/Not Researched
King,Renton,WA,98058.0,2023,TESLA,MODEL Y,Battery Electric Vehicle (BEV),Eligibility unknown as battery range has not been researched,0,11.0,PUGET SOUND ENERGY INC||CITY OF TACOMA - (WA),0.0,0.2707985792660235,Unknown/Not Researched
King,Redmond,WA,98052.0,2023,TOYOTA,RAV4 PRIME (PHEV),Plug-in Hybrid Electric Vehicle (PHEV),Clean Alternative Fuel Vehicle Eligible,42,45.0,PUGET SOUND ENERGY INC||CITY OF TACOMA - (WA),0.14334470989761092,0.2707985792660235,Short
King,Seattle,WA,98125.0,2022,TESLA,MODEL Y,Battery Electric Vehicle (BEV),Eligibility unknown as battery range has not been researched,0,46.0,CITY OF SEATTLE - (WA)|CITY OF TACOMA - (WA),0.0,-0.04886954706231235,Unknown/Not Researched
Snohomish,Mukilteo,WA,98275.0,2024,TESLA,MODEL Y,Battery Electric Vehicle (BEV),Eligibility unknown as battery range has not been researched,0,21.0,PUGET SOUND ENERGY INC,0.0,0.5904667055943594,Unknown/Not Researched
King,Renton,WA,98059.0,2023,TESLA,MODEL 3,Battery Electric Vehicle (BEV),Eligibility unknown as battery range has not been researched,0,11.0,PUGET SOUND ENERGY INC||CITY OF TACOMA - (WA),0.0,0.2707985792660235,Unknown/Not Researched
King,Renton,WA,98056.0,2018,TESLA,MODEL 3,Battery Electric Vehicle (BEV),Clean Alternative Fuel Vehicle Eligible,215,41.0,PUGET SOUND ENERGY INC||CITY OF TACOMA - (WA),0.7337883959044369,-1.3275420523756558,Long
King,Seattle,WA,98103.0,2017,FIAT,500,Battery Electric Vehicle (BEV),Clean Alternative Fuel Vehicle Eligible,84,43.0,CITY OF SEATTLE - (WA)|CITY OF TACOMA - (WA),0.28668941979522183,-1.647210178703992,Medium
King,Bellevue,WA,98004.0,2024,PORSCHE,CAYENNE,Plug-in Hybrid Electric Vehicle (PHEV),Clean Alternative Fuel Vehicle Eligible,55,41.0,PUGET SOUND ENERGY INC||CITY OF TACOMA - (WA),0.18771331058020477,0.5904667055943594,Medium
King,North Bend,WA,98045.0,2025,FORD,F-150,Battery Electric Vehicle (BEV),Eligibility unknown as battery range has not been researched,0,5.0,PUGET SOUND ENERGY INC||CITY OF TACOMA - (WA),0.0,0.9101348319226953,Unknown/Not Researched
Kitsap,Port Orchard,WA,98366.0,2017,CHEVROLET,VOLT,Plug-in Hybrid Electric Vehicle (PHEV),Clean Alternative Fuel Vehicle Eligible,53,26.0,PUGET SOUND ENERGY INC,0.18088737201365188,-1.647210178703992,Medium
King,Bothell,WA,98011.0,2023,RIVIAN,R1T,Battery Electric Vehicle (BEV),Eligibility unknown as battery range has not been researched,0,1.0,PUGET SOUND ENERGY INC||CITY OF TACOMA - (WA),0.0,0.2707985792660235,Unknown/Not Researched
King,Tukwila,WA,98168.0,2019,TESLA,MODEL X,Battery Electric Vehicle (BEV),Clean Alternative Fuel Vehicle Eligible,289,11.0,CITY OF SEATTLE - (WA)|CITY OF TACOMA - (WA),0.9863481228668942,-1.00787392604732,Long
King,Seattle,WA,98101.0,2025,TESLA,MODEL 3,Battery Electric Vehicle (BEV),Eligibility unknown as battery range has not been researched,0,43.0,CITY OF SEATTLE - (WA)|CITY OF TACOMA - (WA),0.0,0.9101348319226953,Unknown/Not Researched
King,Sammamish,WA,98075.0,2024,TESLA,MODEL 3,Battery Electric Vehicle (BEV),Eligibility unknown as battery range has not been researched,0,41.0,PUGET SOUND ENERGY INC||CITY OF TACOMA - (WA),0.0,0.5904667055943594,Unknown/Not Researched
King,Kirkland,WA,98033.0,2021,TESLA,MODEL X,Battery Electric Vehicle (BEV),Eligibility unknown as battery range has not been researched,0,48.0,PUGET SOUND ENERGY INC||CITY OF TACOMA - (WA),0.0,-0.36853767339064825,Unknown/Not Researched
King,Seattle,WA,98177.0,2024,TESLA,MODEL 3,Battery Electric Vehicle (BEV),Eligibility unknown as battery range has not been researched,0,32.0,CITY OF SEATTLE - (WA)|CITY OF TACOMA - (WA),0.0,0.5904667055943594,Unknown/Not Researched
Jefferson,Port Townsend,WA,98368.0,2023,TESLA,MODEL Y,Battery Electric Vehicle (BEV),Eligibility unknown as battery range has not been researched,0,24.0,BONNEVILLE POWER ADMINISTRATION||PUGET SOUND ENERGY INC||PUD NO 1 OF JEFFERSON COUNTY,0.0,0.2707985792660235,Unknown/Not Researched
Kitsap,Port Orchard,WA,98366.0,2025,CHEVROLET,EQUINOX,Battery Electric Vehicle (BEV),Eligibility unknown as battery range has not been researched,0,26.0,PUGET SOUND ENERGY INC,0.0,0.9101348319226953,Unknown/Not Researched
King,Kent,WA,98031.0,2026,TESLA,MODEL Y,Battery Electric Vehicle (BEV),Eligibility unknown as battery range has not been researched,0,11.0,PUGET SOUND ENERGY INC||CITY OF TACOMA - (WA),0.0,1.2298029582510313,Unknown/Not Researched
King,Issaquah,WA,98029.0,2023,TESLA,MODEL Y,Battery Electric Vehicle (BEV),Eligibility unknown as battery range has not been researched,0,5.0,PUGET SOUND ENERGY INC||CITY OF TACOMA - (WA),0.0,0.2707985792660235,Unknown/Not Researched
King,Lake Forest Park,WA,98155.0,2019,CHEVROLET,BOLT EV,Battery Electric Vehicle (BEV),Clean Alternative Fuel Vehicle Eligible,238,46.0,PUGET SOUND ENERGY INC||CITY OF TACOMA - (WA),0.8122866894197952,-1.00787392604732,Long
Clark,Vancouver,WA,98685.0,2022,KIA,EV6,Battery Electric Vehicle (BEV),Eligibility unknown as battery range has not been researched,0,18.0,BONNEVILLE POWER ADMINISTRATION||PUD NO 1 OF CLARK COUNTY - (WA),0.0,-0.04886954706231235,Unknown/Not Researched
Thurston,Olympia,WA,98512.0,2022,CHRYSLER,PACIFICA,Plug-in Hybrid Electric Vehicle (PHEV),Clean Alternative Fuel Vehicle Eligible,32,35.0,PUGET SOUND ENERGY INC,0.10921501706484642,-0.04886954706231235,Short
King,Woodinville,WA,98072.0,2023,TESLA,MODEL Y,Battery Electric Vehicle (BEV),Eligibility unknown as battery range has not been researched,0,45.0,PUGET SOUND ENERGY INC||CITY OF TACOMA - (WA),0.0,0.2707985792660235,Unknown/Not Researched
King,Redmond,WA,98052.0,2019,TESLA,MODEL S,Battery Electric Vehicle (BEV),Clean Alternative Fuel Vehicle Eligible,270,48.0,PUGET SOUND ENERGY INC||CITY OF TACOMA - (WA),0.9215017064846417,-1.00787392604732,Long
King,Kirkland,WA,98034.0,2021,TESLA,MODEL Y,Battery Electric Vehicle (BEV),Eligibility unknown as battery range has not been researched,0,45.0,PUGET SOUND ENERGY INC||CITY OF TACOMA - (WA),0.0,-0.36853767339064825,Unknown/Not Researched
King,Kirkland,WA,98034.0,2023,CHEVROLET,BOLT EUV,Battery Electric Vehicle (BEV),Eligibility unknown as battery range has not been researched,0,1.0,PUGET SOUND ENERGY INC||CITY OF TACOMA - (WA),0.0,0.2707985792660235,Unknown/Not Researched
King,Bellevue,WA,98004.0,2023,TESLA,MODEL Y,Battery Electric Vehicle (BEV),Eligibility unknown as battery range has not been researched,0,48.0,PUGET SOUND ENERGY INC||CITY OF TACOMA - (WA),0.0,0.2707985792660235,Unknown/Not Researched
King,Bellevue,WA,98007.0,2023,TESLA,MODEL 3,Battery Electric Vehicle (BEV),Eligibility unknown as battery range has not been researched,0,48.0,PUGET SOUND ENERGY INC||CITY OF TACOMA - (WA),0.0,0.2707985792660235,Unknown/Not Researched
King,Kenmore,WA,98028.0,2015,BMW,I3,Plug-in Hybrid Electric Vehicle (PHEV),Clean Alternative Fuel Vehicle Eligible,72,46.0,PUGET SOUND ENERGY INC||CITY OF TACOMA - (WA),0.24573378839590443,-2.2865464313606636,Medium
King,Seattle,WA,98125.0,2025,PORSCHE,TAYCAN,Battery Electric Vehicle (BEV),Eligibility unknown as battery range has not been researched,0,46.0,CITY OF SEATTLE - (WA)|CITY OF TACOMA - (WA),0.0,0.9101348319226953,Unknown/Not Researched
King,Kirkland,WA,98033.0,2023,NISSAN,ARIYA HATCHBACK,Battery Electric Vehicle (BEV),Eligibility unknown as battery range has not been researched,0,48.0,PUGET SOUND ENERGY INC||CITY OF TACOMA - (WA),0.0,0.2707985792660235,Unknown/Not Researched
King,Bellevue,WA,98007.0,2023,TESLA,MODEL Y,Battery Electric Vehicle (BEV),Eligibility unknown as battery range has not been researched,0,48.0,PUGET SOUND ENERGY INC||CITY OF TACOMA - (WA),0.0,0.2707985792660235,Unknown/Not Researched
Clark,Vancouver,WA,98683.0,2018,TESLA,MODEL 3,Battery Electric Vehicle (BEV),Clean Alternative Fuel Vehicle Eligible,215,18.0,BONNEVILLE POWER ADMINISTRATION||PUD NO 1 OF CLARK COUNTY - (WA),0.7337883959044369,-1.3275420523756558,Long
Snohomish,Everett,WA,98208.0,2024,TESLA,MODEL Y,Battery Electric Vehicle (BEV),Eligibility unknown as battery range has not been researched,0,44.0,PUGET SOUND ENERGY INC,0.0,0.5904667055943594,Unknown/Not Researched
King,Redmond,WA,98052.0,2023,TESLA,MODEL X,Battery Electric Vehicle (BEV),Eligibility unknown as battery range has not been researched,0,45.0,PUGET SOUND ENERGY INC||CITY OF TACOMA - (WA),0.0,0.2707985792660235,Unknown/Not Researched
King,Bellevue,WA,98006.0,2025,CHEVROLET,EQUINOX,Battery Electric Vehicle (BEV),Eligibility unknown as battery range has not been researched,0,41.0,PUGET SOUND ENERGY INC||CITY OF TACOMA - (WA),0.0,0.9101348319226953,Unknown/Not Researched
King,Seattle,WA,98178.0,2023,TESLA,MODEL Y,Battery Electric Vehicle (BEV),Eligibility unknown as battery range has not been researched,0,37.0,CITY OF SEATTLE - (WA)|CITY OF TACOMA - (WA),0.0,0.2707985792660235,Unknown/Not Researched
King,Seattle,WA,98125.0,2024,AUDI,Q5 E,Plug-in Hybrid Electric Vehicle (PHEV),Not eligible due to low battery range,23,46.0,CITY OF SEATTLE - (WA)|CITY OF TACOMA - (WA),0.07849829351535836,0.5904667055943594,Short
King,Seattle,WA,98177.0,2023,RIVIAN,R1S,Battery Electric Vehicle (BEV),Eligibility unknown as battery range has not been researched,0,36.0,CITY OF SEATTLE - (WA)|CITY OF TACOMA - (WA),0.0,0.2707985792660235,Unknown/Not Researched
Clark,Vancouver,WA,98684.0,2022,TESLA,MODEL Y,Battery Electric Vehicle (BEV),Eligibility unknown as battery range has not been researched,0,17.0,BONNEVILLE POWER ADMINISTRATION||PUD NO 1 OF CLARK COUNTY - (WA),0.0,-0.04886954706231235,Unknown/Not Researched
Clark,Vancouver,WA,98682.0,2020,CHEVROLET,BOLT EV,Battery Electric Vehicle (BEV),Clean Alternative Fuel Vehicle Eligible,259,17.0,BONNEVILLE POWER ADMINISTRATION||PUD NO 1 OF CLARK COUNTY - (WA),0.8839590443686007,-0.6882057997189841,Long
King,Kenmore,WA,98028.0,2022,JEEP,WRANGLER,Plug-in Hybrid Electric Vehicle (PHEV),Not eligible due to low battery range,22,46.0,PUGET SOUND ENERGY INC||CITY OF TACOMA - (WA),0.07508532423208192,-0.04886954706231235,Short
King,Shoreline,WA,98155.0,2023,TESLA,MODEL Y,Battery Electric Vehicle (BEV),Eligibility unknown as battery range has not been researched,0,32.0,CITY OF SEATTLE - (WA)|CITY OF TACOMA - (WA),0.0,0.2707985792660235,Unknown/Not Researched
Clark,Vancouver,WA,98684.0,2024,SUBARU,SOLTERRA,Battery Electric Vehicle (BEV),Eligibility unknown as battery range has not been researched,0,17.0,BONNEVILLE POWER ADMINISTRATION||PUD NO 1 OF CLARK COUNTY - (WA),0.0,0.5904667055943594,Unknown/Not Researched
King,Bellevue,WA,98004.0,2023,TESLA,MODEL Y,Battery Electric Vehicle (BEV),Eligibility unknown as battery range has not been researched,0,41.0,PUGET SOUND ENERGY INC||CITY OF TACOMA - (WA),0.0,0.2707985792660235,Unknown/Not Researched
King,Issaquah,WA,98029.0,2024,PORSCHE,TAYCAN,Battery Electric Vehicle (BEV),Eligibility unknown as battery range has not been researched,0,5.0,PUGET SOUND ENERGY INC||CITY OF TACOMA - (WA),0.0,0.5904667055943594,Unknown/Not Researched
Island,Camano Island,WA,98282.0,2021,TESLA,MODEL 3,Battery Electric Vehicle (BEV),Eligibility unknown as battery range has not been researched,0,10.0,BONNEVILLE POWER ADMINISTRATION||PUD 1 OF SNOHOMISH COUNTY,0.0,-0.36853767339064825,Unknown/Not Researched
Kitsap,Bainbridge Island,WA,98110.0,2018,BMW,330E,Plug-in Hybrid Electric Vehicle (PHEV),Not eligible due to low battery range,14,23.0,PUGET SOUND ENERGY INC,0.04778156996587031,-1.3275420523756558,Short
Clark,Vancouver,WA,98686.0,2020,TESLA,MODEL Y,Battery Electric Vehicle (BEV),Clean Alternative Fuel Vehicle Eligible,291,49.0,BONNEVILLE POWER ADMINISTRATION||PUD NO 1 OF CLARK COUNTY - (WA),0.9931740614334471,-0.6882057997189841,Long
King,Bellevue,WA,98008.0,2025,TESLA,MODEL 3,Battery Electric Vehicle (BEV),Eligibility unknown as battery range has not been researched,0,48.0,PUGET SOUND ENERGY INC||CITY OF TACOMA - (WA),0.0,0.9101348319226953,Unknown/Not Researched
King,Renton,WA,98055.0,2023,KIA,SPORTAGE,Plug-in Hybrid Electric Vehicle (PHEV),Clean Alternative Fuel Vehicle Eligible,34,11.0,PUGET SOUND ENERGY INC||CITY OF TACOMA - (WA),0.11604095563139932,0.2707985792660235,Short
King,Bellevue,WA,98006.0,2021,TESLA,MODEL 3,Battery Electric Vehicle (BEV),Eligibility unknown as battery range has not been researched,0,41.0,PUGET SOUND ENERGY INC||CITY OF TACOMA - (WA),0.0,-0.36853767339064825,Unknown/Not Researched
King,Seattle,WA,98103.0,2012,CHEVROLET,VOLT,Plug-in Hybrid Electric Vehicle (PHEV),Clean Alternative Fuel Vehicle Eligible,35,43.0,CITY OF SEATTLE - (WA)|CITY OF TACOMA - (WA),0.11945392491467577,-3.245550810345671,Short
Kittitas,Easton,WA,98925.0,2015,FORD,FUSION,Plug-in Hybrid Electric Vehicle (PHEV),Not eligible due to low battery range,19,13.0,PUGET SOUND ENERGY INC,0.06484641638225255,-2.2865464313606636,Short
Kitsap,Bainbridge Island,WA,98110.0,2021,TESLA,MODEL Y,Battery Electric Vehicle (BEV),Eligibility unknown as battery range has not been researched,0,23.0,PUGET SOUND ENERGY INC,0.0,-0.36853767339064825,Unknown/Not Researched
King,Bellevue,WA,98005.0,2021,TESLA,MODEL Y,Battery Electric Vehicle (BEV),Eligibility unknown as battery range has not been researched,0,41.0,PUGET SOUND ENERGY INC||CITY OF TACOMA - (WA),0.0,-0.36853767339064825,Unknown/Not Researched
King,Renton,WA,98055.0,2013,NISSAN,LEAF,Battery Electric Vehicle (BEV),Clean Alternative Fuel Vehicle Eligible,75,11.0,PUGET SOUND ENERGY INC||CITY OF TACOMA - (WA),0.25597269624573377,-2.9258826840173353,Medium
King,Seattle,WA,98144.0,2024,TESLA,MODEL Y,Battery Electric Vehicle (BEV),Eligibility unknown as battery range has not been researched,0,37.0,CITY OF SEATTLE - (WA)|CITY OF TACOMA - (WA),0.0,0.5904667055943594,Unknown/Not Researched
King,Kirkland,WA,98034.0,2019,TESLA,MODEL 3,Battery Electric Vehicle (BEV),Clean Alternative Fuel Vehicle Eligible,220,45.0,PUGET SOUND ENERGY INC||CITY OF TACOMA - (WA),0.7508532423208191,-1.00787392604732,Long
King,Seattle,WA,98122.0,2023,TESLA,MODEL 3,Battery Electric Vehicle (BEV),Eligibility unknown as battery range has not been researched,0,37.0,CITY OF SEATTLE - (WA)|CITY OF TACOMA - (WA),0.0,0.2707985792660235,Unknown/Not Researched
King,Seattle,WA,98125.0,2025,NISSAN,ARIYA MPV,Battery Electric Vehicle (BEV),Eligibility unknown as battery range has not been researched,0,46.0,CITY OF SEATTLE - (WA)|CITY OF TACOMA - (WA),0.0,0.9101348319226953,Unknown/Not Researched
Jefferson,Port Townsend,WA,98368.0,2025,NISSAN,ARIYA MPV,Battery Electric Vehicle (BEV),Eligibility unknown as battery range has not been researched,0,24.0,BONNEVILLE POWER ADMINISTRATION||PUGET SOUND ENERGY INC||PUD NO 1 OF JEFFERSON COUNTY,0.0,0.9101348319226953,Unknown/Not Researched
King,Seattle,WA,98103.0,2022,TESLA,MODEL 3,Battery Electric Vehicle (BEV),Eligibility unknown as battery range has not been researched,0,36.0,CITY OF SEATTLE - (WA)|CITY OF TACOMA - (WA),0.0,-0.04886954706231235,Unknown/Not Researched
Snohomish,Lynnwood,WA,98037.0,2023,TESLA,MODEL Y,Battery Electric Vehicle (BEV),Eligibility unknown as battery range has not been researched,0,32.0,PUGET SOUND ENERGY INC,0.0,0.2707985792660235,Unknown/Not Researched
King,Redmond,WA,98052.0,2024,TESLA,MODEL S,Battery Electric Vehicle (BEV),Eligibility unknown as battery range has not been researched,0,45.0,PUGET SOUND ENERGY INC||CITY OF TACOMA - (WA),0.0,0.5904667055943594,Unknown/Not Researched
Clark,Vancouver,WA,98682.0,2026,TESLA,MODEL Y,Battery Electric Vehicle (BEV),Eligibility unknown as battery range has not been researched,0,17.0,BONNEVILLE POWER ADMINISTRATION||PUD NO 1 OF CLARK COUNTY - (WA),0.0,1.2298029582510313,Unknown/Not Researched
King,Bellevue,WA,98004.0,2024,TESLA,MODEL 3,Battery Electric Vehicle (BEV),Eligibility unknown as battery range has not been researched,0,48.0,PUGET SOUND ENERGY INC||CITY OF TACOMA - (WA),0.0,0.5904667055943594,Unknown/Not Researched
King,Kirkland,WA,98034.0,2026,TOYOTA,BZ,Battery Electric Vehicle (BEV),Eligibility unknown as battery range has not been researched,0,45.0,PUGET SOUND ENERGY INC||CITY OF TACOMA - (WA),0.0,1.2298029582510313,Unknown/Not Researched
King,Bothell,WA,98011.0,2021,VOLKSWAGEN,ID.4,Battery Electric Vehicle (BEV),Eligibility unknown as battery range has not been researched,0,1.0,PUGET SOUND ENERGY INC||CITY OF TACOMA - (WA),0.0,-0.36853767339064825,Unknown/Not Researched
Clark,Vancouver,WA,98664.0,2025,KIA,EV6,Battery Electric Vehicle (BEV),Eligibility unknown as battery range has not been researched,0,49.0,BONNEVILLE POWER ADMINISTRATION||PUD NO 1 OF CLARK COUNTY - (WA),0.0,0.9101348319226953,Unknown/Not Researched
King,Bellevue,WA,98004.0,2020,TESLA,MODEL X,Battery Electric Vehicle (BEV),Clean Alternative Fuel Vehicle Eligible,293,48.0,PUGET SOUND ENERGY INC||CITY OF TACOMA - (WA),1.0,-0.6882057997189841,Long
King,Seattle,WA,98116.0,2026,TESLA,MODEL Y,Battery Electric Vehicle (BEV),Eligibility unknown as battery range has not been researched,0,34.0,CITY OF SEATTLE - (WA)|CITY OF TACOMA - (WA),0.0,1.2298029582510313,Unknown/Not Researched
King,Seattle,WA,98112.0,2021,BMW,X3,Plug-in Hybrid Electric Vehicle (PHEV),Not eligible due to low battery range,17,43.0,CITY OF SEATTLE - (WA)|CITY OF TACOMA - (WA),0.05802047781569966,-0.36853767339064825,Short
Clark,Vancouver,WA,98685.0,2022,KIA,EV6,Battery Electric Vehicle (BEV),Eligibility unknown as battery range has not been researched,0,49.0,BONNEVILLE POWER ADMINISTRATION||PUD NO 1 OF CLARK COUNTY - (WA),0.0,-0.04886954706231235,Unknown/Not Researched
King,Seattle,WA,98122.0,2012,TOYOTA,PRIUS,Plug-in Hybrid Electric Vehicle (PHEV),Not eligible due to low battery range,6,37.0,CITY OF SEATTLE - (WA)|CITY OF TACOMA - (WA),0.020477815699658702,-3.245550810345671,Short
King,Redmond,WA,98052.0,2026,TESLA,MODEL Y,Battery Electric Vehicle (BEV),Eligibility unknown as battery range has not been researched,0,45.0,PUGET SOUND ENERGY INC||CITY OF TACOMA - (WA),0.0,1.2298029582510313,Unknown/Not Researched
King,Seattle,WA,98125.0,2023,TOYOTA,RAV4 PRIME (PHEV),Plug-in Hybrid Electric Vehicle (PHEV),Clean Alternative Fuel Vehicle Eligible,42,46.0,CITY OF SEATTLE - (WA)|CITY OF TACOMA - (WA),0.14334470989761092,0.2707985792660235,Short
King,Federal Way,WA,98023.0,2024,MAZDA,CX-90,Plug-in Hybrid Electric Vehicle (PHEV),Not eligible due to low battery range,26,30.0,PUGET SOUND ENERGY INC||CITY OF TACOMA - (WA),0.08873720136518772,0.5904667055943594,Short
King,Kirkland,WA,98034.0,2025,NISSAN,ARIYA MPV,Battery Electric Vehicle (BEV),Eligibility unknown as battery range has not been researched,0,45.0,PUGET SOUND ENERGY INC||CITY OF TACOMA - (WA),0.0,0.9101348319226953,Unknown/Not Researched
Clark,Vancouver,WA,98664.0,2022,KIA,EV6,Battery Electric Vehicle (BEV),Eligibility unknown as battery range has not been researched,0,49.0,BONNEVILLE POWER ADMINISTRATION||PUD NO 1 OF CLARK COUNTY - (WA),0.0,-0.04886954706231235,Unknown/Not Researched
King,Kent,WA,98042.0,2017,TESLA,MODEL X,Battery Electric Vehicle (BEV),Clean Alternative Fuel Vehicle Eligible,200,47.0,PUGET SOUND ENERGY INC||CITY OF TACOMA - (WA),0.6825938566552902,-1.647210178703992,Long
King,Normandy Park,WA,98166.0,2015,NISSAN,LEAF,Battery Electric Vehicle (BEV),Clean Alternative Fuel Vehicle Eligible,84,33.0,PUGET SOUND ENERGY INC||CITY OF TACOMA - (WA),0.28668941979522183,-2.2865464313606636,Medium
King,Issaquah,WA,98027.0,2025,LEXUS,RZ,Battery Electric Vehicle (BEV),Eligibility unknown as battery range has not been researched,0,5.0,PUGET SOUND ENERGY INC||CITY OF TACOMA - (WA),0.0,0.9101348319226953,Unknown/Not Researched
King,Seattle,WA,98177.0,2013,NISSAN,LEAF,Battery Electric Vehicle (BEV),Clean Alternative Fuel Vehicle Eligible,75,36.0,CITY OF SEATTLE - (WA)|CITY OF TACOMA - (WA),0.25597269624573377,-2.9258826840173353,Medium
King,Kirkland,WA,98034.0,2022,JEEP,GRAND CHEROKEE,Plug-in Hybrid Electric Vehicle (PHEV),Not eligible due to low battery range,25,45.0,PUGET SOUND ENERGY INC||CITY OF TACOMA - (WA),0.08532423208191127,-0.04886954706231235,Short
King,Seattle,WA,98115.0,2021,TESLA,MODEL Y,Battery Electric Vehicle (BEV),Eligibility unknown as battery range has not been researched,0,46.0,CITY OF SEATTLE - (WA)|CITY OF TACOMA - (WA),0.0,-0.36853767339064825,Unknown/Not Researched
King,Seattle,WA,98112.0,2022,AUDI,E-TRON,Battery Electric Vehicle (BEV),Eligibility unknown as battery range has not been researched,0,43.0,CITY OF SEATTLE - (WA)|CITY OF TACOMA - (WA),0.0,-0.04886954706231235,Unknown/Not Researched
King,Shoreline,WA,98133.0,2024,TESLA,MODEL 3,Battery Electric Vehicle (BEV),Eligibility unknown as battery range has not been researched,0,32.0,CITY OF SEATTLE - (WA)|CITY OF TACOMA - (WA),0.0,0.5904667055943594,Unknown/Not Researched
King,Seattle,WA,98146.0,2020,TESLA,MODEL Y,Battery Electric Vehicle (BEV),Clean Alternative Fuel Vehicle Eligible,291,34.0,CITY OF SEATTLE - (WA)|CITY OF TACOMA - (WA),0.9931740614334471,-0.6882057997189841,Long
Snohomish,Bothell,WA,98012.0,2022,TESLA,MODEL Y,Battery Electric Vehicle (BEV),Eligibility unknown as battery range has not been researched,0,1.0,PUGET SOUND ENERGY INC,0.0,-0.04886954706231235,Unknown/Not Researched
Snohomish,Everett,WA,98204.0,2014,TOYOTA,RAV4,Battery Electric Vehicle (BEV),Clean Alternative Fuel Vehicle Eligible,103,21.0,PUGET SOUND ENERGY INC,0.3515358361774744,-2.6062145576889995,Medium
King,Seattle,WA,98178.0,2026,TESLA,MODEL Y,Battery Electric Vehicle (BEV),Eligibility unknown as battery range has not been researched,0,37.0,CITY OF SEATTLE - (WA)|CITY OF TACOMA - (WA),0.0,1.2298029582510313,Unknown/Not Researched
Island,Oak Harbor,WA,98277.0,2023,CHRYSLER,PACIFICA,Plug-in Hybrid Electric Vehicle (PHEV),Clean Alternative Fuel Vehicle Eligible,32,10.0,PUGET SOUND ENERGY INC,0.10921501706484642,0.2707985792660235,Short
Kitsap,Bainbridge Island,WA,98110.0,2020,TESLA,MODEL 3,Battery Electric Vehicle (BEV),Clean Alternative Fuel Vehicle Eligible,266,23.0,PUGET SOUND ENERGY INC,0.9078498293515358,-0.6882057997189841,Long
King,Bellevue,WA,98005.0,2025,CADILLAC,LYRIQ,Battery Electric Vehicle (BEV),Eligibility unknown as battery range has not been researched,0,48.0,PUGET SOUND ENERGY INC||CITY OF TACOMA - (WA),0.0,0.9101348319226953,Unknown/Not Researched
King,Seattle,WA,98178.0,2025,MITSUBISHI,OUTLANDER,Plug-in Hybrid Electric Vehicle (PHEV),Clean Alternative Fuel Vehicle Eligible,38,37.0,CITY OF SEATTLE - (WA)|CITY OF TACOMA - (WA),0.1296928327645051,0.9101348319226953,Short
King,Redmond,WA,98052.0,2025,BMW,I5,Battery Electric Vehicle (BEV),Eligibility unknown as battery range has not been researched,0,45.0,PUGET SOUND ENERGY INC||CITY OF TACOMA - (WA),0.0,0.9101348319226953,Unknown/Not Researched
Clark,Vancouver,WA,98685.0,2018,TESLA,MODEL S,Battery Electric Vehicle (BEV),Clean Alternative Fuel Vehicle Eligible,249,18.0,BONNEVILLE POWER ADMINISTRATION||PUD NO 1 OF CLARK COUNTY - (WA),0.8498293515358362,-1.3275420523756558,Long
Kitsap,Bainbridge Island,WA,98110.0,2021,MINI,HARDTOP,Battery Electric Vehicle (BEV),Clean Alternative Fuel Vehicle Eligible,110,23.0,PUGET SOUND ENERGY INC,0.37542662116040953,-0.36853767339064825,Medium
Clark,Vancouver,WA,98682.0,2025,JEEP,WRANGLER,Plug-in Hybrid Electric Vehicle (PHEV),Not eligible due to low battery range,21,17.0,BONNEVILLE POWER ADMINISTRATION||PUD NO 1 OF CLARK COUNTY - (WA),0.07167235494880546,0.9101348319226953,Short
Kitsap,Bremerton,WA,98310.0,2023,VOLKSWAGEN,ID.4,Battery Electric Vehicle (BEV),Eligibility unknown as battery range has not been researched,0,23.0,PUGET SOUND ENERGY INC,0.0,0.2707985792660235,Unknown/Not Researched
Clark,Vancouver,WA,98664.0,2025,CHRYSLER,PACIFICA,Plug-in Hybrid Electric Vehicle (PHEV),Clean Alternative Fuel Vehicle Eligible,32,49.0,BONNEVILLE POWER ADMINISTRATION||PUD NO 1 OF CLARK COUNTY - (WA),0.10921501706484642,0.9101348319226953,Short
King,Redmond,WA,98052.0,2022,TESLA,MODEL Y,Battery Electric Vehicle (BEV),Eligibility unknown as battery range has not been researched,0,45.0,PUGET SOUND ENERGY INC||CITY OF TACOMA - (WA),0.0,-0.04886954706231235,Unknown/Not Researched
Snohomish,Everett,WA,98208.0,2023,TESLA,MODEL Y,Battery Electric Vehicle (BEV),Eligibility unknown as battery range has not been researched,0,21.0,PUGET SOUND ENERGY INC,0.0,0.2707985792660235,Unknown/Not Researched
Clark,La Center,WA,98629.0,2025,CHEVROLET,EQUINOX,Battery Electric Vehicle (BEV),Eligibility unknown as battery range has not been researched,0,20.0,BONNEVILLE POWER ADMINISTRATION||PUD NO 1 OF CLARK COUNTY - (WA),0.0,0.9101348319226953,Unknown/Not Researched
King,Seattle,WA,98112.0,2025,VOLVO,XC90,Plug-in Hybrid Electric Vehicle (PHEV),Clean Alternative Fuel Vehicle Eligible,32,43.0,CITY OF SEATTLE - (WA)|CITY OF TACOMA - (WA),0.10921501706484642,0.9101348319226953,Short
King,Seattle,WA,98125.0,2025,BMW,X5,Plug-in Hybrid Electric Vehicle (PHEV),Clean Alternative Fuel Vehicle Eligible,40,46.0,CITY OF SEATTLE - (WA)|CITY OF TACOMA - (WA),0.13651877133105803,0.9101348319226953,Short
King,Redmond,WA,98052.0,2023,TESLA,MODEL Y,Battery Electric Vehicle (BEV),Eligibility unknown as battery range has not been researched,0,48.0,PUGET SOUND ENERGY INC||CITY OF TACOMA - (WA),0.0,0.2707985792660235,Unknown/Not Researched
King,Seattle,WA,98109.0,2023,TESLA,MODEL 3,Battery Electric Vehicle (BEV),Eligibility unknown as battery range has not been researched,0,36.0,CITY OF SEATTLE - (WA)|CITY OF TACOMA - (WA),0.0,0.2707985792660235,Unknown/Not Researched
King,Bellevue,WA,98004.0,2023,MERCEDES-BENZ,EQS-CLASS SUV,Battery Electric Vehicle (BEV),Eligibility unknown as battery range has not been researched,0,41.0,PUGET SOUND ENERGY INC||CITY OF TACOMA - (WA),0.0,0.2707985792660235,Unknown/Not Researched
Kitsap,Poulsbo,WA,98370.0,2024,AUDI,Q4,Battery Electric Vehicle (BEV),Eligibility unknown as battery range has not been researched,0,23.0,PUGET SOUND ENERGY INC,0.0,0.5904667055943594,Unknown/Not Researched
Kitsap,Port Orchard,WA,98366.0,2024,TOYOTA,RAV4 PRIME (PHEV),Plug-in Hybrid Electric Vehicle (PHEV),Clean Alternative Fuel Vehicle Eligible,42,26.0,PUGET SOUND ENERGY INC,0.14334470989761092,0.5904667055943594,Short
King,Redmond,WA,98052.0,2024,TOYOTA,RAV4 PRIME (PHEV),Plug-in Hybrid Electric Vehicle (PHEV),Clean Alternative Fuel Vehicle Eligible,42,45.0,PUGET SOUND ENERGY INC||CITY OF TACOMA - (WA),0.14334470989761092,0.5904667055943594,Short
King,Seattle,WA,98122.0,2024,POLESTAR,PS2,Battery Electric Vehicle (BEV),Eligibility unknown as battery range has not been researched,0,37.0,CITY OF SEATTLE - (WA)|CITY OF TACOMA - (WA),0.0,0.5904667055943594,Unknown/Not Researched
Clark,Vancouver,WA,98685.0,2023,KIA,SPORTAGE,Plug-in Hybrid Electric Vehicle (PHEV),Clean Alternative Fuel Vehicle Eligible,34,18.0,BONNEVILLE POWER ADMINISTRATION||PUD NO 1 OF CLARK COUNTY - (WA),0.11604095563139932,0.2707985792660235,Short
Cowlitz,Silverlake,WA,98645.0,2023,KIA,SORENTO,Plug-in Hybrid Electric Vehicle (PHEV),Clean Alternative Fuel Vehicle Eligible,32,20.0,BONNEVILLE POWER ADMINISTRATION||PUD NO 1 OF COWLITZ COUNTY,0.10921501706484642,0.2707985792660235,Short
King,Kirkland,WA,98033.0,2018,NISSAN,LEAF,Battery Electric Vehicle (BEV),Clean Alternative Fuel Vehicle Eligible,151,48.0,PUGET SOUND ENERGY INC||CITY OF TACOMA - (WA),0.515358361774744,-1.3275420523756558,Long
King,Kirkland,WA,98033.0,2025,BMW,I4,Battery Electric Vehicle (BEV),Eligibility unknown as battery range has not been researched,0,48.0,PUGET SOUND ENERGY INC||CITY OF TACOMA - (WA),0.0,0.9101348319226953,Unknown/Not Researched
King,Shoreline,WA,98177.0,2017,CHEVROLET,VOLT,Plug-in Hybrid Electric Vehicle (PHEV),Clean Alternative Fuel Vehicle Eligible,53,32.0,CITY OF SEATTLE - (WA)|CITY OF TACOMA - (WA),0.18088737201365188,-1.647210178703992,Medium
Snohomish,Everett,WA,98204.0,2022,NISSAN,LEAF,Battery Electric Vehicle (BEV),Eligibility unknown as battery range has not been researched,0,21.0,PUGET SOUND ENERGY INC,0.0,-0.04886954706231235,Unknown/Not Researched
Kitsap,Bainbridge Island,WA,98110.0,2021,TESLA,MODEL Y,Battery Electric Vehicle (BEV),Eligibility unknown as battery range has not been researched,0,23.0,PUGET SOUND ENERGY INC,0.0,-0.36853767339064825,Unknown/Not Researched
King,Kirkland,WA,98034.0,2016,NISSAN,LEAF,Battery Electric Vehicle (BEV),Clean Alternative Fuel Vehicle Eligible,84,45.0,PUGET SOUND ENERGY INC||CITY OF TACOMA - (WA),0.28668941979522183,-1.9668783050323277,Medium
King,Seattle,WA,98178.0,2023,HYUNDAI,IONIQ 5,Battery Electric Vehicle (BEV),Eligibility unknown as battery range has not been researched,0,37.0,PUGET SOUND ENERGY INC||CITY OF TACOMA - (WA),0.0,0.2707985792660235,Unknown/Not Researched
King,Renton,WA,98056.0,2017,CHEVROLET,VOLT,Plug-in Hybrid Electric Vehicle (PHEV),Clean Alternative Fuel Vehicle Eligible,53,11.0,PUGET SOUND ENERGY INC||CITY OF TACOMA - (WA),0.18088737201365188,-1.647210178703992,Medium
Thurston,Tumwater,WA,98501.0,2013,FORD,FOCUS,Battery Electric Vehicle (BEV),Clean Alternative Fuel Vehicle Eligible,76,35.0,PUGET SOUND ENERGY INC,0.2593856655290102,-2.9258826840173353,Medium
Kitsap,Poulsbo,WA,98370.0,2021,POLESTAR,PS2,Battery Electric Vehicle (BEV),Clean Alternative Fuel Vehicle Eligible,233,23.0,PUGET SOUND ENERGY INC,0.7952218430034129,-0.36853767339064825,Long
Snohomish,Mukilteo,WA,98275.0,2023,TESLA,MODEL Y,Battery Electric Vehicle (BEV),Eligibility unknown as battery range has not been researched,0,21.0,PUGET SOUND ENERGY INC,0.0,0.2707985792660235,Unknown/Not Researched
King,Seattle,WA,98125.0,2021,TESLA,MODEL 3,Battery Electric Vehicle (BEV),Eligibility unknown as battery range has not been researched,0,46.0,CITY OF SEATTLE - (WA)|CITY OF TACOMA - (WA),0.0,-0.36853767339064825,Unknown/Not Researched
Clark,Vancouver,WA,98682.0,2012,TOYOTA,PRIUS,Plug-in Hybrid Electric Vehicle (PHEV),Not eligible due to low battery range,6,17.0,BONNEVILLE POWER ADMINISTRATION||PUD NO 1 OF CLARK COUNTY - (WA),0.020477815699658702,-3.245550810345671,Short
King,Renton,WA,98056.0,2026,LEXUS,RZ,Battery Electric Vehicle (BEV),Eligibility unknown as battery range has not been researched,0,41.0,PUGET SOUND ENERGY INC||CITY OF TACOMA - (WA),0.0,1.2298029582510313,Unknown/Not Researched
Cowlitz,Kalama,WA,98625.0,2024,DODGE,HORNET,Plug-in Hybrid Electric Vehicle (PHEV),Clean Alternative Fuel Vehicle Eligible,32,20.0,BONNEVILLE POWER ADMINISTRATION||PUD NO 1 OF COWLITZ COUNTY,0.10921501706484642,0.5904667055943594,Short
King,Seattle,WA,98125.0,2024,MAZDA,CX-90,Plug-in Hybrid Electric Vehicle (PHEV),Not eligible due to low battery range,26,46.0,CITY OF SEATTLE - (WA)|CITY OF TACOMA - (WA),0.08873720136518772,0.5904667055943594,Short
King,Bellevue,WA,98006.0,2018,TESLA,MODEL 3,Battery Electric Vehicle (BEV),Clean Alternative Fuel Vehicle Eligible,215,41.0,PUGET SOUND ENERGY INC||CITY OF TACOMA - (WA),0.7337883959044369,-1.3275420523756558,Long
King,Seattle,WA,98125.0,2023,TESLA,MODEL 3,Battery Electric Vehicle (BEV),Eligibility unknown as battery range has not been researched,0,46.0,CITY OF SEATTLE - (WA)|CITY OF TACOMA - (WA),0.0,0.2707985792660235,Unknown/Not Researched
Clark,Vancouver,WA,98685.0,2018,TESLA,MODEL 3,Battery Electric Vehicle (BEV),Clean Alternative Fuel Vehicle Eligible,215,18.0,BONNEVILLE POWER ADMINISTRATION||PUD NO 1 OF CLARK COUNTY - (WA),0.7337883959044369,-1.3275420523756558,Long
Clark,Vancouver,WA,98685.0,2025,FORD,MUSTANG MACH-E,Battery Electric Vehicle (BEV),Eligibility unknown as battery range has not been researched,0,18.0,BONNEVILLE POWER ADMINISTRATION||PUD NO 1 OF CLARK COUNTY - (WA),0.0,0.9101348319226953,Unknown/Not Researched
King,Renton,WA,98058.0,2026,TOYOTA,RAV4 PRIME (PHEV),Plug-in Hybrid Electric Vehicle (PHEV),Clean Alternative Fuel Vehicle Eligible,52,11.0,PUGET SOUND ENERGY INC||CITY OF TACOMA - (WA),0.17747440273037543,1.2298029582510313,Medium
King,Kirkland,WA,98034.0,2022,BMW,I4,Battery Electric Vehicle (BEV),Eligibility unknown as battery range has not been researched,0,45.0,PUGET SOUND ENERGY INC||CITY OF TACOMA - (WA),0.0,-0.04886954706231235,Unknown/Not Researched
Clark,Vancouver,WA,98662.0,2021,FORD,MUSTANG MACH-E,Battery Electric Vehicle (BEV),Eligibility unknown as battery range has not been researched,0,17.0,BONNEVILLE POWER ADMINISTRATION||PUD NO 1 OF CLARK COUNTY - (WA),0.0,-0.36853767339064825,Unknown/Not Researched
King,Kent,WA,98032.0,2024,HYUNDAI,IONIQ 5,Battery Electric Vehicle (BEV),Eligibility unknown as battery range has not been researched,0,33.0,PUGET SOUND ENERGY INC||CITY OF TACOMA - (WA),0.0,0.5904667055943594,Unknown/Not Researched
King,Bothell,WA,98011.0,2025,RIVIAN,R1S,Battery Electric Vehicle (BEV),Eligibility unknown as battery range has not been researched,0,1.0,PUGET SOUND ENERGY INC||CITY OF TACOMA - (WA),0.0,0.9101348319226953,Unknown/Not Researched
King,Shoreline,WA,98133.0,2022,KIA,NIRO,Battery Electric Vehicle (BEV),Eligibility unknown as battery range has not been researched,0,32.0,CITY OF SEATTLE - (WA)|CITY OF TACOMA - (WA),0.0,-0.04886954706231235,Unknown/Not Researched
King,Renton,WA,98056.0,2024,TOYOTA,PRIUS PRIME (PHEV),Plug-in Hybrid Electric Vehicle (PHEV),Clean Alternative Fuel Vehicle Eligible,39,37.0,PUGET SOUND ENERGY INC||CITY OF TACOMA - (WA),0.13310580204778158,0.5904667055943594,Short
Jefferson,Port Townsend,WA,98368.0,2023,KIA,NIRO,Plug-in Hybrid Electric Vehicle (PHEV),Clean Alternative Fuel Vehicle Eligible,33,24.0,BONNEVILLE POWER ADMINISTRATION||PUGET SOUND ENERGY INC||PUD NO 1 OF JEFFERSON COUNTY,0.11262798634812286,0.2707985792660235,Short
King,Kirkland,WA,98034.0,2015,FIAT,500,Battery Electric Vehicle (BEV),Clean Alternative Fuel Vehicle Eligible,87,45.0,PUGET SOUND ENERGY INC||CITY OF TACOMA - (WA),0.29692832764505117,-2.2865464313606636,Medium
King,Kirkland,WA,98034.0,2022,TESLA,MODEL Y,Battery Electric Vehicle (BEV),Eligibility unknown as battery range has not been researched,0,45.0,PUGET SOUND ENERGY INC||CITY OF TACOMA - (WA),0.0,-0.04886954706231235,Unknown/Not Researched
King,Bothell,WA,98011.0,2023,HYUNDAI,IONIQ 5,Battery Electric Vehicle (BEV),Eligibility unknown as battery range has not been researched,0,1.0,PUGET SOUND ENERGY INC||CITY OF TACOMA - (WA),0.0,0.2707985792660235,Unknown/Not Researched
Kitsap,Bremerton,WA,98312.0,2016,CHEVROLET,VOLT,Plug-in Hybrid Electric Vehicle (PHEV),Clean Alternative Fuel Vehicle Eligible,53,35.0,PUGET SOUND ENERGY INC,0.18088737201365188,-1.9668783050323277,Medium
King,Seattle,WA,98144.0,2021,TESLA,MODEL 3,Battery Electric Vehicle (BEV),Eligibility unknown as battery range has not been researched,0,37.0,CITY OF SEATTLE - (WA)|CITY OF TACOMA - (WA),0.0,-0.36853767339064825,Unknown/Not Researched
King,Kirkland,WA,98034.0,2023,CHEVROLET,BOLT EV,Battery Electric Vehicle (BEV),Eligibility unknown as battery range has not been researched,0,45.0,PUGET SOUND ENERGY INC||CITY OF TACOMA - (WA),0.0,0.2707985792660235,Unknown/Not Researched
King,Seattle,WA,98125.0,2018,CHRYSLER,PACIFICA,Plug-in Hybrid Electric Vehicle (PHEV),Clean Alternative Fuel Vehicle Eligible,33,46.0,CITY OF SEATTLE - (WA)|CITY OF TACOMA - (WA),0.11262798634812286,-1.3275420523756558,Short
King,Kirkland,WA,98033.0,2024,AUDI,Q8,Battery Electric Vehicle (BEV),Eligibility unknown as battery range has not been researched,0,45.0,PUGET SOUND ENERGY INC||CITY OF TACOMA - (WA),0.0,0.5904667055943594,Unknown/Not Researched
King,Shoreline,WA,98177.0,2021,VOLVO,XC40,Battery Electric Vehicle (BEV),Eligibility unknown as battery range has not been researched,0,32.0,CITY OF SEATTLE - (WA)|CITY OF TACOMA - (WA),0.0,-0.36853767339064825,Unknown/Not Researched
King,Bellevue,WA,98004.0,2022,TESLA,MODEL 3,Battery Electric Vehicle (BEV),Eligibility unknown as battery range has not been researched,0,41.0,PUGET SOUND ENERGY INC||CITY OF TACOMA - (WA),0.0,-0.04886954706231235,Unknown/Not Researched
King,Federal Way,WA,98023.0,2022,TESLA,MODEL S,Battery Electric Vehicle (BEV),Eligibility unknown as battery range has not been researched,0,30.0,PUGET SOUND ENERGY INC||CITY OF TACOMA - (WA),0.0,-0.04886954706231235,Unknown/Not Researched
King,Clyde Hill,WA,98004.0,2022,RIVIAN,R1T,Battery Electric Vehicle (BEV),Eligibility unknown as battery range has not been researched,0,48.0,PUGET SOUND ENERGY INC||CITY OF TACOMA - (WA),0.0,-0.04886954706231235,Unknown/Not Researched
King,Issaquah,WA,98029.0,2018,TESLA,MODEL 3,Battery Electric Vehicle (BEV),Clean Alternative Fuel Vehicle Eligible,215,5.0,PUGET SOUND ENERGY INC||CITY OF TACOMA - (WA),0.7337883959044369,-1.3275420523756558,Long
King,Kirkland,WA,98034.0,2023,TESLA,MODEL X,Battery Electric Vehicle (BEV),Eligibility unknown as battery range has not been researched,0,45.0,PUGET SOUND ENERGY INC||CITY OF TACOMA - (WA),0.0,0.2707985792660235,Unknown/Not Researched
King,Bellevue,WA,98007.0,2026,TESLA,MODEL Y,Battery Electric Vehicle (BEV),Eligibility unknown as battery range has not been researched,0,48.0,PUGET SOUND ENERGY INC||CITY OF TACOMA - (WA),0.0,1.2298029582510313,Unknown/Not Researched
King,Kirkland,WA,98033.0,2022,VOLVO,XC40,Battery Electric Vehicle (BEV),Eligibility unknown as battery range has not been researched,0,45.0,PUGET SOUND ENERGY INC||CITY OF TACOMA - (WA),0.0,-0.04886954706231235,Unknown/Not Researched
Clark,Vancouver,WA,98684.0,2025,KIA,EV6,Battery Electric Vehicle (BEV),Eligibility unknown as battery range has not been researched,0,17.0,BONNEVILLE POWER ADMINISTRATION||PUD NO 1 OF CLARK COUNTY - (WA),0.0,0.9101348319226953,Unknown/Not Researched
King,Redmond,WA,98052.0,2023,TESLA,MODEL Y,Battery Electric Vehicle (BEV),Eligibility unknown as battery range has not been researched,0,48.0,PUGET SOUND ENERGY INC||CITY OF TACOMA - (WA),0.0,0.2707985792660235,Unknown/Not Researched
King,Bothell,WA,98011.0,2022,TOYOTA,RAV4 PRIME (PHEV),Plug-in Hybrid Electric Vehicle (PHEV),Clean Alternative Fuel Vehicle Eligible,42,1.0,PUGET SOUND ENERGY INC||CITY OF TACOMA - (WA),0.14334470989761092,-0.04886954706231235,Short
King,Seattle,WA,98112.0,2026,VOLVO,EX30,Battery Electric Vehicle (BEV),Eligibility unknown as battery range has not been researched,0,43.0,CITY OF SEATTLE - (WA)|CITY OF TACOMA - (WA),0.0,1.2298029582510313,Unknown/Not Researched
Yakima,Union Gap,WA,98903.0,2017,MERCEDES-BENZ,B-CLASS,Battery Electric Vehicle (BEV),Clean Alternative Fuel Vehicle Eligible,87,15.0,PACIFICORP,0.29692832764505117,-1.647210178703992,Medium
King,Kirkland,WA,98033.0,2023,MERCEDES-BENZ,EQB-CLASS,Battery Electric Vehicle (BEV),Eligibility unknown as battery range has not been researched,0,48.0,PUGET SOUND ENERGY INC||CITY OF TACOMA - (WA),0.0,0.2707985792660235,Unknown/Not Researched
Snohomish,Snohomish,WA,98290.0,2023,TESLA,MODEL 3,Battery Electric Vehicle (BEV),Eligibility unknown as battery range has not been researched,0,44.0,PUGET SOUND ENERGY INC,0.0,0.2707985792660235,Unknown/Not Researched
King,Auburn,WA,98092.0,2023,TESLA,MODEL Y,Battery Electric Vehicle (BEV),Eligibility unknown as battery range has not been researched,0,47.0,PUGET SOUND ENERGY INC||CITY OF TACOMA - (WA),0.0,0.2707985792660235,Unknown/Not Researched
King,Issaquah,WA,98027.0,2022,TESLA,MODEL Y,Battery Electric Vehicle (BEV),Eligibility unknown as battery range has not been researched,0,5.0,PUGET SOUND ENERGY INC||CITY OF TACOMA - (WA),0.0,-0.04886954706231235,Unknown/Not Researched
Clark,Vancouver,WA,98685.0,2025,SUBARU,SOLTERRA,Battery Electric Vehicle (BEV),Eligibility unknown as battery range has not been researched,0,49.0,BONNEVILLE POWER ADMINISTRATION||PUD NO 1 OF CLARK COUNTY - (WA),0.0,0.9101348319226953,Unknown/Not Researched
Okanogan,Omak,WA,98841.0,2024,MAZDA,CX-90,Plug-in Hybrid Electric Vehicle (PHEV),Not eligible due to low battery range,26,7.0,PUD NO 1 OF OKANOGAN COUNTY,0.08873720136518772,0.5904667055943594,Short
Clark,Vancouver,WA,98664.0,2025,FORD,MUSTANG MACH-E,Battery Electric Vehicle (BEV),Eligibility unknown as battery range has not been researched,0,49.0,BONNEVILLE POWER ADMINISTRATION||PUD NO 1 OF CLARK COUNTY - (WA),0.0,0.9101348319226953,Unknown/Not Researched
King,Bellevue,WA,98008.0,2017,CHEVROLET,VOLT,Plug-in Hybrid Electric Vehicle (PHEV),Clean Alternative Fuel Vehicle Eligible,53,48.0,PUGET SOUND ENERGY INC||CITY OF TACOMA - (WA),0.18088737201365188,-1.647210178703992,Medium
Kitsap,Bainbridge Island,WA,98110.0,2019,CHEVROLET,BOLT EV,Battery Electric Vehicle (BEV),Clean Alternative Fuel Vehicle Eligible,238,23.0,PUGET SOUND ENERGY INC,0.8122866894197952,-1.00787392604732,Long
King,Seattle,WA,98116.0,2022,TESLA,MODEL Y,Battery Electric Vehicle (BEV),Eligibility unknown as battery range has not been researched,0,34.0,CITY OF SEATTLE - (WA)|CITY OF TACOMA - (WA),0.0,-0.04886954706231235,Unknown/Not Researched
King,Kirkland,WA,98033.0,2022,MERCEDES-BENZ,EQS-CLASS SEDAN,Battery Electric Vehicle (BEV),Eligibility unknown as battery range has not been researched,0,48.0,PUGET SOUND ENERGY INC||CITY OF TACOMA - (WA),0.0,-0.04886954706231235,Unknown/Not Researched
Clark,Vancouver,WA,98686.0,2020,TESLA,MODEL 3,Battery Electric Vehicle (BEV),Clean Alternative Fuel Vehicle Eligible,266,17.0,BONNEVILLE POWER ADMINISTRATION||PUD NO 1 OF CLARK COUNTY - (WA),0.9078498293515358,-0.6882057997189841,Long
King,Bellevue,WA,98007.0,2025,NISSAN,ARIYA MPV,Battery Electric Vehicle (BEV),Eligibility unknown as battery range has not been researched,0,48.0,PUGET SOUND ENERGY INC||CITY OF TACOMA - (WA),0.0,0.9101348319226953,Unknown/Not Researched
King,Seattle,WA,98125.0,2019,TESLA,MODEL X,Battery Electric Vehicle (BEV),Clean Alternative Fuel Vehicle Eligible,289,46.0,PUGET SOUND ENERGY INC||CITY OF TACOMA - (WA),0.9863481228668942,-1.00787392604732,Long
King,Shoreline,WA,98155.0,2020,NISSAN,LEAF,Battery Electric Vehicle (BEV),Clean Alternative Fuel Vehicle Eligible,149,32.0,CITY OF SEATTLE - (WA)|CITY OF TACOMA - (WA),0.5085324232081911,-0.6882057997189841,Medium
King,Seattle,WA,98102.0,2026,TESLA,MODEL Y,Battery Electric Vehicle (BEV),Eligibility unknown as battery range has not been researched,0,43.0,CITY OF SEATTLE - (WA)|CITY OF TACOMA - (WA),0.0,1.2298029582510313,Unknown/Not Researched
King,Bellevue,WA,98006.0,2026,KIA,EV9,Battery Electric Vehicle (BEV),Eligibility unknown as battery range has not been researched,0,41.0,PUGET SOUND ENERGY INC||CITY OF TACOMA - (WA),0.0,1.2298029582510313,Unknown/Not Researched
King,Seattle,WA,98112.0,2023,CHEVROLET,BOLT EV,Battery Electric Vehicle (BEV),Eligibility unknown as battery range has not been researched,0,43.0,CITY OF SEATTLE - (WA)|CITY OF TACOMA - (WA),0.0,0.2707985792660235,Unknown/Not Researched
King,Seattle,WA,98125.0,2020,TESLA,MODEL X,Battery Electric Vehicle (BEV),Clean Alternative Fuel Vehicle Eligible,289,46.0,CITY OF SEATTLE - (WA)|CITY OF TACOMA - (WA),0.9863481228668942,-0.6882057997189841,Long
King,Issaquah,WA,98027.0,2022,KIA,NIRO,Battery Electric Vehicle (BEV),Eligibility unknown as battery range has not been researched,0,5.0,PUGET SOUND ENERGY INC||CITY OF TACOMA - (WA),0.0,-0.04886954706231235,Unknown/Not Researched
Clark,Vancouver,WA,98683.0,2021,TESLA,MODEL 3,Battery Electric Vehicle (BEV),Eligibility unknown as battery range has not been researched,0,18.0,BONNEVILLE POWER ADMINISTRATION||PUD NO 1 OF CLARK COUNTY - (WA),0.0,-0.36853767339064825,Unknown/Not Researched
King,Kent,WA,98030.0,2023,TESLA,MODEL 3,Battery Electric Vehicle (BEV),Eligibility unknown as battery range has not been researched,0,47.0,PUGET SOUND ENERGY INC||CITY OF TACOMA - (WA),0.0,0.2707985792660235,Unknown/Not Researched
King,Issaquah,WA,98029.0,2024,TESLA,MODEL Y,Battery Electric Vehicle (BEV),Eligibility unknown as battery range has not been researched,0,5.0,PUGET SOUND ENERGY INC||CITY OF TACOMA - (WA),0.0,0.5904667055943594,Unknown/Not Researched
King,Kirkland,WA,98033.0,2026,LEXUS,RX,Plug-in Hybrid Electric Vehicle (PHEV),Clean Alternative Fuel Vehicle Eligible,38,48.0,PUGET SOUND ENERGY INC||CITY OF TACOMA - (WA),0.1296928327645051,1.2298029582510313,Short
King,Kirkland,WA,98034.0,2024,TESLA,MODEL X,Battery Electric Vehicle (BEV),Eligibility unknown as battery range has not been researched,0,45.0,PUGET SOUND ENERGY INC||CITY OF TACOMA - (WA),0.0,0.5904667055943594,Unknown/Not Researched
King,Seattle,WA,98112.0,2022,TESLA,MODEL Y,Battery Electric Vehicle (BEV),Eligibility unknown as battery range has not been researched,0,37.0,CITY OF SEATTLE - (WA)|CITY OF TACOMA - (WA),0.0,-0.04886954706231235,Unknown/Not Researched
King,Redmond,WA,98052.0,2022,TESLA,MODEL Y,Battery Electric Vehicle (BEV),Eligibility unknown as battery range has not been researched,0,45.0,PUGET SOUND ENERGY INC||CITY OF TACOMA - (WA),0.0,-0.04886954706231235,Unknown/Not Researched
Jefferson,Port Hadlock,WA,98339.0,2022,TESLA,MODEL Y,Battery Electric Vehicle (BEV),Eligibility unknown as battery range has not been researched,0,24.0,BONNEVILLE POWER ADMINISTRATION||PUGET SOUND ENERGY INC||PUD NO 1 OF JEFFERSON COUNTY,0.0,-0.04886954706231235,Unknown/Not Researched
King,Seattle,WA,98122.0,2014,CHEVROLET,VOLT,Plug-in Hybrid Electric Vehicle (PHEV),Clean Alternative Fuel Vehicle Eligible,38,37.0,CITY OF SEATTLE - (WA)|CITY OF TACOMA - (WA),0.1296928327645051,-2.6062145576889995,Short
Jefferson,Port Townsend,WA,98368.0,2026,SUBARU,SOLTERRA,Battery Electric Vehicle (BEV),Eligibility unknown as battery range has not been researched,0,24.0,BONNEVILLE POWER ADMINISTRATION||PUGET SOUND ENERGY INC||PUD NO 1 OF JEFFERSON COUNTY,0.0,1.2298029582510313,Unknown/Not Researched
Snohomish,Mukilteo,WA,98275.0,2016,TESLA,MODEL X,Battery Electric Vehicle (BEV),Clean Alternative Fuel Vehicle Eligible,200,21.0,PUGET SOUND ENERGY INC,0.6825938566552902,-1.9668783050323277,Long
King,Bellevue,WA,98005.0,2023,BMW,330E,Plug-in Hybrid Electric Vehicle (PHEV),Not eligible due to low battery range,20,48.0,PUGET SOUND ENERGY INC||CITY OF TACOMA - (WA),0.06825938566552901,0.2707985792660235,Short
Clark,Battle Ground,WA,98604.0,2025,TOYOTA,BZ4X,Battery Electric Vehicle (BEV),Eligibility unknown as battery range has not been researched,0,18.0,BONNEVILLE POWER ADMINISTRATION||PUD NO 1 OF CLARK COUNTY - (WA),0.0,0.9101348319226953,Unknown/Not Researched
Thurston,Olympia,WA,98501.0,2021,CHEVROLET,BOLT EV,Battery Electric Vehicle (BEV),Eligibility unknown as battery range has not been researched,0,22.0,PUGET SOUND ENERGY INC,0.0,-0.36853767339064825,Unknown/Not Researched
King,Seattle,WA,98125.0,2025,NISSAN,LEAF,Battery Electric Vehicle (BEV),Eligibility unknown as battery range has not been researched,0,46.0,PUGET SOUND ENERGY INC||CITY OF TACOMA - (WA),0.0,0.9101348319226953,Unknown/Not Researched
King,Bellevue,WA,98008.0,2026,TESLA,MODEL Y,Battery Electric Vehicle (BEV),Eligibility unknown as battery range has not been researched,0,48.0,PUGET SOUND ENERGY INC||CITY OF TACOMA - (WA),0.0,1.2298029582510313,Unknown/Not Researched
King,Seattle,WA,98101.0,2024,BMW,I5,Battery Electric Vehicle (BEV),Eligibility unknown as battery range has not been researched,0,43.0,CITY OF SEATTLE - (WA)|CITY OF TACOMA - (WA),0.0,0.5904667055943594,Unknown/Not Researched
King,Kirkland,WA,98034.0,2020,TESLA,MODEL 3,Battery Electric Vehicle (BEV),Clean Alternative Fuel Vehicle Eligible,266,45.0,PUGET SOUND ENERGY INC||CITY OF TACOMA - (WA),0.9078498293515358,-0.6882057997189841,Long
King,Seattle,WA,98133.0,2023,MITSUBISHI,OUTLANDER,Plug-in Hybrid Electric Vehicle (PHEV),Clean Alternative Fuel Vehicle Eligible,38,32.0,CITY OF SEATTLE - (WA)|CITY OF TACOMA - (WA),0.1296928327645051,0.2707985792660235,Short
Clark,Vancouver,WA,98662.0,2023,TESLA,MODEL Y,Battery Electric Vehicle (BEV),Eligibility unknown as battery range has not been researched,0,17.0,BONNEVILLE POWER ADMINISTRATION||PUD NO 1 OF CLARK COUNTY - (WA),0.0,0.2707985792660235,Unknown/Not Researched
King,Kirkland,WA,98033.0,2018,TESLA,MODEL 3,Battery Electric Vehicle (BEV),Clean Alternative Fuel Vehicle Eligible,215,45.0,PUGET SOUND ENERGY INC||CITY OF TACOMA - (WA),0.7337883959044369,-1.3275420523756558,Long
Clark,Vancouver,WA,98662.0,2025,FORD,ESCAPE,Plug-in Hybrid Electric Vehicle (PHEV),Clean Alternative Fuel Vehicle Eligible,37,17.0,BONNEVILLE POWER ADMINISTRATION||PUD NO 1 OF CLARK COUNTY - (WA),0.12627986348122866,0.9101348319226953,Short
King,Kent,WA,98031.0,2018,TESLA,MODEL 3,Battery Electric Vehicle (BEV),Clean Alternative Fuel Vehicle Eligible,215,47.0,PUGET SOUND ENERGY INC||CITY OF TACOMA - (WA),0.7337883959044369,-1.3275420523756558,Long
King,Seattle,WA,98177.0,2023,CHEVROLET,BOLT EUV,Battery Electric Vehicle (BEV),Eligibility unknown as battery range has not been researched,0,36.0,CITY OF SEATTLE - (WA)|CITY OF TACOMA - (WA),0.0,0.2707985792660235,Unknown/Not Researched
King,Bellevue,WA,98008.0,2024,TESLA,MODEL Y,Battery Electric Vehicle (BEV),Eligibility unknown as battery range has not been researched,0,48.0,PUGET SOUND ENERGY INC||CITY OF TACOMA - (WA),0.0,0.5904667055943594,Unknown/Not Researched
King,Kirkland,WA,98033.0,2024,HYUNDAI,KONA,Battery Electric Vehicle (BEV),Eligibility unknown as battery range has not been researched,0,45.0,PUGET SOUND ENERGY INC||CITY OF TACOMA - (WA),0.0,0.5904667055943594,Unknown/Not Researched
King,Seattle,WA,98108.0,2022,TESLA,MODEL X,Battery Electric Vehicle (BEV),Eligibility unknown as battery range has not been researched,0,11.0,CITY OF SEATTLE - (WA)|CITY OF TACOMA - (WA),0.0,-0.04886954706231235,Unknown/Not Researched
Clark,Vancouver,WA,98682.0,2026,TESLA,MODEL Y,Battery Electric Vehicle (BEV),Eligibility unknown as battery range has not been researched,0,17.0,BONNEVILLE POWER ADMINISTRATION||PUD NO 1 OF CLARK COUNTY - (WA),0.0,1.2298029582510313,Unknown/Not Researched
Clark,Battle Ground,WA,98604.0,2025,TESLA,MODEL Y,Battery Electric Vehicle (BEV),Eligibility unknown as battery range has not been researched,0,18.0,BONNEVILLE POWER ADMINISTRATION||PUD NO 1 OF CLARK COUNTY - (WA),0.0,0.9101348319226953,Unknown/Not Researched
King,Kirkland,WA,98034.0,2022,NISSAN,LEAF,Battery Electric Vehicle (BEV),Eligibility unknown as battery range has not been researched,0,45.0,PUGET SOUND ENERGY INC||CITY OF TACOMA - (WA),0.0,-0.04886954706231235,Unknown/Not Researched
King,Bothell,WA,98011.0,2020,TESLA,MODEL Y,Battery Electric Vehicle (BEV),Clean Alternative Fuel Vehicle Eligible,291,1.0,PUGET SOUND ENERGY INC||CITY OF TACOMA - (WA),0.9931740614334471,-0.6882057997189841,Long
Clark,Vancouver,WA,98685.0,2020,TESLA,MODEL X,Battery Electric Vehicle (BEV),Clean Alternative Fuel Vehicle Eligible,293,18.0,BONNEVILLE POWER ADMINISTRATION||PUD NO 1 OF CLARK COUNTY - (WA),1.0,-0.6882057997189841,Long
Kitsap,Bainbridge Island,WA,98110.0,2019,CHEVROLET,BOLT EV,Battery Electric Vehicle (BEV),Clean Alternative Fuel Vehicle Eligible,238,23.0,PUGET SOUND ENERGY INC,0.8122866894197952,-1.00787392604732,Long
King,Seattle,WA,98101.0,2026,TESLA,MODEL Y,Battery Electric Vehicle (BEV),Eligibility unknown as battery range has not been researched,0,43.0,CITY OF SEATTLE - (WA)|CITY OF TACOMA - (WA),0.0,1.2298029582510313,Unknown/Not Researched
King,Bellevue,WA,98004.0,2021,VOLKSWAGEN,ID.4,Battery Electric Vehicle (BEV),Eligibility unknown as battery range has not been researched,0,41.0,PUGET SOUND ENERGY INC||CITY OF TACOMA - (WA),0.0,-0.36853767339064825,Unknown/Not Researched
King,Bothell,WA,98011.0,2021,FORD,MUSTANG MACH-E,Battery Electric Vehicle (BEV),Eligibility unknown as battery range has not been researched,0,1.0,PUGET SOUND ENERGY INC||CITY OF TACOMA - (WA),0.0,-0.36853767339064825,Unknown/Not Researched
King,Kirkland,WA,98034.0,2018,TESLA,MODEL 3,Battery Electric Vehicle (BEV),Clean Alternative Fuel Vehicle Eligible,215,1.0,PUGET SOUND ENERGY INC||CITY OF TACOMA - (WA),0.7337883959044369,-1.3275420523756558,Long
Snohomish,Bothell,WA,98021.0,2021,BMW,X5,Plug-in Hybrid Electric Vehicle (PHEV),Clean Alternative Fuel Vehicle Eligible,30,1.0,PUGET SOUND ENERGY INC,0.10238907849829351,-0.36853767339064825,Short
Kitsap,Bainbridge Island,WA,98110.0,2021,VOLKSWAGEN,ID.4,Battery Electric Vehicle (BEV),Eligibility unknown as battery range has not been researched,0,23.0,PUGET SOUND ENERGY INC,0.0,-0.36853767339064825,Unknown/Not Researched
Snohomish,Lynnwood,WA,98087.0,2018,TESLA,MODEL S,Battery Electric Vehicle (BEV),Clean Alternative Fuel Vehicle Eligible,249,21.0,PUGET SOUND ENERGY INC,0.8498293515358362,-1.3275420523756558,Long
Clark,Vancouver,WA,98660.0,2021,CHEVROLET,BOLT EV,Battery Electric Vehicle (BEV),Eligibility unknown as battery range has not been researched,0,49.0,BONNEVILLE POWER ADMINISTRATION||PUD NO 1 OF CLARK COUNTY - (WA),0.0,-0.36853767339064825,Unknown/Not Researched
King,Kirkland,WA,98033.0,2024,TESLA,MODEL Y,Battery Electric Vehicle (BEV),Eligibility unknown as battery range has not been researched,0,45.0,PUGET SOUND ENERGY INC||CITY OF TACOMA - (WA),0.0,0.5904667055943594,Unknown/Not Researched
King,Seattle,WA,98107.0,2022,CHEVROLET,BOLT EUV,Battery Electric Vehicle (BEV),Eligibility unknown as battery range has not been researched,0,36.0,CITY OF SEATTLE - (WA)|CITY OF TACOMA - (WA),0.0,-0.04886954706231235,Unknown/Not Researched
King,Bellevue,WA,98006.0,2026,TESLA,MODEL Y,Battery Electric Vehicle (BEV),Eligibility unknown as battery range has not been researched,0,41.0,PUGET SOUND ENERGY INC||CITY OF TACOMA - (WA),0.0,1.2298029582510313,Unknown/Not Researched
Kitsap,Kingston,WA,98346.0,2018,TESLA,MODEL 3,Battery Electric Vehicle (BEV),Clean Alternative Fuel Vehicle Eligible,215,23.0,PUGET SOUND ENERGY INC,0.7337883959044369,-1.3275420523756558,Long
King,Kent,WA,98042.0,2026,RIVIAN,R1T,Battery Electric Vehicle (BEV),Eligibility unknown as battery range has not been researched,0,47.0,PUGET SOUND ENERGY INC||CITY OF TACOMA - (WA),0.0,1.2298029582510313,Unknown/Not Researched
King,Kirkland,WA,98033.0,2026,BMW,M5,Plug-in Hybrid Electric Vehicle (PHEV),Not eligible due to low battery range,25,48.0,PUGET SOUND ENERGY INC||CITY OF TACOMA - (WA),0.08532423208191127,1.2298029582510313,Short
King,Bellevue,WA,98005.0,2025,HYUNDAI,IONIQ 5,Battery Electric Vehicle (BEV),Eligibility unknown as battery range has not been researched,0,48.0,PUGET SOUND ENERGY INC||CITY OF TACOMA - (WA),0.0,0.9101348319226953,Unknown/Not Researched
Kitsap,Poulsbo,WA,98370.0,2013,TESLA,MODEL S,Battery Electric Vehicle (BEV),Clean Alternative Fuel Vehicle Eligible,208,23.0,PUGET SOUND ENERGY INC,0.7098976109215017,-2.9258826840173353,Long
King,Auburn,WA,98092.0,2023,JEEP,WRANGLER,Plug-in Hybrid Electric Vehicle (PHEV),Not eligible due to low battery range,21,47.0,PUGET SOUND ENERGY INC||CITY OF TACOMA - (WA),0.07167235494880546,0.2707985792660235,Short
Clark,Vancouver,WA,98686.0,2026,TESLA,MODEL 3,Battery Electric Vehicle (BEV),Eligibility unknown as battery range has not been researched,0,49.0,BONNEVILLE POWER ADMINISTRATION||PUD NO 1 OF CLARK COUNTY - (WA),0.0,1.2298029582510313,Unknown/Not Researched
King,Kirkland,WA,98033.0,2024,NISSAN,ARIYA HATCHBACK,Battery Electric Vehicle (BEV),Eligibility unknown as battery range has not been researched,0,45.0,PUGET SOUND ENERGY INC||CITY OF TACOMA - (WA),0.0,0.5904667055943594,Unknown/Not Researched
King,Bellevue,WA,98008.0,2023,BMW,X5,Plug-in Hybrid Electric Vehicle (PHEV),Clean Alternative Fuel Vehicle Eligible,30,48.0,PUGET SOUND ENERGY INC||CITY OF TACOMA - (WA),0.10238907849829351,0.2707985792660235,Short
King,Kirkland,WA,98033.0,2018,TESLA,MODEL 3,Battery Electric Vehicle (BEV),Clean Alternative Fuel Vehicle Eligible,215,48.0,PUGET SOUND ENERGY INC||CITY OF TACOMA - (WA),0.7337883959044369,-1.3275420523756558,Long
King,Sammamish,WA,98075.0,2023,TESLA,MODEL Y,Battery Electric Vehicle (BEV),Eligibility unknown as battery range has not been researched,0,41.0,PUGET SOUND ENERGY INC||CITY OF TACOMA - (WA),0.0,0.2707985792660235,Unknown/Not Researched
King,Bellevue,WA,98006.0,2026,TESLA,MODEL Y,Battery Electric Vehicle (BEV),Eligibility unknown as battery range has not been researched,0,41.0,PUGET SOUND ENERGY INC||CITY OF TACOMA - (WA),0.0,1.2298029582510313,Unknown/Not Researched
King,Renton,WA,98055.0,2021,TESLA,MODEL Y,Battery Electric Vehicle (BEV),Eligibility unknown as battery range has not been researched,0,33.0,PUGET SOUND ENERGY INC||CITY OF TACOMA - (WA),0.0,-0.36853767339064825,Unknown/Not Researched
Clark,Vancouver,WA,98683.0,2022,KIA,EV6,Battery Electric Vehicle (BEV),Eligibility unknown as battery range has not been researched,0,18.0,BONNEVILLE POWER ADMINISTRATION||PUD NO 1 OF CLARK COUNTY - (WA),0.0,-0.04886954706231235,Unknown/Not Researched
King,Redmond,WA,98052.0,2024,TESLA,MODEL X,Battery Electric Vehicle (BEV),Eligibility unknown as battery range has not been researched,0,45.0,PUGET SOUND ENERGY INC||CITY OF TACOMA - (WA),0.0,0.5904667055943594,Unknown/Not Researched
King,Seattle,WA,98144.0,2022,KIA,NIRO,Battery Electric Vehicle (BEV),Eligibility unknown as battery range has not been researched,0,37.0,CITY OF SEATTLE - (WA)|CITY OF TACOMA - (WA),0.0,-0.04886954706231235,Unknown/Not Researched
King,Bellevue,WA,98004.0,2023,TESLA,MODEL Y,Battery Electric Vehicle (BEV),Eligibility unknown as battery range has not been researched,0,48.0,PUGET SOUND ENERGY INC||CITY OF TACOMA - (WA),0.0,0.2707985792660235,Unknown/Not Researched
King,Burien,WA,98146.0,2024,VOLVO,XC40,Battery Electric Vehicle (BEV),Eligibility unknown as battery range has not been researched,0,34.0,CITY OF SEATTLE - (WA)|CITY OF TACOMA - (WA),0.0,0.5904667055943594,Unknown/Not Researched
King,Seattle,WA,98125.0,2025,CHEVROLET,BLAZER,Battery Electric Vehicle (BEV),Eligibility unknown as battery range has not been researched,0,46.0,CITY OF SEATTLE - (WA)|CITY OF TACOMA - (WA),0.0,0.9101348319226953,Unknown/Not Researched
King,Bellevue,WA,98004.0,2021,TESLA,MODEL Y,Battery Electric Vehicle (BEV),Eligibility unknown as battery range has not been researched,0,48.0,PUGET SOUND ENERGY INC||CITY OF TACOMA - (WA),0.0,-0.36853767339064825,Unknown/Not Researched
King,Burien,WA,98146.0,2025,MITSUBISHI,OUTLANDER,Plug-in Hybrid Electric Vehicle (PHEV),Clean Alternative Fuel Vehicle Eligible,38,34.0,CITY OF SEATTLE - (WA)|CITY OF TACOMA - (WA),0.1296928327645051,0.9101348319226953,Short
King,Bellevue,WA,98006.0,2017,NISSAN,LEAF,Battery Electric Vehicle (BEV),Clean Alternative Fuel Vehicle Eligible,107,41.0,PUGET SOUND ENERGY INC||CITY OF TACOMA - (WA),0.3651877133105802,-1.647210178703992,Medium
Kitsap,Bainbridge Island,WA,98110.0,2023,RIVIAN,R1T,Battery Electric Vehicle (BEV),Eligibility unknown as battery range has not been researched,0,23.0,PUGET SOUND ENERGY INC,0.0,0.2707985792660235,Unknown/Not Researched
Clark,Vancouver,WA,98664.0,2023,NISSAN,ARIYA HATCHBACK,Battery Electric Vehicle (BEV),Eligibility unknown as battery range has not been researched,0,49.0,BONNEVILLE POWER ADMINISTRATION||PUD NO 1 OF CLARK COUNTY - (WA),0.0,0.2707985792660235,Unknown/Not Researched
King,Newcastle,WA,98056.0,2021,TESLA,MODEL Y,Battery Electric Vehicle (BEV),Eligibility unknown as battery range has not been researched,0,41.0,PUGET SOUND ENERGY INC||CITY OF TACOMA - (WA),0.0,-0.36853767339064825,Unknown/Not Researched
King,Woodinville,WA,98072.0,2026,LUCID,GRAVITY,Battery Electric Vehicle (BEV),Eligibility unknown as battery range has not been researched,0,45.0,PUGET SOUND ENERGY INC||CITY OF TACOMA - (WA),0.0,1.2298029582510313,Unknown/Not Researched
King,Sammamish,WA,98074.0,2026,TESLA,MODEL Y,Battery Electric Vehicle (BEV),Eligibility unknown as battery range has not been researched,0,45.0,PUGET SOUND ENERGY INC||CITY OF TACOMA - (WA),0.0,1.2298029582510313,Unknown/Not Researched
Clark,Vancouver,WA,98662.0,2025,TESLA,MODEL 3,Battery Electric Vehicle (BEV),Eligibility unknown as battery range has not been researched,0,17.0,BONNEVILLE POWER ADMINISTRATION||PUD NO 1 OF CLARK COUNTY - (WA),0.0,0.9101348319226953,Unknown/Not Researched
King,Duvall,WA,98019.0,2022,TESLA,MODEL S,Battery Electric Vehicle (BEV),Eligibility unknown as battery range has not been researched,0,45.0,PUGET SOUND ENERGY INC||CITY OF TACOMA - (WA),0.0,-0.04886954706231235,Unknown/Not Researched
King,Renton,WA,98056.0,2026,TESLA,MODEL Y,Battery Electric Vehicle (BEV),Eligibility unknown as battery range has not been researched,0,37.0,PUGET SOUND ENERGY INC||CITY OF TACOMA - (WA),0.0,1.2298029582510313,Unknown/Not Researched
King,Burien,WA,98146.0,2026,HYUNDAI,IONIQ 5,Battery Electric Vehicle (BEV),Eligibility unknown as battery range has not been researched,0,34.0,CITY OF SEATTLE - (WA)|CITY OF TACOMA - (WA),0.0,1.2298029582510313,Unknown/Not Researched
King,Kirkland,WA,98033.0,2026,TESLA,MODEL Y,Battery Electric Vehicle (BEV),Eligibility unknown as battery range has not been researched,0,48.0,PUGET SOUND ENERGY INC||CITY OF TACOMA - (WA),0.0,1.2298029582510313,Unknown/Not Researched
King,Redmond,WA,98052.0,2025,KIA,EV9,Battery Electric Vehicle (BEV),Eligibility unknown as battery range has not been researched,0,45.0,PUGET SOUND ENERGY INC||CITY OF TACOMA - (WA),0.0,0.9101348319226953,Unknown/Not Researched
King,Kirkland,WA,98034.0,2024,SUBARU,SOLTERRA,Battery Electric Vehicle (BEV),Eligibility unknown as battery range has not been researched,0,1.0,PUGET SOUND ENERGY INC||CITY OF TACOMA - (WA),0.0,0.5904667055943594,Unknown/Not Researched
King,Seattle,WA,98115.0,2019,VOLVO,XC90,Plug-in Hybrid Electric Vehicle (PHEV),Not eligible due to low battery range,17,43.0,CITY OF SEATTLE - (WA)|CITY OF TACOMA - (WA),0.05802047781569966,-1.00787392604732,Short
King,Seattle,WA,98119.0,2025,TESLA,MODEL 3,Battery Electric Vehicle (BEV),Eligibility unknown as battery range has not been researched,0,36.0,CITY OF SEATTLE - (WA)|CITY OF TACOMA - (WA),0.0,0.9101348319226953,Unknown/Not Researched
Thurston,Tumwater,WA,98512.0,2023,TESLA,MODEL Y,Battery Electric Vehicle (BEV),Eligibility unknown as battery range has not been researched,0,22.0,PUGET SOUND ENERGY INC,0.0,0.2707985792660235,Unknown/Not Researched
Snohomish,Everett,WA,98208.0,2018,CHEVROLET,BOLT EV,Battery Electric Vehicle (BEV),Clean Alternative Fuel Vehicle Eligible,238,44.0,PUGET SOUND ENERGY INC,0.8122866894197952,-1.3275420523756558,Long
Snohomish,Lake Stevens,WA,98258.0,2024,AUDI,Q5 E,Plug-in Hybrid Electric Vehicle (PHEV),Not eligible due to low battery range,23,44.0,PUGET SOUND ENERGY INC,0.07849829351535836,0.5904667055943594,Short
King,Redmond,WA,98052.0,2020,TESLA,MODEL Y,Battery Electric Vehicle (BEV),Clean Alternative Fuel Vehicle Eligible,291,45.0,PUGET SOUND ENERGY INC||CITY OF TACOMA - (WA),0.9931740614334471,-0.6882057997189841,Long
Clark,Vancouver,WA,98682.0,2022,TESLA,MODEL 3,Battery Electric Vehicle (BEV),Eligibility unknown as battery range has not been researched,0,17.0,BONNEVILLE POWER ADMINISTRATION||PUD NO 1 OF CLARK COUNTY - (WA),0.0,-0.04886954706231235,Unknown/Not Researched
King,Shoreline,WA,98133.0,2024,BMW,XM,Plug-in Hybrid Electric Vehicle (PHEV),Clean Alternative Fuel Vehicle Eligible,31,32.0,CITY OF SEATTLE - (WA)|CITY OF TACOMA - (WA),0.10580204778156997,0.5904667055943594,Short
King,Seattle,WA,98125.0,2023,RIVIAN,R1S,Battery Electric Vehicle (BEV),Eligibility unknown as battery range has not been researched,0,46.0,CITY OF SEATTLE - (WA)|CITY OF TACOMA - (WA),0.0,0.2707985792660235,Unknown/Not Researched
King,Seattle,WA,98133.0,2016,FORD,C-MAX,Plug-in Hybrid Electric Vehicle (PHEV),Not eligible due to low battery range,19,46.0,CITY OF SEATTLE - (WA)|CITY OF TACOMA - (WA),0.06484641638225255,-1.9668783050323277,Short
Kitsap,Bainbridge Island,WA,98110.0,2018,MINI,COUNTRYMAN,Plug-in Hybrid Electric Vehicle (PHEV),Not eligible due to low battery range,12,23.0,PUGET SOUND ENERGY INC,0.040955631399317405,-1.3275420523756558,Short
King,Bellevue,WA,98008.0,2025,MERCEDES-BENZ,E-CLASS,Plug-in Hybrid Electric Vehicle (PHEV),Clean Alternative Fuel Vehicle Eligible,43,48.0,PUGET SOUND ENERGY INC||CITY OF TACOMA - (WA),0.14675767918088736,0.9101348319226953,Short
King,Bellevue,WA,98005.0,2025,NISSAN,ARIYA MPV,Battery Electric Vehicle (BEV),Eligibility unknown as battery range has not been researched,0,48.0,PUGET SOUND ENERGY INC||CITY OF TACOMA - (WA),0.0,0.9101348319226953,Unknown/Not Researched
King,Renton,WA,98058.0,2025,KIA,SPORTAGE,Plug-in Hybrid Electric Vehicle (PHEV),Clean Alternative Fuel Vehicle Eligible,34,11.0,PUGET SOUND ENERGY INC||CITY OF TACOMA - (WA),0.11604095563139932,0.9101348319226953,Short
King,Seattle,WA,98102.0,2023,TESLA,MODEL Y,Battery Electric Vehicle (BEV),Eligibility unknown as battery range has not been researched,0,43.0,CITY OF SEATTLE - (WA)|CITY OF TACOMA - (WA),0.0,0.2707985792660235,Unknown/Not Researched
Thurston,Olympia,WA,98501.0,2023,FORD,F-150,Battery Electric Vehicle (BEV),Eligibility unknown as battery range has not been researched,0,22.0,PUGET SOUND ENERGY INC,0.0,0.2707985792660235,Unknown/Not Researched
King,Bellevue,WA,98005.0,2022,HYUNDAI,IONIQ 5,Battery Electric Vehicle (BEV),Eligibility unknown as battery range has not been researched,0,48.0,PUGET SOUND ENERGY INC||CITY OF TACOMA - (WA),0.0,-0.04886954706231235,Unknown/Not Researched
King,Auburn,WA,98092.0,2022,CHEVROLET,BOLT EUV,Battery Electric Vehicle (BEV),Eligibility unknown as battery range has not been researched,0,47.0,PUGET SOUND ENERGY INC||CITY OF TACOMA - (WA),0.0,-0.04886954706231235,Unknown/Not Researched
King,Seattle,WA,98125.0,2013,NISSAN,LEAF,Battery Electric Vehicle (BEV),Clean Alternative Fuel Vehicle Eligible,75,46.0,CITY OF SEATTLE - (WA)|CITY OF TACOMA - (WA),0.25597269624573377,-2.9258826840173353,Medium
King,Seattle,WA,98177.0,2021,VOLVO,XC90,Plug-in Hybrid Electric Vehicle (PHEV),Not eligible due to low battery range,18,36.0,CITY OF SEATTLE - (WA)|CITY OF TACOMA - (WA),0.06143344709897611,-0.36853767339064825,Short
King,Seattle,WA,98125.0,2016,TESLA,MODEL S,Battery Electric Vehicle (BEV),Clean Alternative Fuel Vehicle Eligible,210,46.0,CITY OF SEATTLE - (WA)|CITY OF TACOMA - (WA),0.7167235494880546,-1.9668783050323277,Long
King,Kirkland,WA,98034.0,2023,CHEVROLET,BOLT EV,Battery Electric Vehicle (BEV),Eligibility unknown as battery range has not been researched,0,45.0,PUGET SOUND ENERGY INC||CITY OF TACOMA - (WA),0.0,0.2707985792660235,Unknown/Not Researched
King,Redmond,WA,98052.0,2023,NISSAN,ARIYA HATCHBACK,Battery Electric Vehicle (BEV),Eligibility unknown as battery range has not been researched,0,45.0,PUGET SOUND ENERGY INC||CITY OF TACOMA - (WA),0.0,0.2707985792660235,Unknown/Not Researched
King,Bellevue,WA,98007.0,2024,TESLA,MODEL 3,Battery Electric Vehicle (BEV),Eligibility unknown as battery range has not been researched,0,48.0,PUGET SOUND ENERGY INC||CITY OF TACOMA - (WA),0.0,0.5904667055943594,Unknown/Not Researched
King,Seattle,WA,98115.0,2024,TESLA,MODEL Y,Battery Electric Vehicle (BEV),Eligibility unknown as battery range has not been researched,0,46.0,CITY OF SEATTLE - (WA)|CITY OF TACOMA - (WA),0.0,0.5904667055943594,Unknown/Not Researched
King,Kirkland,WA,98033.0,2025,GENESIS,GV60,Battery Electric Vehicle (BEV),Eligibility unknown as battery range has not been researched,0,45.0,PUGET SOUND ENERGY INC||CITY OF TACOMA - (WA),0.0,0.9101348319226953,Unknown/Not Researched
King,Bothell,WA,98011.0,2025,HYUNDAI,IONIQ 5 N,Battery Electric Vehicle (BEV),Eligibility unknown as battery range has not been researched,0,1.0,PUGET SOUND ENERGY INC||CITY OF TACOMA - (WA),0.0,0.9101348319226953,Unknown/Not Researched
Island,Oak Harbor,WA,98277.0,2018,TESLA,MODEL 3,Battery Electric Vehicle (BEV),Clean Alternative Fuel Vehicle Eligible,215,10.0,PUGET SOUND ENERGY INC,0.7337883959044369,-1.3275420523756558,Long
Snohomish,Lynnwood,WA,98036.0,2023,TESLA,MODEL Y,Battery Electric Vehicle (BEV),Eligibility unknown as battery range has not been researched,0,1.0,PUGET SOUND ENERGY INC,0.0,0.2707985792660235,Unknown/Not Researched
King,Kirkland,WA,98033.0,2023,TESLA,MODEL S,Battery Electric Vehicle (BEV),Eligibility unknown as battery range has not been researched,0,45.0,PUGET SOUND ENERGY INC||CITY OF TACOMA - (WA),0.0,0.2707985792660235,Unknown/Not Researched
King,Bothell,WA,98011.0,2013,CHEVROLET,VOLT,Plug-in Hybrid Electric Vehicle (PHEV),Clean Alternative Fuel Vehicle Eligible,38,1.0,PUGET SOUND ENERGY INC||CITY OF TACOMA - (WA),0.1296928327645051,-2.9258826840173353,Short
King,Seattle,WA,98133.0,2021,NISSAN,LEAF,Battery Electric Vehicle (BEV),Eligibility unknown as battery range has not been researched,0,46.0,CITY OF SEATTLE - (WA)|CITY OF TACOMA - (WA),0.0,-0.36853767339064825,Unknown/Not Researched
King,Seattle,WA,98134.0,2026,BMW,I4,Battery Electric Vehicle (BEV),Eligibility unknown as battery range has not been researched,0,37.0,CITY OF SEATTLE - (WA)|CITY OF TACOMA - (WA),0.0,1.2298029582510313,Unknown/Not Researched
King,Seattle,WA,98177.0,2016,CHEVROLET,VOLT,Plug-in Hybrid Electric Vehicle (PHEV),Clean Alternative Fuel Vehicle Eligible,53,36.0,CITY OF SEATTLE - (WA)|CITY OF TACOMA - (WA),0.18088737201365188,-1.9668783050323277,Medium
King,Kirkland,WA,98033.0,2023,TESLA,MODEL Y,Battery Electric Vehicle (BEV),Eligibility unknown as battery range has not been researched,0,45.0,PUGET SOUND ENERGY INC||CITY OF TACOMA - (WA),0.0,0.2707985792660235,Unknown/Not Researched
King,Bellevue,WA,98006.0,2025,TESLA,MODEL Y,Battery Electric Vehicle (BEV),Eligibility unknown as battery range has not been researched,0,41.0,PUGET SOUND ENERGY INC||CITY OF TACOMA - (WA),0.0,0.9101348319226953,Unknown/Not Researched
King,Kirkland,WA,98033.0,2020,TESLA,MODEL X,Battery Electric Vehicle (BEV),Clean Alternative Fuel Vehicle Eligible,293,45.0,PUGET SOUND ENERGY INC||CITY OF TACOMA - (WA),1.0,-0.6882057997189841,Long
King,Sammamish,WA,98074.0,2014,BMW,I3,Plug-in Hybrid Electric Vehicle (PHEV),Clean Alternative Fuel Vehicle Eligible,72,45.0,PUGET SOUND ENERGY INC||CITY OF TACOMA - (WA),0.24573378839590443,-2.6062145576889995,Medium
King,Seattle,WA,98125.0,2023,VOLVO,XC40,Battery Electric Vehicle (BEV),Eligibility unknown as battery range has not been researched,0,46.0,CITY OF SEATTLE - (WA)|CITY OF TACOMA - (WA),0.0,0.2707985792660235,Unknown/Not Researched
King,Kent,WA,98031.0,2023,TESLA,MODEL Y,Battery Electric Vehicle (BEV),Eligibility unknown as battery range has not been researched,0,11.0,PUGET SOUND ENERGY INC||CITY OF TACOMA - (WA),0.0,0.2707985792660235,Unknown/Not Researched
Kitsap,Bainbridge Island,WA,98110.0,2022,KIA,NIRO,Battery Electric Vehicle (BEV),Eligibility unknown as battery range has not been researched,0,23.0,PUGET SOUND ENERGY INC,0.0,-0.04886954706231235,Unknown/Not Researched
Clark,Vancouver,WA,98685.0,2020,TESLA,MODEL Y,Battery Electric Vehicle (BEV),Clean Alternative Fuel Vehicle Eligible,291,18.0,BONNEVILLE POWER ADMINISTRATION||PUD NO 1 OF CLARK COUNTY - (WA),0.9931740614334471,-0.6882057997189841,Long
King,Renton,WA,98056.0,2018,TESLA,MODEL X,Battery Electric Vehicle (BEV),Clean Alternative Fuel Vehicle Eligible,238,41.0,PUGET SOUND ENERGY INC||CITY OF TACOMA - (WA),0.8122866894197952,-1.3275420523756558,Long
King,Kirkland,WA,98034.0,2023,TESLA,MODEL Y,Battery Electric Vehicle (BEV),Eligibility unknown as battery range has not been researched,0,45.0,PUGET SOUND ENERGY INC||CITY OF TACOMA - (WA),0.0,0.2707985792660235,Unknown/Not Researched
Kitsap,Bainbridge Island,WA,98110.0,2025,RIVIAN,R1T,Battery Electric Vehicle (BEV),Eligibility unknown as battery range has not been researched,0,23.0,PUGET SOUND ENERGY INC,0.0,0.9101348319226953,Unknown/Not Researched
King,Seattle,WA,98178.0,2021,VOLVO,XC40,Battery Electric Vehicle (BEV),Eligibility unknown as battery range has not been researched,0,37.0,PUGET SOUND ENERGY INC||CITY OF TACOMA - (WA),0.0,-0.36853767339064825,Unknown/Not Researched
King,Kirkland,WA,98034.0,2025,RIVIAN,R1T,Battery Electric Vehicle (BEV),Eligibility unknown as battery range has not been researched,0,1.0,PUGET SOUND ENERGY INC||CITY OF TACOMA - (WA),0.0,0.9101348319226953,Unknown/Not Researched
King,Kent,WA,98032.0,2025,FORD,MUSTANG MACH-E,Battery Electric Vehicle (BEV),Eligibility unknown as battery range has not been researched,0,33.0,PUGET SOUND ENERGY INC||CITY OF TACOMA - (WA),0.0,0.9101348319226953,Unknown/Not Researched
King,Bellevue,WA,98005.0,2024,RIVIAN,R1S,Battery Electric Vehicle (BEV),Eligibility unknown as battery range has not been researched,0,48.0,PUGET SOUND ENERGY INC||CITY OF TACOMA - (WA),0.0,0.5904667055943594,Unknown/Not Researched
Yakima,Yakima,WA,98902.0,2023,NISSAN,LEAF,Battery Electric Vehicle (BEV),Eligibility unknown as battery range has not been researched,0,14.0,PACIFICORP,0.0,0.2707985792660235,Unknown/Not Researched
Clark,Vancouver,WA,98664.0,2015,NISSAN,LEAF,Battery Electric Vehicle (BEV),Clean Alternative Fuel Vehicle Eligible,84,49.0,BONNEVILLE POWER ADMINISTRATION||PUD NO 1 OF CLARK COUNTY - (WA),0.28668941979522183,-2.2865464313606636,Medium
Clark,Vancouver,WA,98661.0,2022,TESLA,MODEL Y,Battery Electric Vehicle (BEV),Eligibility unknown as battery range has not been researched,0,49.0,BONNEVILLE POWER ADMINISTRATION||PUD NO 1 OF CLARK COUNTY - (WA),0.0,-0.04886954706231235,Unknown/Not Researched
King,Burien,WA,98146.0,2023,MINI,HARDTOP,Battery Electric Vehicle (BEV),Eligibility unknown as battery range has not been researched,0,34.0,CITY OF SEATTLE - (WA)|CITY OF TACOMA - (WA),0.0,0.2707985792660235,Unknown/Not Researched
Thurston,Yelm,WA,98597.0,2026,TESLA,MODEL Y,Battery Electric Vehicle (BEV),Eligibility unknown as battery range has not been researched,0,2.0,PUGET SOUND ENERGY INC,0.0,1.2298029582510313,Unknown/Not Researched
King,Seattle,WA,98122.0,2022,RIVIAN,R1S,Battery Electric Vehicle (BEV),Eligibility unknown as battery range has not been researched,0,43.0,CITY OF SEATTLE - (WA)|CITY OF TACOMA - (WA),0.0,-0.04886954706231235,Unknown/Not Researched
King,Seattle,WA,98125.0,2013,FORD,FUSION,Plug-in Hybrid Electric Vehicle (PHEV),Not eligible due to low battery range,19,46.0,CITY OF SEATTLE - (WA)|CITY OF TACOMA - (WA),0.06484641638225255,-2.9258826840173353,Short
King,Seattle,WA,98125.0,2023,RIVIAN,R1S,Battery Electric Vehicle (BEV),Eligibility unknown as battery range has not been researched,0,46.0,CITY OF SEATTLE - (WA)|CITY OF TACOMA - (WA),0.0,0.2707985792660235,Unknown/Not Researched
King,Bellevue,WA,98006.0,2018,TESLA,MODEL 3,Battery Electric Vehicle (BEV),Clean Alternative Fuel Vehicle Eligible,215,41.0,PUGET SOUND ENERGY INC||CITY OF TACOMA - (WA),0.7337883959044369,-1.3275420523756558,Long
King,Bothell,WA,98011.0,2022,TESLA,MODEL X,Battery Electric Vehicle (BEV),Eligibility unknown as battery range has not been researched,0,1.0,PUGET SOUND ENERGY INC||CITY OF TACOMA - (WA),0.0,-0.04886954706231235,Unknown/Not Researched
Clark,Vancouver,WA,98686.0,2023,JEEP,GRAND CHEROKEE,Plug-in Hybrid Electric Vehicle (PHEV),Not eligible due to low battery range,25,17.0,BONNEVILLE POWER ADMINISTRATION||PUD NO 1 OF CLARK COUNTY - (WA),0.08532423208191127,0.2707985792660235,Short
King,Seattle,WA,98119.0,2023,TESLA,MODEL S,Battery Electric Vehicle (BEV),Eligibility unknown as battery range has not been researched,0,36.0,CITY OF SEATTLE - (WA)|CITY OF TACOMA - (WA),0.0,0.2707985792660235,Unknown/Not Researched
Snohomish,Lake Stevens,WA,98258.0,2019,BMW,I3,Plug-in Hybrid Electric Vehicle (PHEV),Clean Alternative Fuel Vehicle Eligible,126,44.0,PUGET SOUND ENERGY INC,0.4300341296928328,-1.00787392604732,Medium
Kitsap,Bremerton,WA,98310.0,2025,MINI,COUNTRYMAN,Battery Electric Vehicle (BEV),Eligibility unknown as battery range has not been researched,0,23.0,PUGET SOUND ENERGY INC,0.0,0.9101348319226953,Unknown/Not Researched
King,Covington,WA,98042.0,2023,TESLA,MODEL Y,Battery Electric Vehicle (BEV),Eligibility unknown as battery range has not been researched,0,47.0,PUGET SOUND ENERGY INC||CITY OF TACOMA - (WA),0.0,0.2707985792660235,Unknown/Not Researched
Yakima,Yakima,WA,98902.0,2025,KIA,EV9,Battery Electric Vehicle (BEV),Eligibility unknown as battery range has not been researched,0,15.0,PACIFICORP,0.0,0.9101348319226953,Unknown/Not Researched
King,Bellevue,WA,98006.0,2023,TESLA,MODEL X,Battery Electric Vehicle (BEV),Eligibility unknown as battery range has not been researched,0,41.0,PUGET SOUND ENERGY INC||CITY OF TACOMA - (WA),0.0,0.2707985792660235,Unknown/Not Researched
King,Shoreline,WA,98133.0,2022,TESLA,MODEL 3,Battery Electric Vehicle (BEV),Eligibility unknown as battery range has not been researched,0,32.0,CITY OF SEATTLE - (WA)|CITY OF TACOMA - (WA),0.0,-0.04886954706231235,Unknown/Not Researched
Kitsap,Silverdale,WA,98383.0,2023,CHEVROLET,BOLT EUV,Battery Electric Vehicle (BEV),Eligibility unknown as battery range has not been researched,0,23.0,PUGET SOUND ENERGY INC,0.0,0.2707985792660235,Unknown/Not Researched
King,Seattle,WA,98122.0,2025,VOLVO,S60,Plug-in Hybrid Electric Vehicle (PHEV),Clean Alternative Fuel Vehicle Eligible,41,37.0,CITY OF SEATTLE - (WA)|CITY OF TACOMA - (WA),0.13993174061433447,0.9101348319226953,Short
King,Kirkland,WA,98033.0,2020,TESLA,MODEL X,Battery Electric Vehicle (BEV),Clean Alternative Fuel Vehicle Eligible,293,45.0,PUGET SOUND ENERGY INC||CITY OF TACOMA - (WA),1.0,-0.6882057997189841,Long
King,Seattle,WA,98134.0,2025,BMW,I5,Battery Electric Vehicle (BEV),Eligibility unknown as battery range has not been researched,0,37.0,CITY OF SEATTLE - (WA)|CITY OF TACOMA - (WA),0.0,0.9101348319226953,Unknown/Not Researched
King,Burien,WA,98166.0,2015,FIAT,500,Battery Electric Vehicle (BEV),Clean Alternative Fuel Vehicle Eligible,87,34.0,CITY OF SEATTLE - (WA)|CITY OF TACOMA - (WA),0.29692832764505117,-2.2865464313606636,Medium
King,Tukwila,WA,98168.0,2023,VOLKSWAGEN,ID.4,Battery Electric Vehicle (BEV),Eligibility unknown as battery range has not been researched,0,11.0,CITY OF SEATTLE - (WA)|CITY OF TACOMA - (WA),0.0,0.2707985792660235,Unknown/Not Researched
Cowlitz,Longview,WA,98632.0,2021,TESLA,MODEL Y,Battery Electric Vehicle (BEV),Eligibility unknown as battery range has not been researched,0,19.0,BONNEVILLE POWER ADMINISTRATION||PUD NO 1 OF COWLITZ COUNTY,0.0,-0.36853767339064825,Unknown/Not Researched
Clark,Camas,WA,98607.0,2024,JEEP,WRANGLER,Plug-in Hybrid Electric Vehicle (PHEV),Not eligible due to low battery range,21,18.0,BONNEVILLE POWER ADMINISTRATION||PUD NO 1 OF CLARK COUNTY - (WA),0.07167235494880546,0.5904667055943594,Short
King,Duvall,WA,98019.0,2021,VOLVO,XC90,Plug-in Hybrid Electric Vehicle (PHEV),Not eligible due to low battery range,18,45.0,PUGET SOUND ENERGY INC||CITY OF TACOMA - (WA),0.06143344709897611,-0.36853767339064825,Short
King,Federal Way,WA,98023.0,2025,KIA,EV6,Battery Electric Vehicle (BEV),Eligibility unknown as battery range has not been researched,0,30.0,PUGET SOUND ENERGY INC||CITY OF TACOMA - (WA),0.0,0.9101348319226953,Unknown/Not Researched
Clark,Ridgefield,WA,98642.0,2021,AUDI,Q5 E,Plug-in Hybrid Electric Vehicle (PHEV),Not eligible due to low battery range,18,18.0,BONNEVILLE POWER ADMINISTRATION||PUD NO 1 OF CLARK COUNTY - (WA),0.06143344709897611,-0.36853767339064825,Short
Clark,Vancouver,WA,98684.0,2018,KIA,NIRO,Plug-in Hybrid Electric Vehicle (PHEV),Not eligible due to low battery range,26,17.0,BONNEVILLE POWER ADMINISTRATION||PUD NO 1 OF CLARK COUNTY - (WA),0.08873720136518772,-1.3275420523756558,Short
King,Kirkland,WA,98033.0,2022,RIVIAN,R1S,Battery Electric Vehicle (BEV),Eligibility unknown as battery range has not been researched,0,48.0,PUGET SOUND ENERGY INC||CITY OF TACOMA - (WA),0.0,-0.04886954706231235,Unknown/Not Researched
King,Seattle,WA,98125.0,2023,KIA,NIRO,Battery Electric Vehicle (BEV),Eligibility unknown as battery range has not been researched,0,46.0,CITY OF SEATTLE - (WA)|CITY OF TACOMA - (WA),0.0,0.2707985792660235,Unknown/Not Researched
King,Bellevue,WA,98008.0,2016,NISSAN,LEAF,Battery Electric Vehicle (BEV),Clean Alternative Fuel Vehicle Eligible,84,48.0,PUGET SOUND ENERGY INC||CITY OF TACOMA - (WA),0.28668941979522183,-1.9668783050323277,Medium
King,Kent,WA,98030.0,2026,TESLA,MODEL Y,Battery Electric Vehicle (BEV),Eligibility unknown as battery range has not been researched,0,47.0,PUGET SOUND ENERGY INC||CITY OF TACOMA - (WA),0.0,1.2298029582510313,Unknown/Not Researched
King,Seattle,WA,98109.0,2023,HYUNDAI,IONIQ 5,Battery Electric Vehicle (BEV),Eligibility unknown as battery range has not been researched,0,36.0,CITY OF SEATTLE - (WA)|CITY OF TACOMA - (WA),0.0,0.2707985792660235,Unknown/Not Researched
King,Burien,WA,98146.0,2024,HONDA,PROLOGUE,Battery Electric Vehicle (BEV),Eligibility unknown as battery range has not been researched,0,34.0,CITY OF SEATTLE - (WA)|CITY OF TACOMA - (WA),0.0,0.5904667055943594,Unknown/Not Researched
King,Seattle,WA,98109.0,2022,VOLVO,XC60,Plug-in Hybrid Electric Vehicle (PHEV),Not eligible due to low battery range,18,36.0,CITY OF SEATTLE - (WA)|CITY OF TACOMA - (WA),0.06143344709897611,-0.04886954706231235,Short
King,North Bend,WA,98045.0,2015,TESLA,MODEL S,Battery Electric Vehicle (BEV),Clean Alternative Fuel Vehicle Eligible,208,5.0,PUGET SOUND ENERGY INC||CITY OF TACOMA - (WA),0.7098976109215017,-2.2865464313606636,Long
King,Kirkland,WA,98034.0,2022,TESLA,MODEL 3,Battery Electric Vehicle (BEV),Eligibility unknown as battery range has not been researched,0,45.0,PUGET SOUND ENERGY INC||CITY OF TACOMA - (WA),0.0,-0.04886954706231235,Unknown/Not Researched
Kitsap,Bainbridge Island,WA,98110.0,2021,PORSCHE,TAYCAN,Battery Electric Vehicle (BEV),Clean Alternative Fuel Vehicle Eligible,192,23.0,PUGET SOUND ENERGY INC,0.6552901023890785,-0.36853767339064825,Long
Snohomish,Lake Stevens,WA,98258.0,2014,FORD,FOCUS,Battery Electric Vehicle (BEV),Clean Alternative Fuel Vehicle Eligible,76,44.0,PUGET SOUND ENERGY INC,0.2593856655290102,-2.6062145576889995,Medium
Clark,Vancouver,WA,98682.0,2025,FORD,F-150,Battery Electric Vehicle (BEV),Eligibility unknown as battery range has not been researched,0,17.0,BONNEVILLE POWER ADMINISTRATION||PUD NO 1 OF CLARK COUNTY - (WA),0.0,0.9101348319226953,Unknown/Not Researched
Clark,Vancouver,WA,98684.0,2019,TESLA,MODEL 3,Battery Electric Vehicle (BEV),Clean Alternative Fuel Vehicle Eligible,220,17.0,BONNEVILLE POWER ADMINISTRATION||PUD NO 1 OF CLARK COUNTY - (WA),0.7508532423208191,-1.00787392604732,Long
King,Duvall,WA,98019.0,2022,TESLA,MODEL 3,Battery Electric Vehicle (BEV),Eligibility unknown as battery range has not been researched,0,45.0,PUGET SOUND ENERGY INC||CITY OF TACOMA - (WA),0.0,-0.04886954706231235,Unknown/Not Researched
King,Seattle,WA,98101.0,2023,TESLA,MODEL Y,Battery Electric Vehicle (BEV),Eligibility unknown as battery range has not been researched,0,43.0,CITY OF SEATTLE - (WA)|CITY OF TACOMA - (WA),0.0,0.2707985792660235,Unknown/Not Researched
Thurston,Olympia,WA,98506.0,2025,TESLA,MODEL 3,Battery Electric Vehicle (BEV),Eligibility unknown as battery range has not been researched,0,22.0,PUGET SOUND ENERGY INC,0.0,0.9101348319226953,Unknown/Not Researched
King,Kirkland,WA,98033.0,2022,RIVIAN,R1T,Battery Electric Vehicle (BEV),Eligibility unknown as battery range has not been researched,0,45.0,PUGET SOUND ENERGY INC||CITY OF TACOMA - (WA),0.0,-0.04886954706231235,Unknown/Not Researched
King,Seattle,WA,98177.0,2026,HYUNDAI,IONIQ 9,Battery Electric Vehicle (BEV),Eligibility unknown as battery range has not been researched,0,36.0,CITY OF SEATTLE - (WA)|CITY OF TACOMA - (WA),0.0,1.2298029582510313,Unknown/Not Researched
King,Seattle,WA,98116.0,2022,TESLA,MODEL S,Battery Electric Vehicle (BEV),Eligibility unknown as battery range has not been researched,0,34.0,CITY OF SEATTLE - (WA)|CITY OF TACOMA - (WA),0.0,-0.04886954706231235,Unknown/Not Researched
King,Redmond,WA,98052.0,2018,CHEVROLET,VOLT,Plug-in Hybrid Electric Vehicle (PHEV),Clean Alternative Fuel Vehicle Eligible,53,45.0,PUGET SOUND ENERGY INC||CITY OF TACOMA - (WA),0.18088737201365188,-1.3275420523756558,Medium
Snohomish,Snohomish,WA,98296.0,2018,TESLA,MODEL 3,Battery Electric Vehicle (BEV),Clean Alternative Fuel Vehicle Eligible,215,44.0,PUGET SOUND ENERGY INC,0.7337883959044369,-1.3275420523756558,Long
Clark,Vancouver,WA,98662.0,2024,TOYOTA,PRIUS PRIME (PHEV),Plug-in Hybrid Electric Vehicle (PHEV),Clean Alternative Fuel Vehicle Eligible,39,49.0,BONNEVILLE POWER ADMINISTRATION||PUD NO 1 OF CLARK COUNTY - (WA),0.13310580204778158,0.5904667055943594,Short
Snohomish,Mill Creek,WA,98012.0,2021,TESLA,MODEL Y,Battery Electric Vehicle (BEV),Eligibility unknown as battery range has not been researched,0,44.0,PUGET SOUND ENERGY INC,0.0,-0.36853767339064825,Unknown/Not Researched
King,Bellevue,WA,98006.0,2022,TESLA,MODEL Y,Battery Electric Vehicle (BEV),Eligibility unknown as battery range has not been researched,0,41.0,PUGET SOUND ENERGY INC||CITY OF TACOMA - (WA),0.0,-0.04886954706231235,Unknown/Not Researched
King,Seattle,WA,98116.0,2021,TESLA,MODEL Y,Battery Electric Vehicle (BEV),Eligibility unknown as battery range has not been researched,0,34.0,CITY OF SEATTLE - (WA)|CITY OF TACOMA - (WA),0.0,-0.36853767339064825,Unknown/Not Researched
King,Woodinville,WA,98072.0,2025,MERCEDES-BENZ,GLC-CLASS,Plug-in Hybrid Electric Vehicle (PHEV),Clean Alternative Fuel Vehicle Eligible,54,45.0,PUGET SOUND ENERGY INC||CITY OF TACOMA - (WA),0.18430034129692832,0.9101348319226953,Medium
Thurston,Tumwater,WA,98501.0,2016,FORD,FUSION,Plug-in Hybrid Electric Vehicle (PHEV),Not eligible due to low battery range,19,35.0,PUGET SOUND ENERGY INC,0.06484641638225255,-1.9668783050323277,Short
King,Bellevue,WA,98007.0,2021,CHRYSLER,PACIFICA,Plug-in Hybrid Electric Vehicle (PHEV),Clean Alternative Fuel Vehicle Eligible,32,48.0,PUGET SOUND ENERGY INC||CITY OF TACOMA - (WA),0.10921501706484642,-0.36853767339064825,Short
King,Bellevue,WA,98004.0,2024,RIVIAN,R1S,Battery Electric Vehicle (BEV),Eligibility unknown as battery range has not been researched,0,41.0,PUGET SOUND ENERGY INC||CITY OF TACOMA - (WA),0.0,0.5904667055943594,Unknown/Not Researched
King,Bellevue,WA,98008.0,2022,TESLA,MODEL X,Battery Electric Vehicle (BEV),Eligibility unknown as battery range has not been researched,0,48.0,PUGET SOUND ENERGY INC||CITY OF TACOMA - (WA),0.0,-0.04886954706231235,Unknown/Not Researched
King,Seattle,WA,98102.0,2015,FORD,C-MAX,Plug-in Hybrid Electric Vehicle (PHEV),Not eligible due to low battery range,19,43.0,CITY OF SEATTLE - (WA)|CITY OF TACOMA - (WA),0.06484641638225255,-2.2865464313606636,Short
King,Redmond,WA,98052.0,2021,NISSAN,LEAF,Battery Electric Vehicle (BEV),Eligibility unknown as battery range has not been researched,0,45.0,PUGET SOUND ENERGY INC||CITY OF TACOMA - (WA),0.0,-0.36853767339064825,Unknown/Not Researched
King,Beaux Arts,WA,98004.0,2023,RIVIAN,R1S,Battery Electric Vehicle (BEV),Eligibility unknown as battery range has not been researched,0,41.0,PUGET SOUND ENERGY INC||CITY OF TACOMA - (WA),0.0,0.2707985792660235,Unknown/Not Researched
King,Burien,WA,98146.0,2014,CHEVROLET,VOLT,Plug-in Hybrid Electric Vehicle (PHEV),Clean Alternative Fuel Vehicle Eligible,38,34.0,CITY OF SEATTLE - (WA)|CITY OF TACOMA - (WA),0.1296928327645051,-2.6062145576889995,Short
Clark,Vancouver,WA,98660.0,2021,TESLA,MODEL Y,Battery Electric Vehicle (BEV),Eligibility unknown as battery range has not been researched,0,49.0,BONNEVILLE POWER ADMINISTRATION||PUD NO 1 OF CLARK COUNTY - (WA),0.0,-0.36853767339064825,Unknown/Not Researched
King,Auburn,WA,98092.0,2023,TESLA,MODEL 3,Battery Electric Vehicle (BEV),Eligibility unknown as battery range has not been researched,0,47.0,PUGET SOUND ENERGY INC||CITY OF TACOMA - (WA),0.0,0.2707985792660235,Unknown/Not Researched
King,Federal Way,WA,98023.0,2023,TESLA,MODEL Y,Battery Electric Vehicle (BEV),Eligibility unknown as battery range has not been researched,0,30.0,PUGET SOUND ENERGY INC||CITY OF TACOMA - (WA),0.0,0.2707985792660235,Unknown/Not Researched
King,Redmond,WA,98052.0,2023,NISSAN,ARIYA HATCHBACK,Battery Electric Vehicle (BEV),Eligibility unknown as battery range has not been researched,0,48.0,PUGET SOUND ENERGY INC||CITY OF TACOMA - (WA),0.0,0.2707985792660235,Unknown/Not Researched
King,Kirkland,WA,98034.0,2023,CHEVROLET,BOLT EV,Battery Electric Vehicle (BEV),Eligibility unknown as battery range has not been researched,0,45.0,PUGET SOUND ENERGY INC||CITY OF TACOMA - (WA),0.0,0.2707985792660235,Unknown/Not Researched
King,Kirkland,WA,98034.0,2023,RIVIAN,R1T,Battery Electric Vehicle (BEV),Eligibility unknown as battery range has not been researched,0,45.0,PUGET SOUND ENERGY INC||CITY OF TACOMA - (WA),0.0,0.2707985792660235,Unknown/Not Researched
King,Kirkland,WA,98034.0,2016,TESLA,MODEL S,Battery Electric Vehicle (BEV),Clean Alternative Fuel Vehicle Eligible,210,1.0,PUGET SOUND ENERGY INC||CITY OF TACOMA - (WA),0.7167235494880546,-1.9668783050323277,Long
King,Seattle,WA,98122.0,2024,TESLA,MODEL 3,Battery Electric Vehicle (BEV),Eligibility unknown as battery range has not been researched,0,37.0,CITY OF SEATTLE - (WA)|CITY OF TACOMA - (WA),0.0,0.5904667055943594,Unknown/Not Researched
King,Seattle,WA,98101.0,2024,TESLA,MODEL 3,Battery Electric Vehicle (BEV),Eligibility unknown as battery range has not been researched,0,43.0,CITY OF SEATTLE - (WA)|CITY OF TACOMA - (WA),0.0,0.5904667055943594,Unknown/Not Researched
King,Kirkland,WA,98033.0,2020,KIA,NIRO,Battery Electric Vehicle (BEV),Clean Alternative Fuel Vehicle Eligible,239,45.0,PUGET SOUND ENERGY INC||CITY OF TACOMA - (WA),0.8156996587030717,-0.6882057997189841,Long
King,Kirkland,WA,98033.0,2026,TESLA,MODEL Y,Battery Electric Vehicle (BEV),Eligibility unknown as battery range has not been researched,0,45.0,PUGET SOUND ENERGY INC||CITY OF TACOMA - (WA),0.0,1.2298029582510313,Unknown/Not Researched
King,Seattle,WA,98133.0,2017,TOYOTA,PRIUS PRIME (PHEV),Plug-in Hybrid Electric Vehicle (PHEV),Not eligible due to low battery range,25,46.0,CITY OF SEATTLE - (WA)|CITY OF TACOMA - (WA),0.08532423208191127,-1.647210178703992,Short
King,Seattle,WA,98125.0,2024,NISSAN,ARIYA HATCHBACK,Battery Electric Vehicle (BEV),Eligibility unknown as battery range has not been researched,0,46.0,CITY OF SEATTLE - (WA)|CITY OF TACOMA - (WA),0.0,0.5904667055943594,Unknown/Not Researched
King,Bellevue,WA,98006.0,2017,CHEVROLET,VOLT,Plug-in Hybrid Electric Vehicle (PHEV),Clean Alternative Fuel Vehicle Eligible,53,41.0,PUGET SOUND ENERGY INC||CITY OF TACOMA - (WA),0.18088737201365188,-1.647210178703992,Medium
Clark,Battle Ground,WA,98604.0,2011,TH!NK,CITY,Battery Electric Vehicle (BEV),Clean Alternative Fuel Vehicle Eligible,100,18.0,BONNEVILLE POWER ADMINISTRATION||PUD NO 1 OF CLARK COUNTY - (WA),0.3412969283276451,-3.565218936674007,Medium
Thurston,Lacey,WA,98503.0,2018,KIA,OPTIMA,Plug-in Hybrid Electric Vehicle (PHEV),Not eligible due to low battery range,29,22.0,PUGET SOUND ENERGY INC,0.09897610921501707,-1.3275420523756558,Short
King,Bothell,WA,98011.0,2022,RIVIAN,R1T,Battery Electric Vehicle (BEV),Eligibility unknown as battery range has not been researched,0,1.0,PUGET SOUND ENERGY INC||CITY OF TACOMA - (WA),0.0,-0.04886954706231235,Unknown/Not Researched
King,Seattle,WA,98122.0,2017,TESLA,MODEL S,Battery Electric Vehicle (BEV),Clean Alternative Fuel Vehicle Eligible,210,37.0,CITY OF SEATTLE - (WA)|CITY OF TACOMA - (WA),0.7167235494880546,-1.647210178703992,Long
King,Seattle,WA,98125.0,2023,CHEVROLET,BOLT EV,Battery Electric Vehicle (BEV),Eligibility unknown as battery range has not been researched,0,46.0,CITY OF SEATTLE - (WA)|CITY OF TACOMA - (WA),0.0,0.2707985792660235,Unknown/Not Researched
King,Bellevue,WA,98007.0,2024,TESLA,MODEL 3,Battery Electric Vehicle (BEV),Eligibility unknown as battery range has not been researched,0,48.0,PUGET SOUND ENERGY INC||CITY OF TACOMA - (WA),0.0,0.5904667055943594,Unknown/Not Researched
King,Bothell,WA,98011.0,2023,HYUNDAI,SANTA FE,Plug-in Hybrid Electric Vehicle (PHEV),Clean Alternative Fuel Vehicle Eligible,30,1.0,PUGET SOUND ENERGY INC||CITY OF TACOMA - (WA),0.10238907849829351,0.2707985792660235,Short
King,Seattle,WA,98125.0,2025,VOLKSWAGEN,ID. BUZZ,Battery Electric Vehicle (BEV),Eligibility unknown as battery range has not been researched,0,46.0,CITY OF SEATTLE - (WA)|CITY OF TACOMA - (WA),0.0,0.9101348319226953,Unknown/Not Researched
Clark,Camas,WA,98607.0,2024,RIVIAN,R1S,Battery Electric Vehicle (BEV),Eligibility unknown as battery range has not been researched,0,18.0,BONNEVILLE POWER ADMINISTRATION||PUD NO 1 OF CLARK COUNTY - (WA),0.0,0.5904667055943594,Unknown/Not Researched
Clark,Vancouver,WA,98665.0,2025,LEXUS,NX,Plug-in Hybrid Electric Vehicle (PHEV),Clean Alternative Fuel Vehicle Eligible,37,49.0,BONNEVILLE POWER ADMINISTRATION||PUD NO 1 OF CLARK COUNTY - (WA),0.12627986348122866,0.9101348319226953,Short
King,Renton,WA,98055.0,2025,AUDI,Q6,Battery Electric Vehicle (BEV),Eligibility unknown as battery range has not been researched,0,33.0,PUGET SOUND ENERGY INC||CITY OF TACOMA - (WA),0.0,0.9101348319226953,Unknown/Not Researched
King,Redmond,WA,98052.0,2020,TESLA,MODEL 3,Battery Electric Vehicle (BEV),Clean Alternative Fuel Vehicle Eligible,266,45.0,PUGET SOUND ENERGY INC||CITY OF TACOMA - (WA),0.9078498293515358,-0.6882057997189841,Long
Clark,Battle Ground,WA,98604.0,2025,SUBARU,SOLTERRA,Battery Electric Vehicle (BEV),Eligibility unknown as battery range has not been researched,0,18.0,BONNEVILLE POWER ADMINISTRATION||PUD NO 1 OF CLARK COUNTY - (WA),0.0,0.9101348319226953,Unknown/Not Researched
King,Seattle,WA,98112.0,2018,TESLA,MODEL 3,Battery Electric Vehicle (BEV),Clean Alternative Fuel Vehicle Eligible,215,43.0,CITY OF SEATTLE - (WA)|CITY OF TACOMA - (WA),0.7337883959044369,-1.3275420523756558,Long
King,Bellevue,WA,98007.0,2026,TESLA,MODEL Y,Battery Electric Vehicle (BEV),Eligibility unknown as battery range has not been researched,0,48.0,PUGET SOUND ENERGY INC||CITY OF TACOMA - (WA),0.0,1.2298029582510313,Unknown/Not Researched
Snohomish,Snohomish,WA,98290.0,2024,FORD,F-150,Battery Electric Vehicle (BEV),Eligibility unknown as battery range has not been researched,0,44.0,PUGET SOUND ENERGY INC,0.0,0.5904667055943594,Unknown/Not Researched
King,Kent,WA,98030.0,2024,CADILLAC,LYRIQ,Battery Electric Vehicle (BEV),Eligibility unknown as battery range has not been researched,0,47.0,PUGET SOUND ENERGY INC||CITY OF TACOMA - (WA),0.0,0.5904667055943594,Unknown/Not Researched
King,Bothell,WA,98011.0,2024,GENESIS,GV60,Battery Electric Vehicle (BEV),Eligibility unknown as battery range has not been researched,0,1.0,PUGET SOUND ENERGY INC||CITY OF TACOMA - (WA),0.0,0.5904667055943594,Unknown/Not Researched
King,Bellevue,WA,98005.0,2024,TESLA,MODEL Y,Battery Electric Vehicle (BEV),Eligibility unknown as battery range has not been researched,0,48.0,PUGET SOUND ENERGY INC||CITY OF TACOMA - (WA),0.0,0.5904667055943594,Unknown/Not Researched
King,Bothell,WA,98011.0,2019,NISSAN,LEAF,Battery Electric Vehicle (BEV),Clean Alternative Fuel Vehicle Eligible,150,1.0,PUGET SOUND ENERGY INC||CITY OF TACOMA - (WA),0.5119453924914675,-1.00787392604732,Medium
King,Kirkland,WA,98033.0,2026,KIA,EV9,Battery Electric Vehicle (BEV),Eligibility unknown as battery range has not been researched,0,45.0,PUGET SOUND ENERGY INC||CITY OF TACOMA - (WA),0.0,1.2298029582510313,Unknown/Not Researched
Snohomish,Lake Stevens,WA,98258.0,2021,TESLA,MODEL Y,Battery Electric Vehicle (BEV),Eligibility unknown as battery range has not been researched,0,44.0,PUGET SOUND ENERGY INC,0.0,-0.36853767339064825,Unknown/Not Researched
Thurston,Olympia,WA,98512.0,2025,TOYOTA,RAV4 PRIME (PHEV),Plug-in Hybrid Electric Vehicle (PHEV),Clean Alternative Fuel Vehicle Eligible,42,35.0,PUGET SOUND ENERGY INC,0.14334470989761092,0.9101348319226953,Short
King,Shoreline,WA,98133.0,2025,TESLA,MODEL Y,Battery Electric Vehicle (BEV),Eligibility unknown as battery range has not been researched,0,32.0,CITY OF SEATTLE - (WA)|CITY OF TACOMA - (WA),0.0,0.9101348319226953,Unknown/Not Researched
King,Seattle,WA,98125.0,2024,CHEVROLET,BLAZER,Battery Electric Vehicle (BEV),Eligibility unknown as battery range has not been researched,0,46.0,CITY OF SEATTLE - (WA)|CITY OF TACOMA - (WA),0.0,0.5904667055943594,Unknown/Not Researched
King,Redmond,WA,98052.0,2021,TESLA,MODEL Y,Battery Electric Vehicle (BEV),Eligibility unknown as battery range has not been researched,0,45.0,PUGET SOUND ENERGY INC||CITY OF TACOMA - (WA),0.0,-0.36853767339064825,Unknown/Not Researched
Clark,Vancouver,WA,98683.0,2025,TESLA,MODEL 3,Battery Electric Vehicle (BEV),Eligibility unknown as battery range has not been researched,0,18.0,BONNEVILLE POWER ADMINISTRATION||PUD NO 1 OF CLARK COUNTY - (WA),0.0,0.9101348319226953,Unknown/Not Researched
King,Redmond,WA,98052.0,2025,CHEVROLET,EQUINOX,Battery Electric Vehicle (BEV),Eligibility unknown as battery range has not been researched,0,48.0,PUGET SOUND ENERGY INC||CITY OF TACOMA - (WA),0.0,0.9101348319226953,Unknown/Not Researched
King,Kent,WA,98032.0,2025,FORD,MUSTANG MACH-E,Battery Electric Vehicle (BEV),Eligibility unknown as battery range has not been researched,0,33.0,PUGET SOUND ENERGY INC||CITY OF TACOMA - (WA),0.0,0.9101348319226953,Unknown/Not Researched
Kitsap,Silverdale,WA,98383.0,2023,KIA,SORENTO,Plug-in Hybrid Electric Vehicle (PHEV),Clean Alternative Fuel Vehicle Eligible,32,23.0,PUGET SOUND ENERGY INC,0.10921501706484642,0.2707985792660235,Short
King,Kirkland,WA,98034.0,2022,CHRYSLER,PACIFICA,Plug-in Hybrid Electric Vehicle (PHEV),Clean Alternative Fuel Vehicle Eligible,32,45.0,PUGET SOUND ENERGY INC||CITY OF TACOMA - (WA),0.10921501706484642,-0.04886954706231235,Short
Thurston,Tumwater,WA,98512.0,2023,KIA,EV6,Battery Electric Vehicle (BEV),Eligibility unknown as battery range has not been researched,0,22.0,PUGET SOUND ENERGY INC,0.0,0.2707985792660235,Unknown/Not Researched
King,Bothell,WA,98011.0,2021,VOLKSWAGEN,ID.4,Battery Electric Vehicle (BEV),Eligibility unknown as battery range has not been researched,0,1.0,PUGET SOUND ENERGY INC||CITY OF TACOMA - (WA),0.0,-0.36853767339064825,Unknown/Not Researched
King,Auburn,WA,98092.0,2018,TESLA,MODEL 3,Battery Electric Vehicle (BEV),Clean Alternative Fuel Vehicle Eligible,215,47.0,PUGET SOUND ENERGY INC||CITY OF TACOMA - (WA),0.7337883959044369,-1.3275420523756558,Long
King,Burien,WA,98166.0,2026,KIA,SORENTO,Plug-in Hybrid Electric Vehicle (PHEV),Clean Alternative Fuel Vehicle Eligible,30,34.0,PUGET SOUND ENERGY INC||CITY OF TACOMA - (WA),0.10238907849829351,1.2298029582510313,Short
King,Kirkland,WA,98034.0,2021,TESLA,MODEL 3,Battery Electric Vehicle (BEV),Eligibility unknown as battery range has not been researched,0,1.0,PUGET SOUND ENERGY INC||CITY OF TACOMA - (WA),0.0,-0.36853767339064825,Unknown/Not Researched
Snohomish,Monroe,WA,98272.0,2024,TESLA,CYBERTRUCK,Battery Electric Vehicle (BEV),Eligibility unknown as battery range has not been researched,0,39.0,PUGET SOUND ENERGY INC,0.0,0.5904667055943594,Unknown/Not Researched
King,Bellevue,WA,98005.0,2026,TESLA,MODEL Y,Battery Electric Vehicle (BEV),Eligibility unknown as battery range has not been researched,0,48.0,PUGET SOUND ENERGY INC||CITY OF TACOMA - (WA),0.0,1.2298029582510313,Unknown/Not Researched
Kitsap,Bainbridge Island,WA,98110.0,2025,VOLKSWAGEN,ID.4,Battery Electric Vehicle (BEV),Eligibility unknown as battery range has not been researched,0,23.0,PUGET SOUND ENERGY INC,0.0,0.9101348319226953,Unknown/Not Researched
King,Bellevue,WA,98004.0,2026,TESLA,MODEL X,Battery Electric Vehicle (BEV),Eligibility unknown as battery range has not been researched,0,41.0,PUGET SOUND ENERGY INC||CITY OF TACOMA - (WA),0.0,1.2298029582510313,Unknown/Not Researched
Kitsap,Poulsbo,WA,98370.0,2024,HYUNDAI,IONIQ 5,Battery Electric Vehicle (BEV),Eligibility unknown as battery range has not been researched,0,23.0,PUGET SOUND ENERGY INC,0.0,0.5904667055943594,Unknown/Not Researched
King,Bothell,WA,98011.0,2023,TESLA,MODEL Y,Battery Electric Vehicle (BEV),Eligibility unknown as battery range has not been researched,0,1.0,PUGET SOUND ENERGY INC||CITY OF TACOMA - (WA),0.0,0.2707985792660235,Unknown/Not Researched
King,Seattle,WA,98125.0,2024,TESLA,MODEL Y,Battery Electric Vehicle (BEV),Eligibility unknown as battery range has not been researched,0,46.0,CITY OF SEATTLE - (WA)|CITY OF TACOMA - (WA),0.0,0.5904667055943594,Unknown/Not Researched
King,Seattle,WA,98112.0,2024,KIA,EV9,Battery Electric Vehicle (BEV),Eligibility unknown as battery range has not been researched,0,43.0,CITY OF SEATTLE - (WA)|CITY OF TACOMA - (WA),0.0,0.5904667055943594,Unknown/Not Researched
King,Kirkland,WA,98033.0,2023,TESLA,MODEL S,Battery Electric Vehicle (BEV),Eligibility unknown as battery range has not been researched,0,48.0,PUGET SOUND ENERGY INC||CITY OF TACOMA - (WA),0.0,0.2707985792660235,Unknown/Not Researched
King,Tukwila,WA,98168.0,2025,MITSUBISHI,OUTLANDER,Plug-in Hybrid Electric Vehicle (PHEV),Clean Alternative Fuel Vehicle Eligible,38,11.0,CITY OF SEATTLE - (WA)|CITY OF TACOMA - (WA),0.1296928327645051,0.9101348319226953,Short
King,Seattle,WA,98104.0,2020,TESLA,MODEL 3,Battery Electric Vehicle (BEV),Clean Alternative Fuel Vehicle Eligible,266,43.0,CITY OF SEATTLE - (WA)|CITY OF TACOMA - (WA),0.9078498293515358,-0.6882057997189841,Long
King,Bellevue,WA,98006.0,2022,TESLA,MODEL Y,Battery Electric Vehicle (BEV),Eligibility unknown as battery range has not been researched,0,41.0,PUGET SOUND ENERGY INC||CITY OF TACOMA - (WA),0.0,-0.04886954706231235,Unknown/Not Researched
Clark,Vancouver,WA,98662.0,2013,NISSAN,LEAF,Battery Electric Vehicle (BEV),Clean Alternative Fuel Vehicle Eligible,75,17.0,BONNEVILLE POWER ADMINISTRATION||PUD NO 1 OF CLARK COUNTY - (WA),0.25597269624573377,-2.9258826840173353,Medium
King,Kirkland,WA,98034.0,2019,AUDI,E-TRON,Battery Electric Vehicle (BEV),Clean Alternative Fuel Vehicle Eligible,204,45.0,PUGET SOUND ENERGY INC||CITY OF TACOMA - (WA),0.6962457337883959,-1.00787392604732,Long
Clark,Vancouver,WA,98662.0,2022,TESLA,MODEL 3,Battery Electric Vehicle (BEV),Eligibility unknown as battery range has not been researched,0,17.0,BONNEVILLE POWER ADMINISTRATION||PUD NO 1 OF CLARK COUNTY - (WA),0.0,-0.04886954706231235,Unknown/Not Researched
King,Bellevue,WA,98006.0,2023,CHEVROLET,BOLT EUV,Battery Electric Vehicle (BEV),Eligibility unknown as battery range has not been researched,0,41.0,PUGET SOUND ENERGY INC||CITY OF TACOMA - (WA),0.0,0.2707985792660235,Unknown/Not Researched
King,Covington,WA,98042.0,2016,KIA,SOUL,Battery Electric Vehicle (BEV),Clean Alternative Fuel Vehicle Eligible,93,47.0,PUGET SOUND ENERGY INC||CITY OF TACOMA - (WA),0.3174061433447099,-1.9668783050323277,Medium
King,Seattle,WA,98125.0,2026,HYUNDAI,IONIQ 5,Battery Electric Vehicle (BEV),Eligibility unknown as battery range has not been researched,0,46.0,CITY OF SEATTLE - (WA)|CITY OF TACOMA - (WA),0.0,1.2298029582510313,Unknown/Not Researched
King,Seattle,WA,98115.0,2021,TESLA,MODEL Y,Battery Electric Vehicle (BEV),Eligibility unknown as battery range has not been researched,0,43.0,CITY OF SEATTLE - (WA)|CITY OF TACOMA - (WA),0.0,-0.36853767339064825,Unknown/Not Researched
King,Kirkland,WA,98034.0,2014,MERCEDES-BENZ,B-CLASS,Battery Electric Vehicle (BEV),Clean Alternative Fuel Vehicle Eligible,87,45.0,PUGET SOUND ENERGY INC||CITY OF TACOMA - (WA),0.29692832764505117,-2.6062145576889995,Medium
King,Sammamish,WA,98074.0,2022,AUDI,E-TRON,Battery Electric Vehicle (BEV),Eligibility unknown as battery range has not been researched,0,45.0,PUGET SOUND ENERGY INC||CITY OF TACOMA - (WA),0.0,-0.04886954706231235,Unknown/Not Researched
Cowlitz,Longview,WA,98632.0,2021,TESLA,MODEL Y,Battery Electric Vehicle (BEV),Eligibility unknown as battery range has not been researched,0,19.0,BONNEVILLE POWER ADMINISTRATION||PUD NO 1 OF COWLITZ COUNTY,0.0,-0.36853767339064825,Unknown/Not Researched
Snohomish,Bothell,WA,98012.0,2018,TESLA,MODEL S,Battery Electric Vehicle (BEV),Clean Alternative Fuel Vehicle Eligible,249,1.0,PUGET SOUND ENERGY INC,0.8498293515358362,-1.3275420523756558,Long
King,Bellevue,WA,98008.0,2023,TOYOTA,BZ4X,Battery Electric Vehicle (BEV),Eligibility unknown as battery range has not been researched,0,48.0,PUGET SOUND ENERGY INC||CITY OF TACOMA - (WA),0.0,0.2707985792660235,Unknown/Not Researched
King,Bellevue,WA,98004.0,2025,VOLVO,EX30,Battery Electric Vehicle (BEV),Eligibility unknown as battery range has not been researched,0,41.0,PUGET SOUND ENERGY INC||CITY OF TACOMA - (WA),0.0,0.9101348319226953,Unknown/Not Researched
King,Burien,WA,98166.0,2018,BMW,X5,Plug-in Hybrid Electric Vehicle (PHEV),Not eligible due to low battery range,13,34.0,PUGET SOUND ENERGY INC||CITY OF TACOMA - (WA),0.04436860068259386,-1.3275420523756558,Short
King,Bellevue,WA,98004.0,2021,TESLA,MODEL Y,Battery Electric Vehicle (BEV),Eligibility unknown as battery range has not been researched,0,48.0,PUGET SOUND ENERGY INC||CITY OF TACOMA - (WA),0.0,-0.36853767339064825,Unknown/Not Researched
King,Kirkland,WA,98033.0,2017,TESLA,MODEL S,Battery Electric Vehicle (BEV),Clean Alternative Fuel Vehicle Eligible,210,48.0,PUGET SOUND ENERGY INC||CITY OF TACOMA - (WA),0.7167235494880546,-1.647210178703992,Long
King,Kent,WA,98031.0,2023,TOYOTA,BZ4X,Battery Electric Vehicle (BEV),Eligibility unknown as battery range has not been researched,0,47.0,PUGET SOUND ENERGY INC||CITY OF TACOMA - (WA),0.0,0.2707985792660235,Unknown/Not Researched
Clark,Vancouver,WA,98684.0,2024,LEXUS,NX,Plug-in Hybrid Electric Vehicle (PHEV),Clean Alternative Fuel Vehicle Eligible,37,17.0,BONNEVILLE POWER ADMINISTRATION||PUD NO 1 OF CLARK COUNTY - (WA),0.12627986348122866,0.5904667055943594,Short
Jefferson,Port Townsend,WA,98368.0,2020,PORSCHE,CAYENNE,Plug-in Hybrid Electric Vehicle (PHEV),Not eligible due to low battery range,14,24.0,BONNEVILLE POWER ADMINISTRATION||PUGET SOUND ENERGY INC||PUD NO 1 OF JEFFERSON COUNTY,0.04778156996587031,-0.6882057997189841,Short
King,Sammamish,WA,98075.0,2023,RIVIAN,R1S,Battery Electric Vehicle (BEV),Eligibility unknown as battery range has not been researched,0,41.0,PUGET SOUND ENERGY INC||CITY OF TACOMA - (WA),0.0,0.2707985792660235,Unknown/Not Researched
King,Kirkland,WA,98033.0,2022,PORSCHE,TAYCAN,Battery Electric Vehicle (BEV),Eligibility unknown as battery range has not been researched,0,48.0,PUGET SOUND ENERGY INC||CITY OF TACOMA - (WA),0.0,-0.04886954706231235,Unknown/Not Researched
King,Seattle,WA,98109.0,2026,TESLA,MODEL Y,Battery Electric Vehicle (BEV),Eligibility unknown as battery range has not been researched,0,36.0,CITY OF SEATTLE - (WA)|CITY OF TACOMA - (WA),0.0,1.2298029582510313,Unknown/Not Researched
King,Seattle,WA,98133.0,2022,JEEP,GRAND CHEROKEE,Plug-in Hybrid Electric Vehicle (PHEV),Not eligible due to low battery range,25,46.0,CITY OF SEATTLE - (WA)|CITY OF TACOMA - (WA),0.08532423208191127,-0.04886954706231235,Short
King,Seattle,WA,98125.0,2017,KIA,SOUL,Battery Electric Vehicle (BEV),Clean Alternative Fuel Vehicle Eligible,93,46.0,CITY OF SEATTLE - (WA)|CITY OF TACOMA - (WA),0.3174061433447099,-1.647210178703992,Medium
King,Shoreline,WA,98177.0,2024,KIA,EV9,Battery Electric Vehicle (BEV),Eligibility unknown as battery range has not been researched,0,32.0,CITY OF SEATTLE - (WA)|CITY OF TACOMA - (WA),0.0,0.5904667055943594,Unknown/Not Researched
King,Seattle,WA,98146.0,2024,FORD,MUSTANG MACH-E,Battery Electric Vehicle (BEV),Eligibility unknown as battery range has not been researched,0,34.0,CITY OF SEATTLE - (WA)|CITY OF TACOMA - (WA),0.0,0.5904667055943594,Unknown/Not Researched
King,Seattle,WA,98112.0,2023,VOLVO,XC40,Battery Electric Vehicle (BEV),Eligibility unknown as battery range has not been researched,0,43.0,CITY OF SEATTLE - (WA)|CITY OF TACOMA - (WA),0.0,0.2707985792660235,Unknown/Not Researched
King,Kirkland,WA,98034.0,2015,NISSAN,LEAF,Battery Electric Vehicle (BEV),Clean Alternative Fuel Vehicle Eligible,84,45.0,PUGET SOUND ENERGY INC||CITY OF TACOMA - (WA),0.28668941979522183,-2.2865464313606636,Medium
King,Shoreline,WA,98177.0,2022,TESLA,MODEL Y,Battery Electric Vehicle (BEV),Eligibility unknown as battery range has not been researched,0,32.0,CITY OF SEATTLE - (WA)|CITY OF TACOMA - (WA),0.0,-0.04886954706231235,Unknown/Not Researched
King,Redmond,WA,98052.0,2025,NISSAN,ARIYA MPV,Battery Electric Vehicle (BEV),Eligibility unknown as battery range has not been researched,0,45.0,PUGET SOUND ENERGY INC||CITY OF TACOMA - (WA),0.0,0.9101348319226953,Unknown/Not Researched
King,Renton,WA,98058.0,2022,TESLA,MODEL Y,Battery Electric Vehicle (BEV),Eligibility unknown as battery range has not been researched,0,11.0,PUGET SOUND ENERGY INC||CITY OF TACOMA - (WA),0.0,-0.04886954706231235,Unknown/Not Researched
King,Seattle,WA,98122.0,2022,KIA,EV6,Battery Electric Vehicle (BEV),Eligibility unknown as battery range has not been researched,0,37.0,CITY OF SEATTLE - (WA)|CITY OF TACOMA - (WA),0.0,-0.04886954706231235,Unknown/Not Researched
King,Bellevue,WA,98004.0,2023,TESLA,MODEL 3,Battery Electric Vehicle (BEV),Eligibility unknown as battery range has not been researched,0,48.0,PUGET SOUND ENERGY INC||CITY OF TACOMA - (WA),0.0,0.2707985792660235,Unknown/Not Researched
King,Seattle,WA,98125.0,2023,HYUNDAI,KONA,Battery Electric Vehicle (BEV),Eligibility unknown as battery range has not been researched,0,46.0,CITY OF SEATTLE - (WA)|CITY OF TACOMA - (WA),0.0,0.2707985792660235,Unknown/Not Researched
Clark,Vancouver,WA,98664.0,2022,LEXUS,NX,Plug-in Hybrid Electric Vehicle (PHEV),Clean Alternative Fuel Vehicle Eligible,37,49.0,BONNEVILLE POWER ADMINISTRATION||PUD NO 1 OF CLARK COUNTY - (WA),0.12627986348122866,-0.04886954706231235,Short
Clark,Brush Prairie,WA,98606.0,2024,TOYOTA,PRIUS PRIME (PHEV),Plug-in Hybrid Electric Vehicle (PHEV),Clean Alternative Fuel Vehicle Eligible,39,18.0,BONNEVILLE POWER ADMINISTRATION||PUD NO 1 OF CLARK COUNTY - (WA),0.13310580204778158,0.5904667055943594,Short
King,Sammamish,WA,98075.0,2023,TESLA,MODEL X,Battery Electric Vehicle (BEV),Eligibility unknown as battery range has not been researched,0,41.0,PUGET SOUND ENERGY INC||CITY OF TACOMA - (WA),0.0,0.2707985792660235,Unknown/Not Researched
King,Kirkland,WA,98033.0,2022,TESLA,MODEL Y,Battery Electric Vehicle (BEV),Eligibility unknown as battery range has not been researched,0,45.0,PUGET SOUND ENERGY INC||CITY OF TACOMA - (WA),0.0,-0.04886954706231235,Unknown/Not Researched
Clark,Camas,WA,98607.0,2024,TOYOTA,RAV4 PRIME (PHEV),Plug-in Hybrid Electric Vehicle (PHEV),Clean Alternative Fuel Vehicle Eligible,42,18.0,BONNEVILLE POWER ADMINISTRATION||PUD NO 1 OF CLARK COUNTY - (WA),0.14334470989761092,0.5904667055943594,Short
Clark,Camas,WA,98607.0,2022,TESLA,MODEL Y,Battery Electric Vehicle (BEV),Eligibility unknown as battery range has not been researched,0,18.0,BONNEVILLE POWER ADMINISTRATION||PUD NO 1 OF CLARK COUNTY - (WA),0.0,-0.04886954706231235,Unknown/Not Researched
King,Bellevue,WA,98004.0,2023,TESLA,MODEL Y,Battery Electric Vehicle (BEV),Eligibility unknown as battery range has not been researched,0,41.0,PUGET SOUND ENERGY INC||CITY OF TACOMA - (WA),0.0,0.2707985792660235,Unknown/Not Researched
King,Seattle,WA,98119.0,2024,HYUNDAI,TUCSON,Plug-in Hybrid Electric Vehicle (PHEV),Clean Alternative Fuel Vehicle Eligible,33,36.0,CITY OF SEATTLE - (WA)|CITY OF TACOMA - (WA),0.11262798634812286,0.5904667055943594,Short
King,Seattle,WA,98101.0,2023,VOLKSWAGEN,ID.4,Battery Electric Vehicle (BEV),Eligibility unknown as battery range has not been researched,0,43.0,CITY OF SEATTLE - (WA)|CITY OF TACOMA - (WA),0.0,0.2707985792660235,Unknown/Not Researched
Clark,Vancouver,WA,98682.0,2014,TESLA,MODEL S,Battery Electric Vehicle (BEV),Clean Alternative Fuel Vehicle Eligible,208,17.0,BONNEVILLE POWER ADMINISTRATION||PUD NO 1 OF CLARK COUNTY - (WA),0.7098976109215017,-2.6062145576889995,Long
King,Sammamish,WA,98075.0,2024,JEEP,WRANGLER,Plug-in Hybrid Electric Vehicle (PHEV),Not eligible due to low battery range,21,41.0,PUGET SOUND ENERGY INC||CITY OF TACOMA - (WA),0.07167235494880546,0.5904667055943594,Short
King,Seattle,WA,98125.0,2026,HYUNDAI,IONIQ 9,Battery Electric Vehicle (BEV),Eligibility unknown as battery range has not been researched,0,46.0,CITY OF SEATTLE - (WA)|CITY OF TACOMA - (WA),0.0,1.2298029582510313,Unknown/Not Researched
King,Seattle,WA,98133.0,2026,TESLA,MODEL Y,Battery Electric Vehicle (BEV),Eligibility unknown as battery range has not been researched,0,32.0,CITY OF SEATTLE - (WA)|CITY OF TACOMA - (WA),0.0,1.2298029582510313,Unknown/Not Researched
King,Bellevue,WA,98004.0,2023,TESLA,MODEL Y,Battery Electric Vehicle (BEV),Eligibility unknown as battery range has not been researched,0,41.0,PUGET SOUND ENERGY INC||CITY OF TACOMA - (WA),0.0,0.2707985792660235,Unknown/Not Researched
King,Kirkland,WA,98034.0,2020,CHEVROLET,BOLT EV,Battery Electric Vehicle (BEV),Clean Alternative Fuel Vehicle Eligible,259,45.0,PUGET SOUND ENERGY INC||CITY OF TACOMA - (WA),0.8839590443686007,-0.6882057997189841,Long
King,Bellevue,WA,98008.0,2023,TESLA,MODEL X,Battery Electric Vehicle (BEV),Eligibility unknown as battery range has not been researched,0,48.0,PUGET SOUND ENERGY INC||CITY OF TACOMA - (WA),0.0,0.2707985792660235,Unknown/Not Researched
Jefferson,Nordland,WA,98358.0,2018,TESLA,MODEL S,Battery Electric Vehicle (BEV),Clean Alternative Fuel Vehicle Eligible,249,24.0,BONNEVILLE POWER ADMINISTRATION||PUGET SOUND ENERGY INC||PUD NO 1 OF JEFFERSON COUNTY,0.8498293515358362,-1.3275420523756558,Long
King,Bellevue,WA,98007.0,2024,TESLA,MODEL Y,Battery Electric Vehicle (BEV),Eligibility unknown as battery range has not been researched,0,48.0,PUGET SOUND ENERGY INC||CITY OF TACOMA - (WA),0.0,0.5904667055943594,Unknown/Not Researched
King,Renton,WA,98055.0,2026,KIA,SORENTO,Plug-in Hybrid Electric Vehicle (PHEV),Clean Alternative Fuel Vehicle Eligible,30,11.0,PUGET SOUND ENERGY INC||CITY OF TACOMA - (WA),0.10238907849829351,1.2298029582510313,Short
Cowlitz,Woodland,WA,98674.0,2021,TESLA,MODEL Y,Battery Electric Vehicle (BEV),Eligibility unknown as battery range has not been researched,0,20.0,BONNEVILLE POWER ADMINISTRATION||PUD NO 1 OF COWLITZ COUNTY,0.0,-0.36853767339064825,Unknown/Not Researched
Kitsap,Bainbridge Island,WA,98110.0,2025,VOLVO,EX90,Battery Electric Vehicle (BEV),Eligibility unknown as battery range has not been researched,0,23.0,PUGET SOUND ENERGY INC,0.0,0.9101348319226953,Unknown/Not Researched
Kitsap,Bainbridge Island,WA,98110.0,2012,CHEVROLET,VOLT,Plug-in Hybrid Electric Vehicle (PHEV),Clean Alternative Fuel Vehicle Eligible,35,23.0,PUGET SOUND ENERGY INC,0.11945392491467577,-3.245550810345671,Short
King,Kirkland,WA,98034.0,2023,CHEVROLET,BOLT EUV,Battery Electric Vehicle (BEV),Eligibility unknown as battery range has not been researched,0,45.0,PUGET SOUND ENERGY INC||CITY OF TACOMA - (WA),0.0,0.2707985792660235,Unknown/Not Researched
King,Seattle,WA,98178.0,2023,CHRYSLER,PACIFICA,Plug-in Hybrid Electric Vehicle (PHEV),Clean Alternative Fuel Vehicle Eligible,32,37.0,CITY OF SEATTLE - (WA)|CITY OF TACOMA - (WA),0.10921501706484642,0.2707985792660235,Short
King,Kirkland,WA,98033.0,2023,MERCEDES-BENZ,EQB-CLASS,Battery Electric Vehicle (BEV),Eligibility unknown as battery range has not been researched,0,45.0,PUGET SOUND ENERGY INC||CITY OF TACOMA - (WA),0.0,0.2707985792660235,Unknown/Not Researched
King,Auburn,WA,98092.0,2023,TESLA,MODEL 3,Battery Electric Vehicle (BEV),Eligibility unknown as battery range has not been researched,0,47.0,PUGET SOUND ENERGY INC||CITY OF TACOMA - (WA),0.0,0.2707985792660235,Unknown/Not Researched
Kitsap,Poulsbo,WA,98370.0,2023,TOYOTA,RAV4 PRIME (PHEV),Plug-in Hybrid Electric Vehicle (PHEV),Clean Alternative Fuel Vehicle Eligible,42,23.0,PUGET SOUND ENERGY INC,0.14334470989761092,0.2707985792660235,Short
King,Auburn,WA,98092.0,2025,NISSAN,ARIYA MPV,Battery Electric Vehicle (BEV),Eligibility unknown as battery range has not been researched,0,47.0,PUGET SOUND ENERGY INC||CITY OF TACOMA - (WA),0.0,0.9101348319226953,Unknown/Not Researched
King,Redmond,WA,98052.0,2022,TESLA,MODEL 3,Battery Electric Vehicle (BEV),Eligibility unknown as battery range has not been researched,0,48.0,PUGET SOUND ENERGY INC||CITY OF TACOMA - (WA),0.0,-0.04886954706231235,Unknown/Not Researched
King,Seattle,WA,98125.0,2018,TESLA,MODEL S,Battery Electric Vehicle (BEV),Clean Alternative Fuel Vehicle Eligible,249,46.0,CITY OF SEATTLE - (WA)|CITY OF TACOMA - (WA),0.8498293515358362,-1.3275420523756558,Long
Thurston,Olympia,WA,98501.0,2025,FORD,F-150,Battery Electric Vehicle (BEV),Eligibility unknown as battery range has not been researched,0,22.0,PUGET SOUND ENERGY INC,0.0,0.9101348319226953,Unknown/Not Researched
Yakima,Yakima,WA,98903.0,2013,FORD,C-MAX,Plug-in Hybrid Electric Vehicle (PHEV),Not eligible due to low battery range,19,14.0,PACIFICORP,0.06484641638225255,-2.9258826840173353,Short
Kitsap,Bainbridge Island,WA,98110.0,2026,CHEVROLET,EQUINOX,Battery Electric Vehicle (BEV),Eligibility unknown as battery range has not been researched,0,23.0,PUGET SOUND ENERGY INC,0.0,1.2298029582510313,Unknown/Not Researched
Snohomish,Everett,WA,98204.0,2021,CHRYSLER,PACIFICA,Plug-in Hybrid Electric Vehicle (PHEV),Clean Alternative Fuel Vehicle Eligible,32,21.0,PUGET SOUND ENERGY INC,0.10921501706484642,-0.36853767339064825,Short
Kitsap,Port Orchard,WA,98367.0,2019,CHEVROLET,BOLT EV,Battery Electric Vehicle (BEV),Clean Alternative Fuel Vehicle Eligible,238,26.0,PUGET SOUND ENERGY INC,0.8122866894197952,-1.00787392604732,Long
King,Bellevue,WA,98004.0,2024,TESLA,MODEL Y,Battery Electric Vehicle (BEV),Eligibility unknown as battery range has not been researched,0,41.0,PUGET SOUND ENERGY INC||CITY OF TACOMA - (WA),0.0,0.5904667055943594,Unknown/Not Researched
King,Kirkland,WA,98033.0,2024,MAZDA,CX-90,Plug-in Hybrid Electric Vehicle (PHEV),Not eligible due to low battery range,26,45.0,PUGET SOUND ENERGY INC||CITY OF TACOMA - (WA),0.08873720136518772,0.5904667055943594,Short
King,Seattle,WA,98122.0,2023,NISSAN,ARIYA HATCHBACK,Battery Electric Vehicle (BEV),Eligibility unknown as battery range has not been researched,0,43.0,CITY OF SEATTLE - (WA)|CITY OF TACOMA - (WA),0.0,0.2707985792660235,Unknown/Not Researched
Clark,Vancouver,WA,98683.0,2022,KIA,NIRO,Battery Electric Vehicle (BEV),Eligibility unknown as battery range has not been researched,0,17.0,BONNEVILLE POWER ADMINISTRATION||PUD NO 1 OF CLARK COUNTY - (WA),0.0,-0.04886954706231235,Unknown/Not Researched
King,Bellevue,WA,98007.0,2018,TESLA,MODEL 3,Battery Electric Vehicle (BEV),Clean Alternative Fuel Vehicle Eligible,215,48.0,PUGET SOUND ENERGY INC||CITY OF TACOMA - (WA),0.7337883959044369,-1.3275420523756558,Long
King,Shoreline,WA,98177.0,2022,BMW,I4,Battery Electric Vehicle (BEV),Eligibility unknown as battery range has not been researched,0,32.0,CITY OF SEATTLE - (WA)|CITY OF TACOMA - (WA),0.0,-0.04886954706231235,Unknown/Not Researched
Yakima,Sunnyside,WA,98944.0,2013,NISSAN,LEAF,Battery Electric Vehicle (BEV),Clean Alternative Fuel Vehicle Eligible,75,15.0,BONNEVILLE POWER ADMINISTRATION||PACIFICORP||BENTON RURAL ELECTRIC ASSN,0.25597269624573377,-2.9258826840173353,Medium
King,Redmond,WA,98052.0,2023,BMW,X5,Plug-in Hybrid Electric Vehicle (PHEV),Clean Alternative Fuel Vehicle Eligible,30,48.0,PUGET SOUND ENERGY INC||CITY OF TACOMA - (WA),0.10238907849829351,0.2707985792660235,Short
Kitsap,Seabeck,WA,98380.0,2026,TOYOTA,RAV4 PRIME (PHEV),Plug-in Hybrid Electric Vehicle (PHEV),Clean Alternative Fuel Vehicle Eligible,52,35.0,PUGET SOUND ENERGY INC,0.17747440273037543,1.2298029582510313,Medium
King,Kent,WA,98031.0,2025,TESLA,MODEL 3,Battery Electric Vehicle (BEV),Eligibility unknown as battery range has not been researched,0,47.0,PUGET SOUND ENERGY INC||CITY OF TACOMA - (WA),0.0,0.9101348319226953,Unknown/Not Researched
Kitsap,Bainbridge Island,WA,98110.0,2026,BMW,X5,Plug-in Hybrid Electric Vehicle (PHEV),Clean Alternative Fuel Vehicle Eligible,38,23.0,PUGET SOUND ENERGY INC,0.1296928327645051,1.2298029582510313,Short
King,Issaquah,WA,98027.0,2017,BMW,X5,Plug-in Hybrid Electric Vehicle (PHEV),Not eligible due to low battery range,14,5.0,PUGET SOUND ENERGY INC||CITY OF TACOMA - (WA),0.04778156996587031,-1.647210178703992,Short
King,Bellevue,WA,98004.0,2026,TESLA,MODEL Y,Battery Electric Vehicle (BEV),Eligibility unknown as battery range has not been researched,0,41.0,PUGET SOUND ENERGY INC||CITY OF TACOMA - (WA),0.0,1.2298029582510313,Unknown/Not Researched
King,Renton,WA,98059.0,2016,TESLA,MODEL S,Battery Electric Vehicle (BEV),Clean Alternative Fuel Vehicle Eligible,210,11.0,PUGET SOUND ENERGY INC||CITY OF TACOMA - (WA),0.7167235494880546,-1.9668783050323277,Long
Yakima,Yakima,WA,98902.0,2021,TESLA,MODEL Y,Battery Electric Vehicle (BEV),Eligibility unknown as battery range has not been researched,0,15.0,PACIFICORP,0.0,-0.36853767339064825,Unknown/Not Researched
King,Seattle,WA,98125.0,2025,FORD,MUSTANG MACH-E,Battery Electric Vehicle (BEV),Eligibility unknown as battery range has not been researched,0,46.0,CITY OF SEATTLE - (WA)|CITY OF TACOMA - (WA),0.0,0.9101348319226953,Unknown/Not Researched
King,Shoreline,WA,98177.0,2023,TESLA,MODEL Y,Battery Electric Vehicle (BEV),Eligibility unknown as battery range has not been researched,0,32.0,CITY OF SEATTLE - (WA)|CITY OF TACOMA - (WA),0.0,0.2707985792660235,Unknown/Not Researched
Snohomish,Monroe,WA,98272.0,2024,ACURA,ZDX,Battery Electric Vehicle (BEV),Eligibility unknown as battery range has not been researched,0,39.0,BONNEVILLE POWER ADMINISTRATION||PUD 1 OF SNOHOMISH COUNTY,0.0,0.5904667055943594,Unknown/Not Researched
King,Seattle,WA,98177.0,2026,VOLVO,XC90,Plug-in Hybrid Electric Vehicle (PHEV),Clean Alternative Fuel Vehicle Eligible,32,32.0,CITY OF SEATTLE - (WA)|CITY OF TACOMA - (WA),0.10921501706484642,1.2298029582510313,Short
King,Renton,WA,98058.0,2025,KIA,EV6,Battery Electric Vehicle (BEV),Eligibility unknown as battery range has not been researched,0,11.0,PUGET SOUND ENERGY INC||CITY OF TACOMA - (WA),0.0,0.9101348319226953,Unknown/Not Researched
Thurston,Lacey,WA,98513.0,2023,KIA,SPORTAGE,Plug-in Hybrid Electric Vehicle (PHEV),Clean Alternative Fuel Vehicle Eligible,34,22.0,PUGET SOUND ENERGY INC,0.11604095563139932,0.2707985792660235,Short
Clark,Vancouver,WA,98664.0,2018,TOYOTA,PRIUS PRIME (PHEV),Plug-in Hybrid Electric Vehicle (PHEV),Not eligible due to low battery range,25,49.0,BONNEVILLE POWER ADMINISTRATION||PUD NO 1 OF CLARK COUNTY - (WA),0.08532423208191127,-1.3275420523756558,Short
King,Seattle,WA,98102.0,2026,KIA,EV9,Battery Electric Vehicle (BEV),Eligibility unknown as battery range has not been researched,0,43.0,CITY OF SEATTLE - (WA)|CITY OF TACOMA - (WA),0.0,1.2298029582510313,Unknown/Not Researched
King,Beaux Arts,WA,98004.0,2024,RIVIAN,R1T,Battery Electric Vehicle (BEV),Eligibility unknown as battery range has not been researched,0,41.0,PUGET SOUND ENERGY INC||CITY OF TACOMA - (WA),0.0,0.5904667055943594,Unknown/Not Researched
King,Seattle,WA,98133.0,2021,TESLA,MODEL 3,Battery Electric Vehicle (BEV),Eligibility unknown as battery range has not been researched,0,46.0,CITY OF SEATTLE - (WA)|CITY OF TACOMA - (WA),0.0,-0.36853767339064825,Unknown/Not Researched
King,Kent,WA,98031.0,2023,NISSAN,ARIYA HATCHBACK,Battery Electric Vehicle (BEV),Eligibility unknown as battery range has not been researched,0,47.0,PUGET SOUND ENERGY INC||CITY OF TACOMA - (WA),0.0,0.2707985792660235,Unknown/Not Researched
King,Seattle,WA,98133.0,2025,HYUNDAI,IONIQ 5,Battery Electric Vehicle (BEV),Eligibility unknown as battery range has not been researched,0,46.0,CITY OF SEATTLE - (WA)|CITY OF TACOMA - (WA),0.0,0.9101348319226953,Unknown/Not Researched
King,Seattle,WA,98112.0,2025,RIVIAN,R1S,Battery Electric Vehicle (BEV),Eligibility unknown as battery range has not been researched,0,43.0,CITY OF SEATTLE - (WA)|CITY OF TACOMA - (WA),0.0,0.9101348319226953,Unknown/Not Researched
King,Seattle,WA,98121.0,2025,FORD,MUSTANG MACH-E,Battery Electric Vehicle (BEV),Eligibility unknown as battery range has not been researched,0,36.0,CITY OF SEATTLE - (WA)|CITY OF TACOMA - (WA),0.0,0.9101348319226953,Unknown/Not Researched
Clark,Vancouver,WA,98684.0,2016,FORD,FUSION,Plug-in Hybrid Electric Vehicle (PHEV),Not eligible due to low battery range,19,17.0,BONNEVILLE POWER ADMINISTRATION||PUD NO 1 OF CLARK COUNTY - (WA),0.06484641638225255,-1.9668783050323277,Short
King,Kirkland,WA,98033.0,2023,TESLA,MODEL Y,Battery Electric Vehicle (BEV),Eligibility unknown as battery range has not been researched,0,48.0,PUGET SOUND ENERGY INC||CITY OF TACOMA - (WA),0.0,0.2707985792660235,Unknown/Not Researched
Snohomish,Snohomish,WA,98290.0,2023,RIVIAN,R1S,Battery Electric Vehicle (BEV),Eligibility unknown as battery range has not been researched,0,39.0,PUGET SOUND ENERGY INC,0.0,0.2707985792660235,Unknown/Not Researched
Clark,Vancouver,WA,98686.0,2019,BMW,I3,Battery Electric Vehicle (BEV),Clean Alternative Fuel Vehicle Eligible,153,17.0,BONNEVILLE POWER ADMINISTRATION||PUD NO 1 OF CLARK COUNTY - (WA),0.5221843003412969,-1.00787392604732,Long
King,Seattle,WA,98125.0,2022,AUDI,Q5,Plug-in Hybrid Electric Vehicle (PHEV),Not eligible due to low battery range,23,46.0,CITY OF SEATTLE - (WA)|CITY OF TACOMA - (WA),0.07849829351535836,-0.04886954706231235,Short
Yakima,Mabton,WA,98935.0,2016,BMW,I3,Plug-in Hybrid Electric Vehicle (PHEV),Clean Alternative Fuel Vehicle Eligible,72,15.0,BONNEVILLE POWER ADMINISTRATION||PACIFICORP||BENTON RURAL ELECTRIC ASSN,0.24573378839590443,-1.9668783050323277,Medium
King,Newcastle,WA,98056.0,2024,TESLA,MODEL Y,Battery Electric Vehicle (BEV),Eligibility unknown as battery range has not been researched,0,41.0,PUGET SOUND ENERGY INC||CITY OF TACOMA - (WA),0.0,0.5904667055943594,Unknown/Not Researched
King,Renton,WA,98055.0,2026,LEXUS,RX,Plug-in Hybrid Electric Vehicle (PHEV),Clean Alternative Fuel Vehicle Eligible,38,11.0,PUGET SOUND ENERGY INC||CITY OF TACOMA - (WA),0.1296928327645051,1.2298029582510313,Short
King,Seattle,WA,98102.0,2022,KIA,EV6,Battery Electric Vehicle (BEV),Eligibility unknown as battery range has not been researched,0,43.0,CITY OF SEATTLE - (WA)|CITY OF TACOMA - (WA),0.0,-0.04886954706231235,Unknown/Not Researched
Clark,Vancouver,WA,98682.0,2025,JEEP,WRANGLER,Plug-in Hybrid Electric Vehicle (PHEV),Not eligible due to low battery range,21,17.0,BONNEVILLE POWER ADMINISTRATION||PUD NO 1 OF CLARK COUNTY - (WA),0.07167235494880546,0.9101348319226953,Short
King,Seattle,WA,98112.0,2021,TOYOTA,RAV4 PRIME (PHEV),Plug-in Hybrid Electric Vehicle (PHEV),Clean Alternative Fuel Vehicle Eligible,42,43.0,CITY OF SEATTLE - (WA)|CITY OF TACOMA - (WA),0.14334470989761092,-0.36853767339064825,Short
King,Renton,WA,98057.0,2020,CHEVROLET,BOLT EV,Battery Electric Vehicle (BEV),Clean Alternative Fuel Vehicle Eligible,259,37.0,PUGET SOUND ENERGY INC||CITY OF TACOMA - (WA),0.8839590443686007,-0.6882057997189841,Long
King,Kent,WA,98031.0,2023,TESLA,MODEL Y,Battery Electric Vehicle (BEV),Eligibility unknown as battery range has not been researched,0,47.0,PUGET SOUND ENERGY INC||CITY OF TACOMA - (WA),0.0,0.2707985792660235,Unknown/Not Researched
King,Seattle,WA,98101.0,2023,TESLA,MODEL Y,Battery Electric Vehicle (BEV),Eligibility unknown as battery range has not been researched,0,43.0,CITY OF SEATTLE - (WA)|CITY OF TACOMA - (WA),0.0,0.2707985792660235,Unknown/Not Researched
Clark,Vancouver,WA,98686.0,2024,JEEP,WRANGLER,Plug-in Hybrid Electric Vehicle (PHEV),Not eligible due to low battery range,21,17.0,BONNEVILLE POWER ADMINISTRATION||PUD NO 1 OF CLARK COUNTY - (WA),0.07167235494880546,0.5904667055943594,Short
King,Auburn,WA,98092.0,2018,BMW,330E,Plug-in Hybrid Electric Vehicle (PHEV),Not eligible due to low battery range,14,47.0,PUGET SOUND ENERGY INC||CITY OF TACOMA - (WA),0.04778156996587031,-1.3275420523756558,Short
King,North Bend,WA,98045.0,2026,CHEVROLET,BLAZER,Battery Electric Vehicle (BEV),Eligibility unknown as battery range has not been researched,0,5.0,PUGET SOUND ENERGY INC||CITY OF TACOMA - (WA),0.0,1.2298029582510313,Unknown/Not Researched
Jefferson,Port Townsend,WA,98368.0,2026,VOLVO,EX30,Battery Electric Vehicle (BEV),Eligibility unknown as battery range has not been researched,0,24.0,BONNEVILLE POWER ADMINISTRATION||PUGET SOUND ENERGY INC||PUD NO 1 OF JEFFERSON COUNTY,0.0,1.2298029582510313,Unknown/Not Researched
Kitsap,Bainbridge Island,WA,98110.0,2023,RIVIAN,R1S,Battery Electric Vehicle (BEV),Eligibility unknown as battery range has not been researched,0,23.0,PUGET SOUND ENERGY INC,0.0,0.2707985792660235,Unknown/Not Researched
King,Seattle,WA,98103.0,2026,TESLA,MODEL Y,Battery Electric Vehicle (BEV),Eligibility unknown as battery range has not been researched,0,43.0,CITY OF SEATTLE - (WA)|CITY OF TACOMA - (WA),0.0,1.2298029582510313,Unknown/Not Researched
King,Auburn,WA,98002.0,2024,TESLA,MODEL Y,Battery Electric Vehicle (BEV),Eligibility unknown as battery range has not been researched,0,47.0,PUGET SOUND ENERGY INC||CITY OF TACOMA - (WA),0.0,0.5904667055943594,Unknown/Not Researched
King,Kirkland,WA,98033.0,2024,TESLA,MODEL X,Battery Electric Vehicle (BEV),Eligibility unknown as battery range has not been researched,0,45.0,PUGET SOUND ENERGY INC||CITY OF TACOMA - (WA),0.0,0.5904667055943594,Unknown/Not Researched
King,Shoreline,WA,98155.0,2022,TESLA,MODEL 3,Battery Electric Vehicle (BEV),Eligibility unknown as battery range has not been researched,0,32.0,CITY OF SEATTLE - (WA)|CITY OF TACOMA - (WA),0.0,-0.04886954706231235,Unknown/Not Researched
King,Seattle,WA,98178.0,2017,BMW,I3,Plug-in Hybrid Electric Vehicle (PHEV),Clean Alternative Fuel Vehicle Eligible,97,37.0,CITY OF SEATTLE - (WA)|CITY OF TACOMA - (WA),0.3310580204778157,-1.647210178703992,Medium
Clark,Vancouver,WA,98682.0,2020,CHEVROLET,BOLT EV,Battery Electric Vehicle (BEV),Clean Alternative Fuel Vehicle Eligible,259,17.0,BONNEVILLE POWER ADMINISTRATION||PUD NO 1 OF CLARK COUNTY - (WA),0.8839590443686007,-0.6882057997189841,Long
Clark,Vancouver,WA,98662.0,2014,CHEVROLET,VOLT,Plug-in Hybrid Electric Vehicle (PHEV),Clean Alternative Fuel Vehicle Eligible,38,17.0,BONNEVILLE POWER ADMINISTRATION||PUD NO 1 OF CLARK COUNTY - (WA),0.1296928327645051,-2.6062145576889995,Short
King,Kirkland,WA,98033.0,2023,TESLA,MODEL 3,Battery Electric Vehicle (BEV),Eligibility unknown as battery range has not been researched,0,48.0,PUGET SOUND ENERGY INC||CITY OF TACOMA - (WA),0.0,0.2707985792660235,Unknown/Not Researched
King,Kirkland,WA,98033.0,2024,BMW,X5,Plug-in Hybrid Electric Vehicle (PHEV),Clean Alternative Fuel Vehicle Eligible,39,45.0,PUGET SOUND ENERGY INC||CITY OF TACOMA - (WA),0.13310580204778158,0.5904667055943594,Short
Jefferson,Port Ludlow,WA,98365.0,2023,FORD,F-150,Battery Electric Vehicle (BEV),Eligibility unknown as battery range has not been researched,0,24.0,BONNEVILLE POWER ADMINISTRATION||PUGET SOUND ENERGY INC||PUD NO 1 OF JEFFERSON COUNTY,0.0,0.2707985792660235,Unknown/Not Researched
King,Bellevue,WA,98005.0,2024,TESLA,MODEL 3,Battery Electric Vehicle (BEV),Eligibility unknown as battery range has not been researched,0,48.0,PUGET SOUND ENERGY INC||CITY OF TACOMA - (WA),0.0,0.5904667055943594,Unknown/Not Researched
Clark,Vancouver,WA,98686.0,2023,JEEP,WRANGLER,Plug-in Hybrid Electric Vehicle (PHEV),Not eligible due to low battery range,21,17.0,BONNEVILLE POWER ADMINISTRATION||PUD NO 1 OF CLARK COUNTY - (WA),0.07167235494880546,0.2707985792660235,Short
King,Bothell,WA,98011.0,2024,TESLA,MODEL 3,Battery Electric Vehicle (BEV),Eligibility unknown as battery range has not been researched,0,1.0,PUGET SOUND ENERGY INC||CITY OF TACOMA - (WA),0.0,0.5904667055943594,Unknown/Not Researched
King,Seattle,WA,98125.0,2024,GENESIS,GV70,Battery Electric Vehicle (BEV),Eligibility unknown as battery range has not been researched,0,46.0,CITY OF SEATTLE - (WA)|CITY OF TACOMA - (WA),0.0,0.5904667055943594,Unknown/Not Researched
King,Auburn,WA,98001.0,2025,KIA,EV9,Battery Electric Vehicle (BEV),Eligibility unknown as battery range has not been researched,0,47.0,PUGET SOUND ENERGY INC||CITY OF TACOMA - (WA),0.0,0.9101348319226953,Unknown/Not Researched
King,Lake Forest Park,WA,98155.0,2026,MERCEDES-BENZ,E-CLASS,Plug-in Hybrid Electric Vehicle (PHEV),Clean Alternative Fuel Vehicle Eligible,43,46.0,CITY OF SEATTLE - (WA)|CITY OF TACOMA - (WA),0.14675767918088736,1.2298029582510313,Short
King,Tukwila,WA,98168.0,2024,CHEVROLET,EQUINOX,Battery Electric Vehicle (BEV),Eligibility unknown as battery range has not been researched,0,11.0,CITY OF SEATTLE - (WA)|CITY OF TACOMA - (WA),0.0,0.5904667055943594,Unknown/Not Researched
Clark,Vancouver,WA,98682.0,2022,TESLA,MODEL X,Battery Electric Vehicle (BEV),Eligibility unknown as battery range has not been researched,0,17.0,BONNEVILLE POWER ADMINISTRATION||PUD NO 1 OF CLARK COUNTY - (WA),0.0,-0.04886954706231235,Unknown/Not Researched
King,Kent,WA,98030.0,2023,HYUNDAI,IONIQ 6,Battery Electric Vehicle (BEV),Eligibility unknown as battery range has not been researched,0,47.0,PUGET SOUND ENERGY INC||CITY OF TACOMA - (WA),0.0,0.2707985792660235,Unknown/Not Researched
King,Kirkland,WA,98033.0,2025,TESLA,MODEL 3,Battery Electric Vehicle (BEV),Eligibility unknown as battery range has not been researched,0,48.0,PUGET SOUND ENERGY INC||CITY OF TACOMA - (WA),0.0,0.9101348319226953,Unknown/Not Researched
King,Seattle,WA,98103.0,2024,KIA,EV6,Battery Electric Vehicle (BEV),Eligibility unknown as battery range has not been researched,0,43.0,CITY OF SEATTLE - (WA)|CITY OF TACOMA - (WA),0.0,0.5904667055943594,Unknown/Not Researched
King,Seattle,WA,98134.0,2026,BMW,I5,Battery Electric Vehicle (BEV),Eligibility unknown as battery range has not been researched,0,37.0,CITY OF SEATTLE - (WA)|CITY OF TACOMA - (WA),0.0,1.2298029582510313,Unknown/Not Researched
King,Auburn,WA,98092.0,2024,TESLA,MODEL Y,Battery Electric Vehicle (BEV),Eligibility unknown as battery range has not been researched,0,47.0,PUGET SOUND ENERGY INC||CITY OF TACOMA - (WA),0.0,0.5904667055943594,Unknown/Not Researched
Kitsap,Bremerton,WA,98312.0,2018,BMW,I3,Plug-in Hybrid Electric Vehicle (PHEV),Clean Alternative Fuel Vehicle Eligible,97,35.0,PUGET SOUND ENERGY INC,0.3310580204778157,-1.3275420523756558,Medium
King,Seattle,WA,98119.0,2025,MINI,COUNTRYMAN,Battery Electric Vehicle (BEV),Eligibility unknown as battery range has not been researched,0,36.0,CITY OF SEATTLE - (WA)|CITY OF TACOMA - (WA),0.0,0.9101348319226953,Unknown/Not Researched
Kitsap,Bremerton,WA,98312.0,2017,BMW,I3,Battery Electric Vehicle (BEV),Clean Alternative Fuel Vehicle Eligible,81,35.0,PUGET SOUND ENERGY INC,0.2764505119453925,-1.647210178703992,Medium
King,Shoreline,WA,98177.0,2023,KIA,EV6,Battery Electric Vehicle (BEV),Eligibility unknown as battery range has not been researched,0,32.0,CITY OF SEATTLE - (WA)|CITY OF TACOMA - (WA),0.0,0.2707985792660235,Unknown/Not Researched
Thurston,Olympia,WA,98501.0,2024,CHEVROLET,BLAZER,Battery Electric Vehicle (BEV),Eligibility unknown as battery range has not been researched,0,22.0,PUGET SOUND ENERGY INC,0.0,0.5904667055943594,Unknown/Not Researched
King,Seattle,WA,98117.0,2022,TESLA,MODEL Y,Battery Electric Vehicle (BEV),Eligibility unknown as battery range has not been researched,0,36.0,CITY OF SEATTLE - (WA)|CITY OF TACOMA - (WA),0.0,-0.04886954706231235,Unknown/Not Researched
King,Seattle,WA,98122.0,2022,TESLA,MODEL 3,Battery Electric Vehicle (BEV),Eligibility unknown as battery range has not been researched,0,43.0,CITY OF SEATTLE - (WA)|CITY OF TACOMA - (WA),0.0,-0.04886954706231235,Unknown/Not Researched
King,Seattle,WA,98177.0,2022,VOLVO,XC90,Plug-in Hybrid Electric Vehicle (PHEV),Not eligible due to low battery range,18,32.0,CITY OF SEATTLE - (WA)|CITY OF TACOMA - (WA),0.06143344709897611,-0.04886954706231235,Short
King,Redmond,WA,98052.0,2018,TESLA,MODEL 3,Battery Electric Vehicle (BEV),Clean Alternative Fuel Vehicle Eligible,215,45.0,PUGET SOUND ENERGY INC||CITY OF TACOMA - (WA),0.7337883959044369,-1.3275420523756558,Long
King,Redmond,WA,98052.0,2023,HYUNDAI,IONIQ 5,Battery Electric Vehicle (BEV),Eligibility unknown as battery range has not been researched,0,45.0,PUGET SOUND ENERGY INC||CITY OF TACOMA - (WA),0.0,0.2707985792660235,Unknown/Not Researched
Thurston,Olympia,WA,98502.0,2013,CHEVROLET,VOLT,Plug-in Hybrid Electric Vehicle (PHEV),Clean Alternative Fuel Vehicle Eligible,38,35.0,PUGET SOUND ENERGY INC,0.1296928327645051,-2.9258826840173353,Short
Snohomish,Mukilteo,WA,98275.0,2024,VOLVO,XC90,Plug-in Hybrid Electric Vehicle (PHEV),Clean Alternative Fuel Vehicle Eligible,32,21.0,PUGET SOUND ENERGY INC,0.10921501706484642,0.5904667055943594,Short
King,Pacific,WA,98047.0,2020,CHEVROLET,BOLT EV,Battery Electric Vehicle (BEV),Clean Alternative Fuel Vehicle Eligible,259,30.0,PUGET SOUND ENERGY INC||CITY OF TACOMA - (WA),0.8839590443686007,-0.6882057997189841,Long
King,Seattle,WA,98125.0,2022,TESLA,MODEL Y,Battery Electric Vehicle (BEV),Eligibility unknown as battery range has not been researched,0,46.0,CITY OF SEATTLE - (WA)|CITY OF TACOMA - (WA),0.0,-0.04886954706231235,Unknown/Not Researched
King,Auburn,WA,98001.0,2024,TESLA,MODEL Y,Battery Electric Vehicle (BEV),Eligibility unknown as battery range has not been researched,0,47.0,PUGET SOUND ENERGY INC||CITY OF TACOMA - (WA),0.0,0.5904667055943594,Unknown/Not Researched
King,Seattle,WA,98103.0,2021,TESLA,MODEL Y,Battery Electric Vehicle (BEV),Eligibility unknown as battery range has not been researched,0,43.0,CITY OF SEATTLE - (WA)|CITY OF TACOMA - (WA),0.0,-0.36853767339064825,Unknown/Not Researched
Clark,Vancouver,WA,98682.0,2023,TESLA,MODEL 3,Battery Electric Vehicle (BEV),Eligibility unknown as battery range has not been researched,0,17.0,BONNEVILLE POWER ADMINISTRATION||PUD NO 1 OF CLARK COUNTY - (WA),0.0,0.2707985792660235,Unknown/Not Researched
King,Burien,WA,98166.0,2024,BMW,I4,Battery Electric Vehicle (BEV),Eligibility unknown as battery range has not been researched,0,34.0,PUGET SOUND ENERGY INC||CITY OF TACOMA - (WA),0.0,0.5904667055943594,Unknown/Not Researched
King,Bothell,WA,98011.0,2018,TESLA,MODEL 3,Battery Electric Vehicle (BEV),Clean Alternative Fuel Vehicle Eligible,215,1.0,PUGET SOUND ENERGY INC||CITY OF TACOMA - (WA),0.7337883959044369,-1.3275420523756558,Long
King,Bellevue,WA,98007.0,2021,CHRYSLER,PACIFICA,Plug-in Hybrid Electric Vehicle (PHEV),Clean Alternative Fuel Vehicle Eligible,32,48.0,PUGET SOUND ENERGY INC||CITY OF TACOMA - (WA),0.10921501706484642,-0.36853767339064825,Short
Snohomish,Everett,WA,98203.0,2019,KIA,NIRO,Plug-in Hybrid Electric Vehicle (PHEV),Not eligible due to low battery range,26,38.0,PUGET SOUND ENERGY INC,0.08873720136518772,-1.00787392604732,Short
King,Seattle,WA,98144.0,2023,TESLA,MODEL 3,Battery Electric Vehicle (BEV),Eligibility unknown as battery range has not been researched,0,37.0,CITY OF SEATTLE - (WA)|CITY OF TACOMA - (WA),0.0,0.2707985792660235,Unknown/Not Researched
Snohomish,Everett,WA,98208.0,2021,TESLA,MODEL S,Battery Electric Vehicle (BEV),Eligibility unknown as battery range has not been researched,0,21.0,PUGET SOUND ENERGY INC,0.0,-0.36853767339064825,Unknown/Not Researched
Clark,Washougal,WA,98671.0,2024,TESLA,MODEL Y,Battery Electric Vehicle (BEV),Eligibility unknown as battery range has not been researched,0,18.0,BONNEVILLE POWER ADMINISTRATION||PACIFICORP||PUD NO 1 OF CLARK COUNTY - (WA),0.0,0.5904667055943594,Unknown/Not Researched
King,Seattle,WA,98125.0,2022,BMW,X5,Plug-in Hybrid Electric Vehicle (PHEV),Clean Alternative Fuel Vehicle Eligible,30,46.0,PUGET SOUND ENERGY INC||CITY OF TACOMA - (WA),0.10238907849829351,-0.04886954706231235,Short
King,Redmond,WA,98052.0,2018,TESLA,MODEL 3,Battery Electric Vehicle (BEV),Clean Alternative Fuel Vehicle Eligible,215,45.0,PUGET SOUND ENERGY INC||CITY OF TACOMA - (WA),0.7337883959044369,-1.3275420523756558,Long
King,Seattle,WA,98125.0,2021,NISSAN,LEAF,Battery Electric Vehicle (BEV),Eligibility unknown as battery range has not been researched,0,46.0,CITY OF SEATTLE - (WA)|CITY OF TACOMA - (WA),0.0,-0.36853767339064825,Unknown/Not Researched
King,Issaquah,WA,98029.0,2024,HONDA,PROLOGUE,Battery Electric Vehicle (BEV),Eligibility unknown as battery range has not been researched,0,5.0,PUGET SOUND ENERGY INC||CITY OF TACOMA - (WA),0.0,0.5904667055943594,Unknown/Not Researched
Thurston,Olympia,WA,98506.0,2018,NISSAN,LEAF,Battery Electric Vehicle (BEV),Clean Alternative Fuel Vehicle Eligible,151,22.0,PUGET SOUND ENERGY INC,0.515358361774744,-1.3275420523756558,Long
King,Mercer Island,WA,98040.0,2023,VOLKSWAGEN,ID.4,Battery Electric Vehicle (BEV),Eligibility unknown as battery range has not been researched,0,41.0,PUGET SOUND ENERGY INC||CITY OF TACOMA - (WA),0.0,0.2707985792660235,Unknown/Not Researched
Clark,Vancouver,WA,98664.0,2026,SUBARU,SOLTERRA,Battery Electric Vehicle (BEV),Eligibility unknown as battery range has not been researched,0,49.0,BONNEVILLE POWER ADMINISTRATION||PUD NO 1 OF CLARK COUNTY - (WA),0.0,1.2298029582510313,Unknown/Not Researched
King,Kirkland,WA,98034.0,2023,FORD,MUSTANG MACH-E,Battery Electric Vehicle (BEV),Eligibility unknown as battery range has not been researched,0,45.0,PUGET SOUND ENERGY INC||CITY OF TACOMA - (WA),0.0,0.2707985792660235,Unknown/Not Researched
King,Bothell,WA,98011.0,2024,RIVIAN,R1S,Battery Electric Vehicle (BEV),Eligibility unknown as battery range has not been researched,0,1.0,PUGET SOUND ENERGY INC||CITY OF TACOMA - (WA),0.0,0.5904667055943594,Unknown/Not Researched
King,Redmond,WA,98052.0,2017,BMW,I3,Battery Electric Vehicle (BEV),Clean Alternative Fuel Vehicle Eligible,81,48.0,PUGET SOUND ENERGY INC||CITY OF TACOMA - (WA),0.2764505119453925,-1.647210178703992,Medium
King,Redmond,WA,98052.0,2022,TESLA,MODEL Y,Battery Electric Vehicle (BEV),Eligibility unknown as battery range has not been researched,0,48.0,PUGET SOUND ENERGY INC||CITY OF TACOMA - (WA),0.0,-0.04886954706231235,Unknown/Not Researched
Clark,Vancouver,WA,98685.0,2021,FORD,MUSTANG MACH-E,Battery Electric Vehicle (BEV),Eligibility unknown as battery range has not been researched,0,49.0,BONNEVILLE POWER ADMINISTRATION||PUD NO 1 OF CLARK COUNTY - (WA),0.0,-0.36853767339064825,Unknown/Not Researched
King,Renton,WA,98058.0,2015,CHEVROLET,VOLT,Plug-in Hybrid Electric Vehicle (PHEV),Clean Alternative Fuel Vehicle Eligible,38,11.0,PUGET SOUND ENERGY INC||CITY OF TACOMA - (WA),0.1296928327645051,-2.2865464313606636,Short
King,Bellevue,WA,98008.0,2024,FORD,F-150,Battery Electric Vehicle (BEV),Eligibility unknown as battery range has not been researched,0,48.0,PUGET SOUND ENERGY INC||CITY OF TACOMA - (WA),0.0,0.5904667055943594,Unknown/Not Researched
King,Shoreline,WA,98133.0,2016,NISSAN,LEAF,Battery Electric Vehicle (BEV),Clean Alternative Fuel Vehicle Eligible,84,32.0,CITY OF SEATTLE - (WA)|CITY OF TACOMA - (WA),0.28668941979522183,-1.9668783050323277,Medium
King,Kent,WA,98030.0,2017,CHEVROLET,BOLT EV,Battery Electric Vehicle (BEV),Clean Alternative Fuel Vehicle Eligible,238,47.0,PUGET SOUND ENERGY INC||CITY OF TACOMA - (WA),0.8122866894197952,-1.647210178703992,Long
Clark,Vancouver,WA,98685.0,2024,CADILLAC,LYRIQ,Battery Electric Vehicle (BEV),Eligibility unknown as battery range has not been researched,0,18.0,BONNEVILLE POWER ADMINISTRATION||PUD NO 1 OF CLARK COUNTY - (WA),0.0,0.5904667055943594,Unknown/Not Researched
King,Seatac,WA,98198.0,2022,LINCOLN,AVIATOR,Plug-in Hybrid Electric Vehicle (PHEV),Not eligible due to low battery range,21,33.0,PUGET SOUND ENERGY INC||CITY OF TACOMA - (WA),0.07167235494880546,-0.04886954706231235,Short
King,Kent,WA,98030.0,2020,TESLA,MODEL 3,Battery Electric Vehicle (BEV),Clean Alternative Fuel Vehicle Eligible,266,47.0,PUGET SOUND ENERGY INC||CITY OF TACOMA - (WA),0.9078498293515358,-0.6882057997189841,Long
King,Seattle,WA,98125.0,2020,CHEVROLET,BOLT EV,Battery Electric Vehicle (BEV),Clean Alternative Fuel Vehicle Eligible,259,46.0,CITY OF SEATTLE - (WA)|CITY OF TACOMA - (WA),0.8839590443686007,-0.6882057997189841,Long
King,Kirkland,WA,98034.0,2022,VOLKSWAGEN,ID.4,Battery Electric Vehicle (BEV),Eligibility unknown as battery range has not been researched,0,45.0,PUGET SOUND ENERGY INC||CITY OF TACOMA - (WA),0.0,-0.04886954706231235,Unknown/Not Researched
King,Seattle,WA,98144.0,2023,CHRYSLER,PACIFICA,Plug-in Hybrid Electric Vehicle (PHEV),Clean Alternative Fuel Vehicle Eligible,32,37.0,CITY OF SEATTLE - (WA)|CITY OF TACOMA - (WA),0.10921501706484642,0.2707985792660235,Short
King,Seattle,WA,98107.0,2023,HYUNDAI,IONIQ 6,Battery Electric Vehicle (BEV),Eligibility unknown as battery range has not been researched,0,43.0,CITY OF SEATTLE - (WA)|CITY OF TACOMA - (WA),0.0,0.2707985792660235,Unknown/Not Researched
King,Seattle,WA,98112.0,2021,KIA,NIRO,Battery Electric Vehicle (BEV),Eligibility unknown as battery range has not been researched,0,43.0,CITY OF SEATTLE - (WA)|CITY OF TACOMA - (WA),0.0,-0.36853767339064825,Unknown/Not Researched
Thurston,Olympia,WA,98512.0,2023,BMW,X5,Plug-in Hybrid Electric Vehicle (PHEV),Clean Alternative Fuel Vehicle Eligible,30,35.0,PUGET SOUND ENERGY INC,0.10238907849829351,0.2707985792660235,Short
King,Kirkland,WA,98034.0,2022,KIA,EV6,Battery Electric Vehicle (BEV),Eligibility unknown as battery range has not been researched,0,1.0,PUGET SOUND ENERGY INC||CITY OF TACOMA - (WA),0.0,-0.04886954706231235,Unknown/Not Researched
King,Bellevue,WA,98006.0,2025,TESLA,MODEL Y,Battery Electric Vehicle (BEV),Eligibility unknown as battery range has not been researched,0,41.0,PUGET SOUND ENERGY INC||CITY OF TACOMA - (WA),0.0,0.9101348319226953,Unknown/Not Researched
King,Seattle,WA,98133.0,2018,TESLA,MODEL 3,Battery Electric Vehicle (BEV),Clean Alternative Fuel Vehicle Eligible,215,46.0,CITY OF SEATTLE - (WA)|CITY OF TACOMA - (WA),0.7337883959044369,-1.3275420523756558,Long
King,Seattle,WA,98177.0,2025,TOYOTA,RAV4 PRIME (PHEV),Plug-in Hybrid Electric Vehicle (PHEV),Clean Alternative Fuel Vehicle Eligible,42,36.0,CITY OF SEATTLE - (WA)|CITY OF TACOMA - (WA),0.14334470989761092,0.9101348319226953,Short
King,Renton,WA,98055.0,2020,TESLA,MODEL X,Battery Electric Vehicle (BEV),Clean Alternative Fuel Vehicle Eligible,293,33.0,PUGET SOUND ENERGY INC||CITY OF TACOMA - (WA),1.0,-0.6882057997189841,Long
King,Kirkland,WA,98034.0,2024,RIVIAN,R1T,Battery Electric Vehicle (BEV),Eligibility unknown as battery range has not been researched,0,45.0,PUGET SOUND ENERGY INC||CITY OF TACOMA - (WA),0.0,0.5904667055943594,Unknown/Not Researched
King,Bellevue,WA,98008.0,2023,CHEVROLET,BOLT EUV,Battery Electric Vehicle (BEV),Eligibility unknown as battery range has not been researched,0,48.0,PUGET SOUND ENERGY INC||CITY OF TACOMA - (WA),0.0,0.2707985792660235,Unknown/Not Researched
King,Seattle,WA,98178.0,2020,VOLVO,XC60,Plug-in Hybrid Electric Vehicle (PHEV),Not eligible due to low battery range,18,37.0,CITY OF SEATTLE - (WA)|CITY OF TACOMA - (WA),0.06143344709897611,-0.6882057997189841,Short
King,Bellevue,WA,98004.0,2020,TESLA,MODEL Y,Battery Electric Vehicle (BEV),Clean Alternative Fuel Vehicle Eligible,291,41.0,PUGET SOUND ENERGY INC||CITY OF TACOMA - (WA),0.9931740614334471,-0.6882057997189841,Long
King,Kirkland,WA,98033.0,2013,TESLA,MODEL S,Battery Electric Vehicle (BEV),Clean Alternative Fuel Vehicle Eligible,208,45.0,PUGET SOUND ENERGY INC||CITY OF TACOMA - (WA),0.7098976109215017,-2.9258826840173353,Long
Snohomish,Mill Creek,WA,98012.0,2021,VOLKSWAGEN,ID.4,Battery Electric Vehicle (BEV),Eligibility unknown as battery range has not been researched,0,44.0,PUGET SOUND ENERGY INC,0.0,-0.36853767339064825,Unknown/Not Researched
Kitsap,Bremerton,WA,98312.0,2026,TESLA,MODEL 3,Battery Electric Vehicle (BEV),Eligibility unknown as battery range has not been researched,0,35.0,NO KNOWN ELECTRIC UTILITY SERVICE,0.0,1.2298029582510313,Unknown/Not Researched
Snohomish,Bothell,WA,98012.0,2023,TESLA,MODEL Y,Battery Electric Vehicle (BEV),Eligibility unknown as battery range has not been researched,0,1.0,PUGET SOUND ENERGY INC,0.0,0.2707985792660235,Unknown/Not Researched
King,Burien,WA,98146.0,2025,HYUNDAI,IONIQ 5,Battery Electric Vehicle (BEV),Eligibility unknown as battery range has not been researched,0,34.0,CITY OF SEATTLE - (WA)|CITY OF TACOMA - (WA),0.0,0.9101348319226953,Unknown/Not Researched
King,Bothell,WA,98011.0,2023,TOYOTA,RAV4 PRIME (PHEV),Plug-in Hybrid Electric Vehicle (PHEV),Clean Alternative Fuel Vehicle Eligible,42,1.0,PUGET SOUND ENERGY INC||CITY OF TACOMA - (WA),0.14334470989761092,0.2707985792660235,Short
King,Renton,WA,98055.0,2019,AUDI,E-TRON,Battery Electric Vehicle (BEV),Clean Alternative Fuel Vehicle Eligible,204,33.0,PUGET SOUND ENERGY INC||CITY OF TACOMA - (WA),0.6962457337883959,-1.00787392604732,Long
King,Seatac,WA,98188.0,2024,TESLA,MODEL Y,Battery Electric Vehicle (BEV),Eligibility unknown as battery range has not been researched,0,33.0,PUGET SOUND ENERGY INC||CITY OF TACOMA - (WA),0.0,0.5904667055943594,Unknown/Not Researched
King,Auburn,WA,98092.0,2025,GMC,SIERRA,Battery Electric Vehicle (BEV),Eligibility unknown as battery range has not been researched,0,47.0,PUGET SOUND ENERGY INC||CITY OF TACOMA - (WA),0.0,0.9101348319226953,Unknown/Not Researched
King,Bellevue,WA,98006.0,2025,TESLA,MODEL Y,Battery Electric Vehicle (BEV),Eligibility unknown as battery range has not been researched,0,41.0,PUGET SOUND ENERGY INC||CITY OF TACOMA - (WA),0.0,0.9101348319226953,Unknown/Not Researched
King,Bellevue,WA,98004.0,2026,TESLA,MODEL Y,Battery Electric Vehicle (BEV),Eligibility unknown as battery range has not been researched,0,41.0,PUGET SOUND ENERGY INC||CITY OF TACOMA - (WA),0.0,1.2298029582510313,Unknown/Not Researched
Clark,Vancouver,WA,98664.0,2019,NISSAN,LEAF,Battery Electric Vehicle (BEV),Clean Alternative Fuel Vehicle Eligible,150,49.0,BONNEVILLE POWER ADMINISTRATION||PUD NO 1 OF CLARK COUNTY - (WA),0.5119453924914675,-1.00787392604732,Medium
King,Kirkland,WA,98033.0,2020,PORSCHE,CAYENNE,Plug-in Hybrid Electric Vehicle (PHEV),Not eligible due to low battery range,14,48.0,PUGET SOUND ENERGY INC||CITY OF TACOMA - (WA),0.04778156996587031,-0.6882057997189841,Short
King,Redmond,WA,98052.0,2023,TESLA,MODEL Y,Battery Electric Vehicle (BEV),Eligibility unknown as battery range has not been researched,0,45.0,PUGET SOUND ENERGY INC||CITY OF TACOMA - (WA),0.0,0.2707985792660235,Unknown/Not Researched
King,Kirkland,WA,98033.0,2025,BMW,I4,Battery Electric Vehicle (BEV),Eligibility unknown as battery range has not been researched,0,45.0,PUGET SOUND ENERGY INC||CITY OF TACOMA - (WA),0.0,0.9101348319226953,Unknown/Not Researched
King,Seattle,WA,98125.0,2018,TESLA,MODEL 3,Battery Electric Vehicle (BEV),Clean Alternative Fuel Vehicle Eligible,215,46.0,CITY OF SEATTLE - (WA)|CITY OF TACOMA - (WA),0.7337883959044369,-1.3275420523756558,Long
King,Bellevue,WA,98006.0,2022,TESLA,MODEL Y,Battery Electric Vehicle (BEV),Eligibility unknown as battery range has not been researched,0,41.0,PUGET SOUND ENERGY INC||CITY OF TACOMA - (WA),0.0,-0.04886954706231235,Unknown/Not Researched
King,Auburn,WA,98092.0,2023,TESLA,MODEL 3,Battery Electric Vehicle (BEV),Eligibility unknown as battery range has not been researched,0,47.0,PUGET SOUND ENERGY INC||CITY OF TACOMA - (WA),0.0,0.2707985792660235,Unknown/Not Researched
King,Kirkland,WA,98033.0,2024,TESLA,MODEL 3,Battery Electric Vehicle (BEV),Eligibility unknown as battery range has not been researched,0,48.0,PUGET SOUND ENERGY INC||CITY OF TACOMA - (WA),0.0,0.5904667055943594,Unknown/Not Researched
King,Kenmore,WA,98028.0,2025,RIVIAN,R1S,Battery Electric Vehicle (BEV),Eligibility unknown as battery range has not been researched,0,46.0,PUGET SOUND ENERGY INC||CITY OF TACOMA - (WA),0.0,0.9101348319226953,Unknown/Not Researched
King,Bellevue,WA,98004.0,2023,PORSCHE,TAYCAN,Battery Electric Vehicle (BEV),Eligibility unknown as battery range has not been researched,0,41.0,PUGET SOUND ENERGY INC||CITY OF TACOMA - (WA),0.0,0.2707985792660235,Unknown/Not Researched
Kitsap,Poulsbo,WA,98370.0,2023,HYUNDAI,IONIQ 5,Battery Electric Vehicle (BEV),Eligibility unknown as battery range has not been researched,0,23.0,PUGET SOUND ENERGY INC,0.0,0.2707985792660235,Unknown/Not Researched
Clark,Vancouver,WA,98684.0,2025,FORD,MUSTANG MACH-E,Battery Electric Vehicle (BEV),Eligibility unknown as battery range has not been researched,0,17.0,BONNEVILLE POWER ADMINISTRATION||PUD NO 1 OF CLARK COUNTY - (WA),0.0,0.9101348319226953,Unknown/Not Researched
Clark,Camas,WA,98607.0,2026,CADILLAC,VISTIQ,Battery Electric Vehicle (BEV),Eligibility unknown as battery range has not been researched,0,18.0,BONNEVILLE POWER ADMINISTRATION||PUD NO 1 OF CLARK COUNTY - (WA),0.0,1.2298029582510313,Unknown/Not Researched
King,Seattle,WA,98112.0,2021,BMW,X3,Plug-in Hybrid Electric Vehicle (PHEV),Not eligible due to low battery range,17,43.0,CITY OF SEATTLE - (WA)|CITY OF TACOMA - (WA),0.05802047781569966,-0.36853767339064825,Short
King,Kirkland,WA,98033.0,2024,BMW,IX,Battery Electric Vehicle (BEV),Eligibility unknown as battery range has not been researched,0,48.0,PUGET SOUND ENERGY INC||CITY OF TACOMA - (WA),0.0,0.5904667055943594,Unknown/Not Researched
King,Burien,WA,98146.0,2025,MITSUBISHI,OUTLANDER,Plug-in Hybrid Electric Vehicle (PHEV),Clean Alternative Fuel Vehicle Eligible,38,34.0,CITY OF SEATTLE - (WA)|CITY OF TACOMA - (WA),0.1296928327645051,0.9101348319226953,Short
King,Bellevue,WA,98005.0,2025,CADILLAC,LYRIQ,Battery Electric Vehicle (BEV),Eligibility unknown as battery range has not been researched,0,48.0,PUGET SOUND ENERGY INC||CITY OF TACOMA - (WA),0.0,0.9101348319226953,Unknown/Not Researched
King,Seattle,WA,98125.0,2024,KIA,NIRO,Battery Electric Vehicle (BEV),Eligibility unknown as battery range has not been researched,0,46.0,CITY OF SEATTLE - (WA)|CITY OF TACOMA - (WA),0.0,0.5904667055943594,Unknown/Not Researched
King,Auburn,WA,98092.0,2026,TESLA,MODEL X,Battery Electric Vehicle (BEV),Eligibility unknown as battery range has not been researched,0,47.0,PUGET SOUND ENERGY INC||CITY OF TACOMA - (WA),0.0,1.2298029582510313,Unknown/Not Researched
King,Seattle,WA,98115.0,2023,TESLA,MODEL 3,Battery Electric Vehicle (BEV),Eligibility unknown as battery range has not been researched,0,43.0,CITY OF SEATTLE - (WA)|CITY OF TACOMA - (WA),0.0,0.2707985792660235,Unknown/Not Researched
King,Burien,WA,98168.0,2019,CHEVROLET,BOLT EV,Battery Electric Vehicle (BEV),Clean Alternative Fuel Vehicle Eligible,238,33.0,CITY OF SEATTLE - (WA)|CITY OF TACOMA - (WA),0.8122866894197952,-1.00787392604732,Long
King,Seattle,WA,98133.0,2023,MINI,HARDTOP,Battery Electric Vehicle (BEV),Eligibility unknown as battery range has not been researched,0,32.0,CITY OF SEATTLE - (WA)|CITY OF TACOMA - (WA),0.0,0.2707985792660235,Unknown/Not Researched
King,Seattle,WA,98177.0,2023,TESLA,MODEL Y,Battery Electric Vehicle (BEV),Eligibility unknown as battery range has not been researched,0,36.0,CITY OF SEATTLE - (WA)|CITY OF TACOMA - (WA),0.0,0.2707985792660235,Unknown/Not Researched
Jefferson,Port Townsend,WA,98368.0,2021,POLESTAR,PS2,Battery Electric Vehicle (BEV),Clean Alternative Fuel Vehicle Eligible,233,24.0,BONNEVILLE POWER ADMINISTRATION||PUGET SOUND ENERGY INC||PUD NO 1 OF JEFFERSON COUNTY,0.7952218430034129,-0.36853767339064825,Long
Kitsap,Bainbridge Island,WA,98110.0,2013,NISSAN,LEAF,Battery Electric Vehicle (BEV),Clean Alternative Fuel Vehicle Eligible,75,23.0,PUGET SOUND ENERGY INC,0.25597269624573377,-2.9258826840173353,Medium
King,Bellevue,WA,98004.0,2023,TESLA,MODEL Y,Battery Electric Vehicle (BEV),Eligibility unknown as battery range has not been researched,0,48.0,PUGET SOUND ENERGY INC||CITY OF TACOMA - (WA),0.0,0.2707985792660235,Unknown/Not Researched
King,Kirkland,WA,98033.0,2025,RIVIAN,R1S,Battery Electric Vehicle (BEV),Eligibility unknown as battery range has not been researched,0,48.0,PUGET SOUND ENERGY INC||CITY OF TACOMA - (WA),0.0,0.9101348319226953,Unknown/Not Researched
King,Seattle,WA,98112.0,2024,BMW,X5,Plug-in Hybrid Electric Vehicle (PHEV),Clean Alternative Fuel Vehicle Eligible,39,43.0,CITY OF SEATTLE - (WA)|CITY OF TACOMA - (WA),0.13310580204778158,0.5904667055943594,Short
Clark,Vancouver,WA,98686.0,2018,TESLA,MODEL 3,Battery Electric Vehicle (BEV),Clean Alternative Fuel Vehicle Eligible,215,17.0,BONNEVILLE POWER ADMINISTRATION||PUD NO 1 OF CLARK COUNTY - (WA),0.7337883959044369,-1.3275420523756558,Long
King,Redmond,WA,98052.0,2023,TESLA,MODEL Y,Battery Electric Vehicle (BEV),Eligibility unknown as battery range has not been researched,0,45.0,PUGET SOUND ENERGY INC||CITY OF TACOMA - (WA),0.0,0.2707985792660235,Unknown/Not Researched
King,Renton,WA,98055.0,2024,CHEVROLET,EQUINOX,Battery Electric Vehicle (BEV),Eligibility unknown as battery range has not been researched,0,33.0,PUGET SOUND ENERGY INC||CITY OF TACOMA - (WA),0.0,0.5904667055943594,Unknown/Not Researched
Clark,Vancouver,WA,98683.0,2023,TESLA,MODEL Y,Battery Electric Vehicle (BEV),Eligibility unknown as battery range has not been researched,0,17.0,BONNEVILLE POWER ADMINISTRATION||PUD NO 1 OF CLARK COUNTY - (WA),0.0,0.2707985792660235,Unknown/Not Researched
Yakima,Mabton,WA,98935.0,2023,JEEP,WRANGLER,Plug-in Hybrid Electric Vehicle (PHEV),Not eligible due to low battery range,21,15.0,BONNEVILLE POWER ADMINISTRATION||PACIFICORP||BENTON RURAL ELECTRIC ASSN,0.07167235494880546,0.2707985792660235,Short
King,Bellevue,WA,98004.0,2018,TESLA,MODEL 3,Battery Electric Vehicle (BEV),Clean Alternative Fuel Vehicle Eligible,215,41.0,PUGET SOUND ENERGY INC||CITY OF TACOMA - (WA),0.7337883959044369,-1.3275420523756558,Long
Stevens,Colville,WA,99114.0,2018,NISSAN,LEAF,Battery Electric Vehicle (BEV),Clean Alternative Fuel Vehicle Eligible,151,7.0,AVISTA CORP,0.515358361774744,-1.3275420523756558,Long
King,Kirkland,WA,98033.0,2025,FORD,F-150,Battery Electric Vehicle (BEV),Eligibility unknown as battery range has not been researched,0,48.0,PUGET SOUND ENERGY INC||CITY OF TACOMA - (WA),0.0,0.9101348319226953,Unknown/Not Researched
King,Kirkland,WA,98034.0,2024,MERCEDES-BENZ,EQB-CLASS,Battery Electric Vehicle (BEV),Eligibility unknown as battery range has not been researched,0,45.0,PUGET SOUND ENERGY INC||CITY OF TACOMA - (WA),0.0,0.5904667055943594,Unknown/Not Researched
Thurston,Rochester,WA,98579.0,2013,FORD,FUSION,Plug-in Hybrid Electric Vehicle (PHEV),Not eligible due to low battery range,19,20.0,PUGET SOUND ENERGY INC,0.06484641638225255,-2.9258826840173353,Short
King,Seattle,WA,98177.0,2021,TESLA,MODEL Y,Battery Electric Vehicle (BEV),Eligibility unknown as battery range has not been researched,0,36.0,CITY OF SEATTLE - (WA)|CITY OF TACOMA - (WA),0.0,-0.36853767339064825,Unknown/Not Researched
King,Seattle,WA,98125.0,2019,VOLKSWAGEN,E-GOLF,Battery Electric Vehicle (BEV),Clean Alternative Fuel Vehicle Eligible,125,46.0,CITY OF SEATTLE - (WA)|CITY OF TACOMA - (WA),0.42662116040955633,-1.00787392604732,Medium
King,North Bend,WA,98045.0,2017,TOYOTA,PRIUS PRIME (PHEV),Plug-in Hybrid Electric Vehicle (PHEV),Not eligible due to low battery range,25,5.0,PUGET SOUND ENERGY INC||CITY OF TACOMA - (WA),0.08532423208191127,-1.647210178703992,Short
King,Bellevue,WA,98006.0,2026,TESLA,MODEL Y,Battery Electric Vehicle (BEV),Eligibility unknown as battery range has not been researched,0,41.0,PUGET SOUND ENERGY INC||CITY OF TACOMA - (WA),0.0,1.2298029582510313,Unknown/Not Researched
Clark,Vancouver,WA,98683.0,2023,TESLA,MODEL 3,Battery Electric Vehicle (BEV),Eligibility unknown as battery range has not been researched,0,18.0,BONNEVILLE POWER ADMINISTRATION||PUD NO 1 OF CLARK COUNTY - (WA),0.0,0.2707985792660235,Unknown/Not Researched
King,Kirkland,WA,98033.0,2025,CADILLAC,OPTIQ,Battery Electric Vehicle (BEV),Eligibility unknown as battery range has not been researched,0,45.0,PUGET SOUND ENERGY INC||CITY OF TACOMA - (WA),0.0,0.9101348319226953,Unknown/Not Researched
King,Newcastle,WA,98059.0,2024,ACURA,ZDX,Battery Electric Vehicle (BEV),Eligibility unknown as battery range has not been researched,0,41.0,PUGET SOUND ENERGY INC||CITY OF TACOMA - (WA),0.0,0.5904667055943594,Unknown/Not Researched
King,Renton,WA,98055.0,2018,TESLA,MODEL 3,Battery Electric Vehicle (BEV),Clean Alternative Fuel Vehicle Eligible,215,33.0,PUGET SOUND ENERGY INC||CITY OF TACOMA - (WA),0.7337883959044369,-1.3275420523756558,Long
King,Kent,WA,98030.0,2026,TESLA,MODEL Y,Battery Electric Vehicle (BEV),Eligibility unknown as battery range has not been researched,0,47.0,PUGET SOUND ENERGY INC||CITY OF TACOMA - (WA),0.0,1.2298029582510313,Unknown/Not Researched
King,Shoreline,WA,98155.0,2020,HYUNDAI,KONA,Battery Electric Vehicle (BEV),Clean Alternative Fuel Vehicle Eligible,258,32.0,CITY OF SEATTLE - (WA)|CITY OF TACOMA - (WA),0.8805460750853242,-0.6882057997189841,Long
Jefferson,Port Townsend,WA,98368.0,2023,HYUNDAI,KONA,Battery Electric Vehicle (BEV),Eligibility unknown as battery range has not been researched,0,24.0,BONNEVILLE POWER ADMINISTRATION||PUGET SOUND ENERGY INC||PUD NO 1 OF JEFFERSON COUNTY,0.0,0.2707985792660235,Unknown/Not Researched
King,Duvall,WA,98019.0,2020,TESLA,MODEL Y,Battery Electric Vehicle (BEV),Clean Alternative Fuel Vehicle Eligible,291,45.0,PUGET SOUND ENERGY INC||CITY OF TACOMA - (WA),0.9931740614334471,-0.6882057997189841,Long
King,Newcastle,WA,98056.0,2022,TESLA,MODEL 3,Battery Electric Vehicle (BEV),Eligibility unknown as battery range has not been researched,0,41.0,PUGET SOUND ENERGY INC||CITY OF TACOMA - (WA),0.0,-0.04886954706231235,Unknown/Not Researched
Thurston,Olympia,WA,98516.0,2019,CHEVROLET,BOLT EV,Battery Electric Vehicle (BEV),Clean Alternative Fuel Vehicle Eligible,238,2.0,PUGET SOUND ENERGY INC,0.8122866894197952,-1.00787392604732,Long
Thurston,Olympia,WA,98501.0,2025,FORD,ESCAPE,Plug-in Hybrid Electric Vehicle (PHEV),Clean Alternative Fuel Vehicle Eligible,37,22.0,PUGET SOUND ENERGY INC,0.12627986348122866,0.9101348319226953,Short
King,Shoreline,WA,98133.0,2023,FORD,MUSTANG MACH-E,Battery Electric Vehicle (BEV),Eligibility unknown as battery range has not been researched,0,32.0,CITY OF SEATTLE - (WA)|CITY OF TACOMA - (WA),0.0,0.2707985792660235,Unknown/Not Researched
King,Sammamish,WA,98074.0,2023,TESLA,MODEL Y,Battery Electric Vehicle (BEV),Eligibility unknown as battery range has not been researched,0,45.0,PUGET SOUND ENERGY INC||CITY OF TACOMA - (WA),0.0,0.2707985792660235,Unknown/Not Researched
King,Seattle,WA,98125.0,2017,CHEVROLET,BOLT EV,Battery Electric Vehicle (BEV),Clean Alternative Fuel Vehicle Eligible,238,46.0,CITY OF SEATTLE - (WA)|CITY OF TACOMA - (WA),0.8122866894197952,-1.647210178703992,Long
King,Lake Forest Park,WA,98155.0,2025,HYUNDAI,KONA,Battery Electric Vehicle (BEV),Eligibility unknown as battery range has not been researched,0,46.0,CITY OF SEATTLE - (WA)|CITY OF TACOMA - (WA),0.0,0.9101348319226953,Unknown/Not Researched
Island,Oak Harbor,WA,98277.0,2023,JEEP,GRAND CHEROKEE,Plug-in Hybrid Electric Vehicle (PHEV),Not eligible due to low battery range,25,10.0,PUGET SOUND ENERGY INC,0.08532423208191127,0.2707985792660235,Short
Snohomish,Lynnwood,WA,98087.0,2026,TESLA,MODEL Y,Battery Electric Vehicle (BEV),Eligibility unknown as battery range has not been researched,0,21.0,PUGET SOUND ENERGY INC,0.0,1.2298029582510313,Unknown/Not Researched
King,Bellevue,WA,98004.0,2023,MERCEDES-BENZ,EQE-CLASS SUV,Battery Electric Vehicle (BEV),Eligibility unknown as battery range has not been researched,0,41.0,PUGET SOUND ENERGY INC||CITY OF TACOMA - (WA),0.0,0.2707985792660235,Unknown/Not Researched
King,Renton,WA,98057.0,2024,FORD,MUSTANG MACH-E,Battery Electric Vehicle (BEV),Eligibility unknown as battery range has not been researched,0,11.0,PUGET SOUND ENERGY INC||CITY OF TACOMA - (WA),0.0,0.5904667055943594,Unknown/Not Researched
King,Seattle,WA,98122.0,2024,TESLA,MODEL 3,Battery Electric Vehicle (BEV),Eligibility unknown as battery range has not been researched,0,43.0,CITY OF SEATTLE - (WA)|CITY OF TACOMA - (WA),0.0,0.5904667055943594,Unknown/Not Researched
Clark,Vancouver,WA,98684.0,2018,HONDA,CLARITY,Plug-in Hybrid Electric Vehicle (PHEV),Clean Alternative Fuel Vehicle Eligible,47,17.0,BONNEVILLE POWER ADMINISTRATION||PUD NO 1 OF CLARK COUNTY - (WA),0.16040955631399317,-1.3275420523756558,Short
King,Kent,WA,98042.0,2022,TESLA,MODEL 3,Battery Electric Vehicle (BEV),Eligibility unknown as battery range has not been researched,0,47.0,PUGET SOUND ENERGY INC||CITY OF TACOMA - (WA),0.0,-0.04886954706231235,Unknown/Not Researched
Clark,Vancouver,WA,98682.0,2025,JEEP,WRANGLER,Plug-in Hybrid Electric Vehicle (PHEV),Not eligible due to low battery range,21,17.0,BONNEVILLE POWER ADMINISTRATION||PUD NO 1 OF CLARK COUNTY - (WA),0.07167235494880546,0.9101348319226953,Short
King,North Bend,WA,98045.0,2025,HYUNDAI,IONIQ 5,Battery Electric Vehicle (BEV),Eligibility unknown as battery range has not been researched,0,5.0,PUGET SOUND ENERGY INC||CITY OF TACOMA - (WA),0.0,0.9101348319226953,Unknown/Not Researched
King,Kirkland,WA,98033.0,2024,LAND ROVER,RANGE ROVER,Plug-in Hybrid Electric Vehicle (PHEV),Clean Alternative Fuel Vehicle Eligible,59,48.0,PUGET SOUND ENERGY INC||CITY OF TACOMA - (WA),0.20136518771331058,0.5904667055943594,Medium
King,Kent,WA,98031.0,2016,KIA,SOUL,Battery Electric Vehicle (BEV),Clean Alternative Fuel Vehicle Eligible,93,47.0,PUGET SOUND ENERGY INC||CITY OF TACOMA - (WA),0.3174061433447099,-1.9668783050323277,Medium
King,Bellevue,WA,98006.0,2023,TESLA,MODEL Y,Battery Electric Vehicle (BEV),Eligibility unknown as battery range has not been researched,0,41.0,PUGET SOUND ENERGY INC||CITY OF TACOMA - (WA),0.0,0.2707985792660235,Unknown/Not Researched
King,Seattle,WA,98115.0,2021,TESLA,MODEL Y,Battery Electric Vehicle (BEV),Eligibility unknown as battery range has not been researched,0,46.0,CITY OF SEATTLE - (WA)|CITY OF TACOMA - (WA),0.0,-0.36853767339064825,Unknown/Not Researched
King,Bellevue,WA,98006.0,2023,TESLA,MODEL Y,Battery Electric Vehicle (BEV),Eligibility unknown as battery range has not been researched,0,41.0,PUGET SOUND ENERGY INC||CITY OF TACOMA - (WA),0.0,0.2707985792660235,Unknown/Not Researched
Thurston,Yelm,WA,98597.0,2025,MAZDA,CX-90,Plug-in Hybrid Electric Vehicle (PHEV),Not eligible due to low battery range,26,2.0,PUGET SOUND ENERGY INC,0.08873720136518772,0.9101348319226953,Short
Snohomish,Lynnwood,WA,98037.0,2023,CHRYSLER,PACIFICA,Plug-in Hybrid Electric Vehicle (PHEV),Clean Alternative Fuel Vehicle Eligible,32,32.0,PUGET SOUND ENERGY INC,0.10921501706484642,0.2707985792660235,Short
King,Seattle,WA,98122.0,2023,CHEVROLET,BOLT EV,Battery Electric Vehicle (BEV),Eligibility unknown as battery range has not been researched,0,43.0,CITY OF SEATTLE - (WA)|CITY OF TACOMA - (WA),0.0,0.2707985792660235,Unknown/Not Researched
Clark,Vancouver,WA,98664.0,2024,CADILLAC,LYRIQ,Battery Electric Vehicle (BEV),Eligibility unknown as battery range has not been researched,0,49.0,BONNEVILLE POWER ADMINISTRATION||PUD NO 1 OF CLARK COUNTY - (WA),0.0,0.5904667055943594,Unknown/Not Researched
King,Bellevue,WA,98006.0,2026,TESLA,MODEL Y,Battery Electric Vehicle (BEV),Eligibility unknown as battery range has not been researched,0,41.0,PUGET SOUND ENERGY INC||CITY OF TACOMA - (WA),0.0,1.2298029582510313,Unknown/Not Researched
Clark,Battle Ground,WA,98604.0,2025,TESLA,MODEL 3,Battery Electric Vehicle (BEV),Eligibility unknown as battery range has not been researched,0,18.0,BONNEVILLE POWER ADMINISTRATION||PUD NO 1 OF CLARK COUNTY - (WA),0.0,0.9101348319226953,Unknown/Not Researched
King,Bellevue,WA,98008.0,2018,CHEVROLET,VOLT,Plug-in Hybrid Electric Vehicle (PHEV),Clean Alternative Fuel Vehicle Eligible,53,48.0,PUGET SOUND ENERGY INC||CITY OF TACOMA - (WA),0.18088737201365188,-1.3275420523756558,Medium
King,Duvall,WA,98019.0,2025,RIVIAN,R1S,Battery Electric Vehicle (BEV),Eligibility unknown as battery range has not been researched,0,45.0,PUGET SOUND ENERGY INC||CITY OF TACOMA - (WA),0.0,0.9101348319226953,Unknown/Not Researched
Clark,Vancouver,WA,98686.0,2014,CHEVROLET,VOLT,Plug-in Hybrid Electric Vehicle (PHEV),Clean Alternative Fuel Vehicle Eligible,38,49.0,BONNEVILLE POWER ADMINISTRATION||PUD NO 1 OF CLARK COUNTY - (WA),0.1296928327645051,-2.6062145576889995,Short
King,Kirkland,WA,98033.0,2026,VOLVO,XC90,Plug-in Hybrid Electric Vehicle (PHEV),Clean Alternative Fuel Vehicle Eligible,32,48.0,PUGET SOUND ENERGY INC||CITY OF TACOMA - (WA),0.10921501706484642,1.2298029582510313,Short
King,Kirkland,WA,98033.0,2024,MINI,HARDTOP,Battery Electric Vehicle (BEV),Eligibility unknown as battery range has not been researched,0,48.0,PUGET SOUND ENERGY INC||CITY OF TACOMA - (WA),0.0,0.5904667055943594,Unknown/Not Researched
King,Kirkland,WA,98033.0,2024,TOYOTA,RAV4 PRIME (PHEV),Plug-in Hybrid Electric Vehicle (PHEV),Clean Alternative Fuel Vehicle Eligible,42,48.0,PUGET SOUND ENERGY INC||CITY OF TACOMA - (WA),0.14334470989761092,0.5904667055943594,Short
King,Redmond,WA,98052.0,2024,BMW,X5,Plug-in Hybrid Electric Vehicle (PHEV),Clean Alternative Fuel Vehicle Eligible,39,45.0,PUGET SOUND ENERGY INC||CITY OF TACOMA - (WA),0.13310580204778158,0.5904667055943594,Short
King,Bothell,WA,98011.0,2025,NISSAN,LEAF,Battery Electric Vehicle (BEV),Eligibility unknown as battery range has not been researched,0,1.0,PUGET SOUND ENERGY INC||CITY OF TACOMA - (WA),0.0,0.9101348319226953,Unknown/Not Researched
King,Shoreline,WA,98133.0,2023,HYUNDAI,KONA,Battery Electric Vehicle (BEV),Eligibility unknown as battery range has not been researched,0,32.0,CITY OF SEATTLE - (WA)|CITY OF TACOMA - (WA),0.0,0.2707985792660235,Unknown/Not Researched
King,Kent,WA,98031.0,2026,TESLA,MODEL Y,Battery Electric Vehicle (BEV),Eligibility unknown as battery range has not been researched,0,47.0,PUGET SOUND ENERGY INC||CITY OF TACOMA - (WA),0.0,1.2298029582510313,Unknown/Not Researched
King,Seattle,WA,98125.0,2026,TOYOTA,BZ,Battery Electric Vehicle (BEV),Eligibility unknown as battery range has not been researched,0,46.0,CITY OF SEATTLE - (WA)|CITY OF TACOMA - (WA),0.0,1.2298029582510313,Unknown/Not Researched
Thurston,Olympia,WA,98512.0,2020,TESLA,MODEL 3,Battery Electric Vehicle (BEV),Clean Alternative Fuel Vehicle Eligible,266,35.0,PUGET SOUND ENERGY INC,0.9078498293515358,-0.6882057997189841,Long
King,Kirkland,WA,98033.0,2022,BMW,IX,Battery Electric Vehicle (BEV),Eligibility unknown as battery range has not been researched,0,48.0,PUGET SOUND ENERGY INC||CITY OF TACOMA - (WA),0.0,-0.04886954706231235,Unknown/Not Researched
King,Maple Valley,WA,98038.0,2018,TESLA,MODEL 3,Battery Electric Vehicle (BEV),Clean Alternative Fuel Vehicle Eligible,215,5.0,PUGET SOUND ENERGY INC||CITY OF TACOMA - (WA),0.7337883959044369,-1.3275420523756558,Long
King,Seattle,WA,98134.0,2022,BENTLEY,FLYING SPUR,Plug-in Hybrid Electric Vehicle (PHEV),Not eligible due to low battery range,21,37.0,CITY OF SEATTLE - (WA)|CITY OF TACOMA - (WA),0.07167235494880546,-0.04886954706231235,Short
King,Seattle,WA,98178.0,2019,VOLKSWAGEN,E-GOLF,Battery Electric Vehicle (BEV),Clean Alternative Fuel Vehicle Eligible,125,37.0,CITY OF SEATTLE - (WA)|CITY OF TACOMA - (WA),0.42662116040955633,-1.00787392604732,Medium
King,Issaquah,WA,98029.0,2019,TESLA,MODEL 3,Battery Electric Vehicle (BEV),Clean Alternative Fuel Vehicle Eligible,220,5.0,PUGET SOUND ENERGY INC||CITY OF TACOMA - (WA),0.7508532423208191,-1.00787392604732,Long
King,Kirkland,WA,98033.0,2024,NISSAN,LEAF,Battery Electric Vehicle (BEV),Eligibility unknown as battery range has not been researched,0,45.0,PUGET SOUND ENERGY INC||CITY OF TACOMA - (WA),0.0,0.5904667055943594,Unknown/Not Researched
Snohomish,Bothell,WA,98021.0,2023,TESLA,MODEL Y,Battery Electric Vehicle (BEV),Eligibility unknown as battery range has not been researched,0,1.0,PUGET SOUND ENERGY INC,0.0,0.2707985792660235,Unknown/Not Researched
King,Seattle,WA,98107.0,2024,TESLA,MODEL 3,Battery Electric Vehicle (BEV),Eligibility unknown as battery range has not been researched,0,36.0,CITY OF SEATTLE - (WA)|CITY OF TACOMA - (WA),0.0,0.5904667055943594,Unknown/Not Researched
King,Sammamish,WA,98074.0,2021,TESLA,MODEL Y,Battery Electric Vehicle (BEV),Eligibility unknown as battery range has not been researched,0,45.0,PUGET SOUND ENERGY INC||CITY OF TACOMA - (WA),0.0,-0.36853767339064825,Unknown/Not Researched
King,Bothell,WA,98011.0,2024,TESLA,CYBERTRUCK,Battery Electric Vehicle (BEV),Eligibility unknown as battery range has not been researched,0,1.0,PUGET SOUND ENERGY INC||CITY OF TACOMA - (WA),0.0,0.5904667055943594,Unknown/Not Researched
Kitsap,Silverdale,WA,98383.0,2023,CHEVROLET,BOLT EUV,Battery Electric Vehicle (BEV),Eligibility unknown as battery range has not been researched,0,23.0,PUGET SOUND ENERGY INC,0.0,0.2707985792660235,Unknown/Not Researched
Snohomish,Mukilteo,WA,98275.0,2024,VOLVO,XC90,Plug-in Hybrid Electric Vehicle (PHEV),Clean Alternative Fuel Vehicle Eligible,32,21.0,PUGET SOUND ENERGY INC,0.10921501706484642,0.5904667055943594,Short
King,Seattle,WA,98117.0,2019,KIA,NIRO,Battery Electric Vehicle (BEV),Clean Alternative Fuel Vehicle Eligible,239,36.0,CITY OF SEATTLE - (WA)|CITY OF TACOMA - (WA),0.8156996587030717,-1.00787392604732,Long
Thurston,Lacey,WA,98503.0,2023,KIA,NIRO,Plug-in Hybrid Electric Vehicle (PHEV),Clean Alternative Fuel Vehicle Eligible,33,22.0,PUGET SOUND ENERGY INC,0.11262798634812286,0.2707985792660235,Short
King,Bellevue,WA,98005.0,2018,HONDA,CLARITY,Plug-in Hybrid Electric Vehicle (PHEV),Clean Alternative Fuel Vehicle Eligible,47,41.0,PUGET SOUND ENERGY INC||CITY OF TACOMA - (WA),0.16040955631399317,-1.3275420523756558,Short
Kitsap,Bainbridge Island,WA,98110.0,2018,CHEVROLET,VOLT,Plug-in Hybrid Electric Vehicle (PHEV),Clean Alternative Fuel Vehicle Eligible,53,23.0,PUGET SOUND ENERGY INC,0.18088737201365188,-1.3275420523756558,Medium
King,Bellevue,WA,98007.0,2020,VOLVO,XC60,Plug-in Hybrid Electric Vehicle (PHEV),Not eligible due to low battery range,19,48.0,PUGET SOUND ENERGY INC||CITY OF TACOMA - (WA),0.06484641638225255,-0.6882057997189841,Short
Kitsap,Bainbridge Island,WA,98110.0,2024,VOLVO,XC60,Plug-in Hybrid Electric Vehicle (PHEV),Clean Alternative Fuel Vehicle Eligible,35,23.0,PUGET SOUND ENERGY INC,0.11945392491467577,0.5904667055943594,Short
King,Bellevue,WA,98005.0,2023,TESLA,MODEL Y,Battery Electric Vehicle (BEV),Eligibility unknown as battery range has not been researched,0,48.0,PUGET SOUND ENERGY INC||CITY OF TACOMA - (WA),0.0,0.2707985792660235,Unknown/Not Researched
King,Seattle,WA,98125.0,2024,AUDI,Q5 E,Plug-in Hybrid Electric Vehicle (PHEV),Not eligible due to low battery range,23,46.0,CITY OF SEATTLE - (WA)|CITY OF TACOMA - (WA),0.07849829351535836,0.5904667055943594,Short
Clark,Vancouver,WA,98685.0,2024,JEEP,WRANGLER,Plug-in Hybrid Electric Vehicle (PHEV),Not eligible due to low battery range,21,18.0,BONNEVILLE POWER ADMINISTRATION||PUD NO 1 OF CLARK COUNTY - (WA),0.07167235494880546,0.5904667055943594,Short
King,Bothell,WA,98011.0,2023,CHRYSLER,PACIFICA,Plug-in Hybrid Electric Vehicle (PHEV),Clean Alternative Fuel Vehicle Eligible,32,1.0,PUGET SOUND ENERGY INC||CITY OF TACOMA - (WA),0.10921501706484642,0.2707985792660235,Short
Clark,Vancouver,WA,98665.0,2022,KIA,NIRO,Battery Electric Vehicle (BEV),Eligibility unknown as battery range has not been researched,0,49.0,BONNEVILLE POWER ADMINISTRATION||PUD NO 1 OF CLARK COUNTY - (WA),0.0,-0.04886954706231235,Unknown/Not Researched
King,Shoreline,WA,98177.0,2026,KIA,EV9,Battery Electric Vehicle (BEV),Eligibility unknown as battery range has not been researched,0,32.0,CITY OF SEATTLE - (WA)|CITY OF TACOMA - (WA),0.0,1.2298029582510313,Unknown/Not Researched
Yakima,Yakima,WA,98902.0,2018,TESLA,MODEL 3,Battery Electric Vehicle (BEV),Clean Alternative Fuel Vehicle Eligible,215,15.0,PACIFICORP,0.7337883959044369,-1.3275420523756558,Long
Clark,Vancouver,WA,98685.0,2025,KIA,SORENTO,Plug-in Hybrid Electric Vehicle (PHEV),Clean Alternative Fuel Vehicle Eligible,30,18.0,BONNEVILLE POWER ADMINISTRATION||PUD NO 1 OF CLARK COUNTY - (WA),0.10238907849829351,0.9101348319226953,Short
Clark,Vancouver,WA,98686.0,2026,HYUNDAI,IONIQ 5,Battery Electric Vehicle (BEV),Eligibility unknown as battery range has not been researched,0,49.0,BONNEVILLE POWER ADMINISTRATION||PUD NO 1 OF CLARK COUNTY - (WA),0.0,1.2298029582510313,Unknown/Not Researched
King,Seattle,WA,98177.0,2018,HONDA,CLARITY,Plug-in Hybrid Electric Vehicle (PHEV),Clean Alternative Fuel Vehicle Eligible,47,32.0,CITY OF SEATTLE - (WA)|CITY OF TACOMA - (WA),0.16040955631399317,-1.3275420523756558,Short
King,Bothell,WA,98011.0,2025,NISSAN,LEAF,Battery Electric Vehicle (BEV),Eligibility unknown as battery range has not been researched,0,1.0,PUGET SOUND ENERGY INC||CITY OF TACOMA - (WA),0.0,0.9101348319226953,Unknown/Not Researched
King,Kirkland,WA,98034.0,2025,TESLA,CYBERTRUCK,Battery Electric Vehicle (BEV),Eligibility unknown as battery range has not been researched,0,45.0,PUGET SOUND ENERGY INC||CITY OF TACOMA - (WA),0.0,0.9101348319226953,Unknown/Not Researched
Clark,Vancouver,WA,98686.0,2021,NISSAN,LEAF,Battery Electric Vehicle (BEV),Eligibility unknown as battery range has not been researched,0,49.0,BONNEVILLE POWER ADMINISTRATION||PUD NO 1 OF CLARK COUNTY - (WA),0.0,-0.36853767339064825,Unknown/Not Researched
King,Seattle,WA,98122.0,2026,TESLA,MODEL Y,Battery Electric Vehicle (BEV),Eligibility unknown as battery range has not been researched,0,43.0,CITY OF SEATTLE - (WA)|CITY OF TACOMA - (WA),0.0,1.2298029582510313,Unknown/Not Researched
King,Shoreline,WA,98133.0,2024,KIA,EV9,Battery Electric Vehicle (BEV),Eligibility unknown as battery range has not been researched,0,32.0,CITY OF SEATTLE - (WA)|CITY OF TACOMA - (WA),0.0,0.5904667055943594,Unknown/Not Researched
Kitsap,Silverdale,WA,98383.0,2015,TESLA,MODEL S,Battery Electric Vehicle (BEV),Clean Alternative Fuel Vehicle Eligible,208,23.0,PUGET SOUND ENERGY INC,0.7098976109215017,-2.2865464313606636,Long
King,Sammamish,WA,98074.0,2019,TESLA,MODEL 3,Battery Electric Vehicle (BEV),Clean Alternative Fuel Vehicle Eligible,220,45.0,PUGET SOUND ENERGY INC||CITY OF TACOMA - (WA),0.7508532423208191,-1.00787392604732,Long
King,Bellevue,WA,98005.0,2026,BMW,I4,Battery Electric Vehicle (BEV),Eligibility unknown as battery range has not been researched,0,48.0,PUGET SOUND ENERGY INC||CITY OF TACOMA - (WA),0.0,1.2298029582510313,Unknown/Not Researched
King,Bellevue,WA,98005.0,2023,CHEVROLET,BOLT EUV,Battery Electric Vehicle (BEV),Eligibility unknown as battery range has not been researched,0,41.0,PUGET SOUND ENERGY INC||CITY OF TACOMA - (WA),0.0,0.2707985792660235,Unknown/Not Researched
King,Kirkland,WA,98034.0,2017,SMART,FORTWO,Battery Electric Vehicle (BEV),Clean Alternative Fuel Vehicle Eligible,58,45.0,PUGET SOUND ENERGY INC||CITY OF TACOMA - (WA),0.19795221843003413,-1.647210178703992,Medium
King,Tukwila,WA,98188.0,2025,TOYOTA,RAV4 PRIME (PHEV),Plug-in Hybrid Electric Vehicle (PHEV),Clean Alternative Fuel Vehicle Eligible,42,11.0,CITY OF SEATTLE - (WA)|CITY OF TACOMA - (WA),0.14334470989761092,0.9101348319226953,Short
King,Seattle,WA,98125.0,2021,TESLA,MODEL Y,Battery Electric Vehicle (BEV),Eligibility unknown as battery range has not been researched,0,46.0,CITY OF SEATTLE - (WA)|CITY OF TACOMA - (WA),0.0,-0.36853767339064825,Unknown/Not Researched
Clark,Vancouver,WA,98661.0,2024,FORD,MUSTANG MACH-E,Battery Electric Vehicle (BEV),Eligibility unknown as battery range has not been researched,0,49.0,BONNEVILLE POWER ADMINISTRATION||PUD NO 1 OF CLARK COUNTY - (WA),0.0,0.5904667055943594,Unknown/Not Researched
King,Bothell,WA,98011.0,2021,VOLVO,XC90,Plug-in Hybrid Electric Vehicle (PHEV),Not eligible due to low battery range,18,1.0,PUGET SOUND ENERGY INC||CITY OF TACOMA - (WA),0.06143344709897611,-0.36853767339064825,Short
King,Bellevue,WA,98007.0,2023,KIA,EV6,Battery Electric Vehicle (BEV),Eligibility unknown as battery range has not been researched,0,48.0,PUGET SOUND ENERGY INC||CITY OF TACOMA - (WA),0.0,0.2707985792660235,Unknown/Not Researched
Clark,Vancouver,WA,98682.0,2020,KIA,NIRO,Plug-in Hybrid Electric Vehicle (PHEV),Not eligible due to low battery range,26,17.0,BONNEVILLE POWER ADMINISTRATION||PUD NO 1 OF CLARK COUNTY - (WA),0.08873720136518772,-0.6882057997189841,Short
King,Seattle,WA,98117.0,2023,VOLVO,XC40,Battery Electric Vehicle (BEV),Eligibility unknown as battery range has not been researched,0,36.0,CITY OF SEATTLE - (WA)|CITY OF TACOMA - (WA),0.0,0.2707985792660235,Unknown/Not Researched
Kitsap,Bainbridge Island,WA,98110.0,2024,RIVIAN,R1T,Battery Electric Vehicle (BEV),Eligibility unknown as battery range has not been researched,0,23.0,PUGET SOUND ENERGY INC,0.0,0.5904667055943594,Unknown/Not Researched
King,Seattle,WA,98122.0,2019,TESLA,MODEL 3,Battery Electric Vehicle (BEV),Clean Alternative Fuel Vehicle Eligible,220,37.0,CITY OF SEATTLE - (WA)|CITY OF TACOMA - (WA),0.7508532423208191,-1.00787392604732,Long
King,Kirkland,WA,98034.0,2026,KIA,SPORTAGE,Plug-in Hybrid Electric Vehicle (PHEV),Clean Alternative Fuel Vehicle Eligible,33,1.0,PUGET SOUND ENERGY INC||CITY OF TACOMA - (WA),0.11262798634812286,1.2298029582510313,Short
King,Renton,WA,98058.0,2022,TESLA,MODEL Y,Battery Electric Vehicle (BEV),Eligibility unknown as battery range has not been researched,0,11.0,PUGET SOUND ENERGY INC||CITY OF TACOMA - (WA),0.0,-0.04886954706231235,Unknown/Not Researched
King,Sammamish,WA,98074.0,2023,TESLA,MODEL Y,Battery Electric Vehicle (BEV),Eligibility unknown as battery range has not been researched,0,45.0,PUGET SOUND ENERGY INC||CITY OF TACOMA - (WA),0.0,0.2707985792660235,Unknown/Not Researched
King,Auburn,WA,98002.0,2023,FORD,MUSTANG MACH-E,Battery Electric Vehicle (BEV),Eligibility unknown as battery range has not been researched,0,47.0,PUGET SOUND ENERGY INC||CITY OF TACOMA - (WA),0.0,0.2707985792660235,Unknown/Not Researched
Clark,Vancouver,WA,98664.0,2025,TOYOTA,RAV4 PRIME (PHEV),Plug-in Hybrid Electric Vehicle (PHEV),Clean Alternative Fuel Vehicle Eligible,42,49.0,BONNEVILLE POWER ADMINISTRATION||PUD NO 1 OF CLARK COUNTY - (WA),0.14334470989761092,0.9101348319226953,Short
King,Kirkland,WA,98033.0,2024,TESLA,MODEL S,Battery Electric Vehicle (BEV),Eligibility unknown as battery range has not been researched,0,48.0,PUGET SOUND ENERGY INC||CITY OF TACOMA - (WA),0.0,0.5904667055943594,Unknown/Not Researched
King,Bellevue,WA,98008.0,2023,BMW,530E,Plug-in Hybrid Electric Vehicle (PHEV),Not eligible due to low battery range,18,48.0,PUGET SOUND ENERGY INC||CITY OF TACOMA - (WA),0.06143344709897611,0.2707985792660235,Short
Clark,Brush Prairie,WA,98606.0,2025,FORD,F-150,Battery Electric Vehicle (BEV),Eligibility unknown as battery range has not been researched,0,18.0,BONNEVILLE POWER ADMINISTRATION||PUD NO 1 OF CLARK COUNTY - (WA),0.0,0.9101348319226953,Unknown/Not Researched
King,Seattle,WA,98125.0,2019,TESLA,MODEL 3,Battery Electric Vehicle (BEV),Clean Alternative Fuel Vehicle Eligible,220,46.0,CITY OF SEATTLE - (WA)|CITY OF TACOMA - (WA),0.7508532423208191,-1.00787392604732,Long
Thurston,Olympia,WA,98513.0,2024,TESLA,MODEL Y,Battery Electric Vehicle (BEV),Eligibility unknown as battery range has not been researched,0,2.0,PUGET SOUND ENERGY INC,0.0,0.5904667055943594,Unknown/Not Researched
Clark,Camas,WA,98607.0,2021,FORD,MUSTANG MACH-E,Battery Electric Vehicle (BEV),Eligibility unknown as battery range has not been researched,0,18.0,BONNEVILLE POWER ADMINISTRATION||PUD NO 1 OF CLARK COUNTY - (WA),0.0,-0.36853767339064825,Unknown/Not Researched
King,Bellevue,WA,98006.0,2021,JEEP,WRANGLER,Plug-in Hybrid Electric Vehicle (PHEV),Not eligible due to low battery range,21,41.0,PUGET SOUND ENERGY INC||CITY OF TACOMA - (WA),0.07167235494880546,-0.36853767339064825,Short
Clark,Vancouver,WA,98663.0,2026,SUBARU,SOLTERRA,Battery Electric Vehicle (BEV),Eligibility unknown as battery range has not been researched,0,49.0,BONNEVILLE POWER ADMINISTRATION||PUD NO 1 OF CLARK COUNTY - (WA),0.0,1.2298029582510313,Unknown/Not Researched
King,Bellevue,WA,98006.0,2026,TESLA,MODEL Y,Battery Electric Vehicle (BEV),Eligibility unknown as battery range has not been researched,0,41.0,PUGET SOUND ENERGY INC||CITY OF TACOMA - (WA),0.0,1.2298029582510313,Unknown/Not Researched
Thurston,Rochester,WA,98579.0,2025,TOYOTA,RAV4 PRIME (PHEV),Plug-in Hybrid Electric Vehicle (PHEV),Clean Alternative Fuel Vehicle Eligible,42,20.0,PUGET SOUND ENERGY INC,0.14334470989761092,0.9101348319226953,Short
King,Seatac,WA,98168.0,2018,CHRYSLER,PACIFICA,Plug-in Hybrid Electric Vehicle (PHEV),Clean Alternative Fuel Vehicle Eligible,33,33.0,CITY OF SEATTLE - (WA)|CITY OF TACOMA - (WA),0.11262798634812286,-1.3275420523756558,Short
King,Shoreline,WA,98155.0,2023,VOLKSWAGEN,ID.4,Battery Electric Vehicle (BEV),Eligibility unknown as battery range has not been researched,0,32.0,CITY OF SEATTLE - (WA)|CITY OF TACOMA - (WA),0.0,0.2707985792660235,Unknown/Not Researched
King,Bellevue,WA,98006.0,2024,TOYOTA,RAV4 PRIME (PHEV),Plug-in Hybrid Electric Vehicle (PHEV),Clean Alternative Fuel Vehicle Eligible,42,41.0,PUGET SOUND ENERGY INC||CITY OF TACOMA - (WA),0.14334470989761092,0.5904667055943594,Short
King,Seattle,WA,98122.0,2022,HYUNDAI,IONIQ 5,Battery Electric Vehicle (BEV),Eligibility unknown as battery range has not been researched,0,37.0,CITY OF SEATTLE - (WA)|CITY OF TACOMA - (WA),0.0,-0.04886954706231235,Unknown/Not Researched
King,Bellevue,WA,98006.0,2023,TESLA,MODEL Y,Battery Electric Vehicle (BEV),Eligibility unknown as battery range has not been researched,0,41.0,PUGET SOUND ENERGY INC||CITY OF TACOMA - (WA),0.0,0.2707985792660235,Unknown/Not Researched
King,Medina,WA,98039.0,2018,TESLA,MODEL S,Battery Electric Vehicle (BEV),Clean Alternative Fuel Vehicle Eligible,249,48.0,CITY OF SEATTLE - (WA)|CITY OF TACOMA - (WA),0.8498293515358362,-1.3275420523756558,Long
King,Seattle,WA,98177.0,2022,HYUNDAI,TUCSON,Plug-in Hybrid Electric Vehicle (PHEV),Clean Alternative Fuel Vehicle Eligible,33,36.0,CITY OF SEATTLE - (WA)|CITY OF TACOMA - (WA),0.11262798634812286,-0.04886954706231235,Short
King,Bellevue,WA,98005.0,2025,NISSAN,ARIYA MPV,Battery Electric Vehicle (BEV),Eligibility unknown as battery range has not been researched,0,48.0,PUGET SOUND ENERGY INC||CITY OF TACOMA - (WA),0.0,0.9101348319226953,Unknown/Not Researched
King,Federal Way,WA,98023.0,2022,TESLA,MODEL 3,Battery Electric Vehicle (BEV),Eligibility unknown as battery range has not been researched,0,30.0,PUGET SOUND ENERGY INC||CITY OF TACOMA - (WA),0.0,-0.04886954706231235,Unknown/Not Researched
King,Shoreline,WA,98133.0,2021,TESLA,MODEL 3,Battery Electric Vehicle (BEV),Eligibility unknown as battery range has not been researched,0,32.0,CITY OF SEATTLE - (WA)|CITY OF TACOMA - (WA),0.0,-0.36853767339064825,Unknown/Not Researched
King,Seattle,WA,98122.0,2022,TESLA,MODEL Y,Battery Electric Vehicle (BEV),Eligibility unknown as battery range has not been researched,0,37.0,CITY OF SEATTLE - (WA)|CITY OF TACOMA - (WA),0.0,-0.04886954706231235,Unknown/Not Researched
King,Federal Way,WA,98003.0,2022,TESLA,MODEL 3,Battery Electric Vehicle (BEV),Eligibility unknown as battery range has not been researched,0,30.0,PUGET SOUND ENERGY INC||CITY OF TACOMA - (WA),0.0,-0.04886954706231235,Unknown/Not Researched
King,Bellevue,WA,98004.0,2026,CADILLAC,LYRIQ,Battery Electric Vehicle (BEV),Eligibility unknown as battery range has not been researched,0,41.0,PUGET SOUND ENERGY INC||CITY OF TACOMA - (WA),0.0,1.2298029582510313,Unknown/Not Researched
King,Kirkland,WA,98034.0,2024,CHEVROLET,EQUINOX,Battery Electric Vehicle (BEV),Eligibility unknown as battery range has not been researched,0,45.0,PUGET SOUND ENERGY INC||CITY OF TACOMA - (WA),0.0,0.5904667055943594,Unknown/Not Researched
Jefferson,Port Townsend,WA,98368.0,2020,CHEVROLET,BOLT EV,Battery Electric Vehicle (BEV),Clean Alternative Fuel Vehicle Eligible,259,24.0,BONNEVILLE POWER ADMINISTRATION||PUGET SOUND ENERGY INC||PUD NO 1 OF JEFFERSON COUNTY,0.8839590443686007,-0.6882057997189841,Long
Clark,Battle Ground,WA,98604.0,2023,FORD,MUSTANG MACH-E,Battery Electric Vehicle (BEV),Eligibility unknown as battery range has not been researched,0,20.0,BONNEVILLE POWER ADMINISTRATION||PUD NO 1 OF CLARK COUNTY - (WA),0.0,0.2707985792660235,Unknown/Not Researched
Clark,Camas,WA,98607.0,2023,JEEP,GRAND CHEROKEE,Plug-in Hybrid Electric Vehicle (PHEV),Not eligible due to low battery range,25,18.0,BONNEVILLE POWER ADMINISTRATION||PUD NO 1 OF CLARK COUNTY - (WA),0.08532423208191127,0.2707985792660235,Short
King,Sammamish,WA,98075.0,2022,KIA,EV6,Battery Electric Vehicle (BEV),Eligibility unknown as battery range has not been researched,0,41.0,PUGET SOUND ENERGY INC||CITY OF TACOMA - (WA),0.0,-0.04886954706231235,Unknown/Not Researched
King,Seattle,WA,98109.0,2023,RIVIAN,R1T,Battery Electric Vehicle (BEV),Eligibility unknown as battery range has not been researched,0,36.0,CITY OF SEATTLE - (WA)|CITY OF TACOMA - (WA),0.0,0.2707985792660235,Unknown/Not Researched
Kitsap,Silverdale,WA,98383.0,2023,FORD,F-150,Battery Electric Vehicle (BEV),Eligibility unknown as battery range has not been researched,0,35.0,PUGET SOUND ENERGY INC,0.0,0.2707985792660235,Unknown/Not Researched
Kitsap,Bainbridge Island,WA,98110.0,2023,SUBARU,SOLTERRA,Battery Electric Vehicle (BEV),Eligibility unknown as battery range has not been researched,0,23.0,PUGET SOUND ENERGY INC,0.0,0.2707985792660235,Unknown/Not Researched
King,Lake Forest Park,WA,98155.0,2016,TESLA,MODEL S,Battery Electric Vehicle (BEV),Clean Alternative Fuel Vehicle Eligible,210,46.0,PUGET SOUND ENERGY INC||CITY OF TACOMA - (WA),0.7167235494880546,-1.9668783050323277,Long
King,Seattle,WA,98125.0,2021,TESLA,MODEL S,Battery Electric Vehicle (BEV),Eligibility unknown as battery range has not been researched,0,46.0,CITY OF SEATTLE - (WA)|CITY OF TACOMA - (WA),0.0,-0.36853767339064825,Unknown/Not Researched
King,Seattle,WA,98125.0,2026,TESLA,MODEL Y,Battery Electric Vehicle (BEV),Eligibility unknown as battery range has not been researched,0,46.0,CITY OF SEATTLE - (WA)|CITY OF TACOMA - (WA),0.0,1.2298029582510313,Unknown/Not Researched
Thurston,Olympia,WA,98501.0,2017,BMW,I3,Battery Electric Vehicle (BEV),Clean Alternative Fuel Vehicle Eligible,81,22.0,PUGET SOUND ENERGY INC,0.2764505119453925,-1.647210178703992,Medium
King,Bothell,WA,98011.0,2024,MERCEDES-BENZ,ESPRINTER,Battery Electric Vehicle (BEV),Eligibility unknown as battery range has not been researched,0,1.0,PUGET SOUND ENERGY INC||CITY OF TACOMA - (WA),0.0,0.5904667055943594,Unknown/Not Researched
King,Seattle,WA,98177.0,2022,VOLVO,XC90,Plug-in Hybrid Electric Vehicle (PHEV),Clean Alternative Fuel Vehicle Eligible,35,36.0,CITY OF SEATTLE - (WA)|CITY OF TACOMA - (WA),0.11945392491467577,-0.04886954706231235,Short
Clark,Vancouver,WA,98662.0,2025,TOYOTA,RAV4 PRIME (PHEV),Plug-in Hybrid Electric Vehicle (PHEV),Clean Alternative Fuel Vehicle Eligible,42,17.0,BONNEVILLE POWER ADMINISTRATION||PUD NO 1 OF CLARK COUNTY - (WA),0.14334470989761092,0.9101348319226953,Short
King,Kirkland,WA,98033.0,2025,HYUNDAI,KONA,Battery Electric Vehicle (BEV),Eligibility unknown as battery range has not been researched,0,45.0,PUGET SOUND ENERGY INC||CITY OF TACOMA - (WA),0.0,0.9101348319226953,Unknown/Not Researched
King,Redmond,WA,98052.0,2017,CHEVROLET,BOLT EV,Battery Electric Vehicle (BEV),Clean Alternative Fuel Vehicle Eligible,238,45.0,PUGET SOUND ENERGY INC||CITY OF TACOMA - (WA),0.8122866894197952,-1.647210178703992,Long
King,Seattle,WA,98144.0,2021,HYUNDAI,IONIQ,Battery Electric Vehicle (BEV),Eligibility unknown as battery range has not been researched,0,37.0,CITY OF SEATTLE - (WA)|CITY OF TACOMA - (WA),0.0,-0.36853767339064825,Unknown/Not Researched
King,Seattle,WA,98125.0,2024,HYUNDAI,IONIQ 5,Battery Electric Vehicle (BEV),Eligibility unknown as battery range has not been researched,0,46.0,CITY OF SEATTLE - (WA)|CITY OF TACOMA - (WA),0.0,0.5904667055943594,Unknown/Not Researched
Clark,Washougal,WA,98671.0,2024,VOLKSWAGEN,ID.4,Battery Electric Vehicle (BEV),Eligibility unknown as battery range has not been researched,0,18.0,BONNEVILLE POWER ADMINISTRATION||PUD NO 1 OF CLARK COUNTY - (WA),0.0,0.5904667055943594,Unknown/Not Researched
King,Bellevue,WA,98006.0,2018,TESLA,MODEL 3,Battery Electric Vehicle (BEV),Clean Alternative Fuel Vehicle Eligible,215,41.0,PUGET SOUND ENERGY INC||CITY OF TACOMA - (WA),0.7337883959044369,-1.3275420523756558,Long
King,Seattle,WA,98177.0,2025,AUDI,Q6,Battery Electric Vehicle (BEV),Eligibility unknown as battery range has not been researched,0,32.0,CITY OF SEATTLE - (WA)|CITY OF TACOMA - (WA),0.0,0.9101348319226953,Unknown/Not Researched
King,Bellevue,WA,98004.0,2026,TESLA,MODEL Y,Battery Electric Vehicle (BEV),Eligibility unknown as battery range has not been researched,0,48.0,PUGET SOUND ENERGY INC||CITY OF TACOMA - (WA),0.0,1.2298029582510313,Unknown/Not Researched
King,Bellevue,WA,98007.0,2018,TESLA,MODEL 3,Battery Electric Vehicle (BEV),Clean Alternative Fuel Vehicle Eligible,215,48.0,PUGET SOUND ENERGY INC||CITY OF TACOMA - (WA),0.7337883959044369,-1.3275420523756558,Long
King,Seattle,WA,98104.0,2024,HONDA,PROLOGUE,Battery Electric Vehicle (BEV),Eligibility unknown as battery range has not been researched,0,43.0,CITY OF SEATTLE - (WA)|CITY OF TACOMA - (WA),0.0,0.5904667055943594,Unknown/Not Researched
King,Shoreline,WA,98133.0,2024,VOLKSWAGEN,ID.4,Battery Electric Vehicle (BEV),Eligibility unknown as battery range has not been researched,0,32.0,CITY OF SEATTLE - (WA)|CITY OF TACOMA - (WA),0.0,0.5904667055943594,Unknown/Not Researched
King,Bellevue,WA,98006.0,2022,LEXUS,NX,Plug-in Hybrid Electric Vehicle (PHEV),Clean Alternative Fuel Vehicle Eligible,37,41.0,PUGET SOUND ENERGY INC||CITY OF TACOMA - (WA),0.12627986348122866,-0.04886954706231235,Short
King,Kirkland,WA,98033.0,2026,TESLA,MODEL Y,Battery Electric Vehicle (BEV),Eligibility unknown as battery range has not been researched,0,45.0,PUGET SOUND ENERGY INC||CITY OF TACOMA - (WA),0.0,1.2298029582510313,Unknown/Not Researched
King,Bothell,WA,98011.0,2024,TESLA,MODEL 3,Battery Electric Vehicle (BEV),Eligibility unknown as battery range has not been researched,0,1.0,PUGET SOUND ENERGY INC||CITY OF TACOMA - (WA),0.0,0.5904667055943594,Unknown/Not Researched
King,Seattle,WA,98125.0,2026,TESLA,MODEL Y,Battery Electric Vehicle (BEV),Eligibility unknown as battery range has not been researched,0,46.0,CITY OF SEATTLE - (WA)|CITY OF TACOMA - (WA),0.0,1.2298029582510313,Unknown/Not Researched
King,Kent,WA,98030.0,2026,TESLA,MODEL Y,Battery Electric Vehicle (BEV),Eligibility unknown as battery range has not been researched,0,47.0,PUGET SOUND ENERGY INC||CITY OF TACOMA - (WA),0.0,1.2298029582510313,Unknown/Not Researched
King,Kirkland,WA,98033.0,2024,MERCEDES-BENZ,GLE-CLASS,Plug-in Hybrid Electric Vehicle (PHEV),Clean Alternative Fuel Vehicle Eligible,48,48.0,PUGET SOUND ENERGY INC||CITY OF TACOMA - (WA),0.16382252559726962,0.5904667055943594,Short
King,Kent,WA,98031.0,2025,TOYOTA,BZ4X,Battery Electric Vehicle (BEV),Eligibility unknown as battery range has not been researched,0,47.0,PUGET SOUND ENERGY INC||CITY OF TACOMA - (WA),0.0,0.9101348319226953,Unknown/Not Researched
Thurston,Yelm,WA,98597.0,2023,FORD,MUSTANG MACH-E,Battery Electric Vehicle (BEV),Eligibility unknown as battery range has not been researched,0,2.0,PUGET SOUND ENERGY INC,0.0,0.2707985792660235,Unknown/Not Researched
Clark,Washougal,WA,98671.0,2025,POLESTAR,POLESTAR 3,Battery Electric Vehicle (BEV),Eligibility unknown as battery range has not been researched,0,18.0,BONNEVILLE POWER ADMINISTRATION||PACIFICORP||PUD NO 1 OF CLARK COUNTY - (WA),0.0,0.9101348319226953,Unknown/Not Researched
King,Bellevue,WA,98005.0,2024,TESLA,MODEL Y,Battery Electric Vehicle (BEV),Eligibility unknown as battery range has not been researched,0,41.0,PUGET SOUND ENERGY INC||CITY OF TACOMA - (WA),0.0,0.5904667055943594,Unknown/Not Researched
King,Bothell,WA,98011.0,2022,CHEVROLET,BOLT EUV,Battery Electric Vehicle (BEV),Eligibility unknown as battery range has not been researched,0,1.0,PUGET SOUND ENERGY INC||CITY OF TACOMA - (WA),0.0,-0.04886954706231235,Unknown/Not Researched
King,Kirkland,WA,98034.0,2026,BMW,X5,Plug-in Hybrid Electric Vehicle (PHEV),Clean Alternative Fuel Vehicle Eligible,38,1.0,PUGET SOUND ENERGY INC||CITY OF TACOMA - (WA),0.1296928327645051,1.2298029582510313,Short
King,Bothell,WA,98011.0,2023,TESLA,MODEL Y,Battery Electric Vehicle (BEV),Eligibility unknown as battery range has not been researched,0,1.0,PUGET SOUND ENERGY INC||CITY OF TACOMA - (WA),0.0,0.2707985792660235,Unknown/Not Researched
King,Bellevue,WA,98007.0,2023,TESLA,MODEL Y,Battery Electric Vehicle (BEV),Eligibility unknown as battery range has not been researched,0,48.0,PUGET SOUND ENERGY INC||CITY OF TACOMA - (WA),0.0,0.2707985792660235,Unknown/Not Researched
King,Seattle,WA,98125.0,2023,KIA,SPORTAGE,Plug-in Hybrid Electric Vehicle (PHEV),Clean Alternative Fuel Vehicle Eligible,34,46.0,CITY OF SEATTLE - (WA)|CITY OF TACOMA - (WA),0.11604095563139932,0.2707985792660235,Short
King,Kirkland,WA,98034.0,2017,TOYOTA,PRIUS PRIME (PHEV),Plug-in Hybrid Electric Vehicle (PHEV),Not eligible due to low battery range,25,45.0,PUGET SOUND ENERGY INC||CITY OF TACOMA - (WA),0.08532423208191127,-1.647210178703992,Short
Clark,Vancouver,WA,98685.0,2022,TESLA,MODEL 3,Battery Electric Vehicle (BEV),Eligibility unknown as battery range has not been researched,0,18.0,BONNEVILLE POWER ADMINISTRATION||PUD NO 1 OF CLARK COUNTY - (WA),0.0,-0.04886954706231235,Unknown/Not Researched
King,Redmond,WA,98052.0,2014,CHEVROLET,VOLT,Plug-in Hybrid Electric Vehicle (PHEV),Clean Alternative Fuel Vehicle Eligible,38,45.0,PUGET SOUND ENERGY INC||CITY OF TACOMA - (WA),0.1296928327645051,-2.6062145576889995,Short
King,Medina,WA,98039.0,2022,TESLA,MODEL S,Battery Electric Vehicle (BEV),Eligibility unknown as battery range has not been researched,0,48.0,PUGET SOUND ENERGY INC||CITY OF TACOMA - (WA),0.0,-0.04886954706231235,Unknown/Not Researched
King,Sammamish,WA,98075.0,2022,RIVIAN,R1T,Battery Electric Vehicle (BEV),Eligibility unknown as battery range has not been researched,0,41.0,PUGET SOUND ENERGY INC||CITY OF TACOMA - (WA),0.0,-0.04886954706231235,Unknown/Not Researched
King,Bellevue,WA,98006.0,2018,TESLA,MODEL 3,Battery Electric Vehicle (BEV),Clean Alternative Fuel Vehicle Eligible,215,41.0,PUGET SOUND ENERGY INC||CITY OF TACOMA - (WA),0.7337883959044369,-1.3275420523756558,Long
Cowlitz,Castle Rock,WA,98611.0,2024,TESLA,CYBERTRUCK,Battery Electric Vehicle (BEV),Eligibility unknown as battery range has not been researched,0,20.0,BONNEVILLE POWER ADMINISTRATION||PUD NO 1 OF COWLITZ COUNTY,0.0,0.5904667055943594,Unknown/Not Researched
King,Shoreline,WA,98155.0,2026,TESLA,MODEL Y,Battery Electric Vehicle (BEV),Eligibility unknown as battery range has not been researched,0,32.0,CITY OF SEATTLE - (WA)|CITY OF TACOMA - (WA),0.0,1.2298029582510313,Unknown/Not Researched
King,Bellevue,WA,98006.0,2023,TESLA,MODEL Y,Battery Electric Vehicle (BEV),Eligibility unknown as battery range has not been researched,0,41.0,PUGET SOUND ENERGY INC||CITY OF TACOMA - (WA),0.0,0.2707985792660235,Unknown/Not Researched
King,Bellevue,WA,98004.0,2018,TESLA,MODEL 3,Battery Electric Vehicle (BEV),Clean Alternative Fuel Vehicle Eligible,215,41.0,PUGET SOUND ENERGY INC||CITY OF TACOMA - (WA),0.7337883959044369,-1.3275420523756558,Long
King,Renton,WA,98056.0,2014,TESLA,MODEL S,Battery Electric Vehicle (BEV),Clean Alternative Fuel Vehicle Eligible,208,41.0,PUGET SOUND ENERGY INC||CITY OF TACOMA - (WA),0.7098976109215017,-2.6062145576889995,Long
King,Seattle,WA,98103.0,2018,TESLA,MODEL 3,Battery Electric Vehicle (BEV),Clean Alternative Fuel Vehicle Eligible,215,36.0,CITY OF SEATTLE - (WA)|CITY OF TACOMA - (WA),0.7337883959044369,-1.3275420523756558,Long
King,Seattle,WA,98125.0,2022,TESLA,MODEL Y,Battery Electric Vehicle (BEV),Eligibility unknown as battery range has not been researched,0,46.0,CITY OF SEATTLE - (WA)|CITY OF TACOMA - (WA),0.0,-0.04886954706231235,Unknown/Not Researched
King,Bellevue,WA,98004.0,2023,TESLA,MODEL Y,Battery Electric Vehicle (BEV),Eligibility unknown as battery range has not been researched,0,48.0,PUGET SOUND ENERGY INC||CITY OF TACOMA - (WA),0.0,0.2707985792660235,Unknown/Not Researched
King,Bellevue,WA,98004.0,2023,TESLA,MODEL 3,Battery Electric Vehicle (BEV),Eligibility unknown as battery range has not been researched,0,48.0,PUGET SOUND ENERGY INC||CITY OF TACOMA - (WA),0.0,0.2707985792660235,Unknown/Not Researched
Snohomish,Snohomish,WA,98290.0,2018,BMW,X5,Plug-in Hybrid Electric Vehicle (PHEV),Not eligible due to low battery range,13,39.0,PUGET SOUND ENERGY INC,0.04436860068259386,-1.3275420523756558,Short
King,Federal Way,WA,98003.0,2024,MAZDA,CX-90,Plug-in Hybrid Electric Vehicle (PHEV),Not eligible due to low battery range,26,30.0,PUGET SOUND ENERGY INC||CITY OF TACOMA - (WA),0.08873720136518772,0.5904667055943594,Short
King,Seattle,WA,98133.0,2016,TESLA,MODEL S,Battery Electric Vehicle (BEV),Clean Alternative Fuel Vehicle Eligible,210,32.0,CITY OF SEATTLE - (WA)|CITY OF TACOMA - (WA),0.7167235494880546,-1.9668783050323277,Long
King,Seattle,WA,98125.0,2026,TESLA,MODEL Y,Battery Electric Vehicle (BEV),Eligibility unknown as battery range has not been researched,0,46.0,CITY OF SEATTLE - (WA)|CITY OF TACOMA - (WA),0.0,1.2298029582510313,Unknown/Not Researched
Clark,Vancouver,WA,98682.0,2014,TOYOTA,PRIUS,Plug-in Hybrid Electric Vehicle (PHEV),Not eligible due to low battery range,6,17.0,BONNEVILLE POWER ADMINISTRATION||PUD NO 1 OF CLARK COUNTY - (WA),0.020477815699658702,-2.6062145576889995,Short
King,Seattle,WA,98119.0,2022,VOLKSWAGEN,ID.4,Battery Electric Vehicle (BEV),Eligibility unknown as battery range has not been researched,0,36.0,CITY OF SEATTLE - (WA)|CITY OF TACOMA - (WA),0.0,-0.04886954706231235,Unknown/Not Researched
Clark,Vancouver,WA,98685.0,2024,KIA,EV9,Battery Electric Vehicle (BEV),Eligibility unknown as battery range has not been researched,0,18.0,BONNEVILLE POWER ADMINISTRATION||PUD NO 1 OF CLARK COUNTY - (WA),0.0,0.5904667055943594,Unknown/Not Researched
King,Covington,WA,98042.0,2019,BMW,530E,Plug-in Hybrid Electric Vehicle (PHEV),Not eligible due to low battery range,16,47.0,PUGET SOUND ENERGY INC||CITY OF TACOMA - (WA),0.05460750853242321,-1.00787392604732,Short
King,Renton,WA,98059.0,2023,TESLA,MODEL Y,Battery Electric Vehicle (BEV),Eligibility unknown as battery range has not been researched,0,11.0,PUGET SOUND ENERGY INC||CITY OF TACOMA - (WA),0.0,0.2707985792660235,Unknown/Not Researched
King,Renton,WA,98055.0,2024,FORD,MUSTANG MACH-E,Battery Electric Vehicle (BEV),Eligibility unknown as battery range has not been researched,0,33.0,PUGET SOUND ENERGY INC||CITY OF TACOMA - (WA),0.0,0.5904667055943594,Unknown/Not Researched
King,Seattle,WA,98116.0,2025,TOYOTA,PRIUS PRIME (PHEV),Plug-in Hybrid Electric Vehicle (PHEV),Clean Alternative Fuel Vehicle Eligible,39,34.0,CITY OF SEATTLE - (WA)|CITY OF TACOMA - (WA),0.13310580204778158,0.9101348319226953,Short
King,Kent,WA,98031.0,2025,TESLA,MODEL Y,Battery Electric Vehicle (BEV),Eligibility unknown as battery range has not been researched,0,47.0,PUGET SOUND ENERGY INC||CITY OF TACOMA - (WA),0.0,0.9101348319226953,Unknown/Not Researched
King,Kirkland,WA,98034.0,2018,VOLVO,XC90,Plug-in Hybrid Electric Vehicle (PHEV),Not eligible due to low battery range,19,1.0,PUGET SOUND ENERGY INC||CITY OF TACOMA - (WA),0.06484641638225255,-1.3275420523756558,Short
Snohomish,Arlington,WA,98223.0,2025,TOYOTA,RAV4 PRIME (PHEV),Plug-in Hybrid Electric Vehicle (PHEV),Clean Alternative Fuel Vehicle Eligible,42,39.0,BONNEVILLE POWER ADMINISTRATION||PUD 1 OF SNOHOMISH COUNTY,0.14334470989761092,0.9101348319226953,Short
King,Kirkland,WA,98034.0,2019,AUDI,E-TRON,Battery Electric Vehicle (BEV),Clean Alternative Fuel Vehicle Eligible,204,45.0,PUGET SOUND ENERGY INC||CITY OF TACOMA - (WA),0.6962457337883959,-1.00787392604732,Long
King,Seattle,WA,98122.0,2023,TOYOTA,PRIUS PRIME (PHEV),Plug-in Hybrid Electric Vehicle (PHEV),Clean Alternative Fuel Vehicle Eligible,39,37.0,CITY OF SEATTLE - (WA)|CITY OF TACOMA - (WA),0.13310580204778158,0.2707985792660235,Short
King,Kirkland,WA,98034.0,2025,TESLA,MODEL Y,Battery Electric Vehicle (BEV),Eligibility unknown as battery range has not been researched,0,45.0,PUGET SOUND ENERGY INC||CITY OF TACOMA - (WA),0.0,0.9101348319226953,Unknown/Not Researched
King,Seattle,WA,98133.0,2024,TESLA,MODEL 3,Battery Electric Vehicle (BEV),Eligibility unknown as battery range has not been researched,0,46.0,CITY OF SEATTLE - (WA)|CITY OF TACOMA - (WA),0.0,0.5904667055943594,Unknown/Not Researched
King,Issaquah,WA,98029.0,2012,CHEVROLET,VOLT,Plug-in Hybrid Electric Vehicle (PHEV),Clean Alternative Fuel Vehicle Eligible,35,5.0,PUGET SOUND ENERGY INC||CITY OF TACOMA - (WA),0.11945392491467577,-3.245550810345671,Short
King,Auburn,WA,98092.0,2024,TESLA,MODEL Y,Battery Electric Vehicle (BEV),Eligibility unknown as battery range has not been researched,0,47.0,PUGET SOUND ENERGY INC||CITY OF TACOMA - (WA),0.0,0.5904667055943594,Unknown/Not Researched
Kitsap,Bainbridge Island,WA,98110.0,2024,KIA,NIRO,Plug-in Hybrid Electric Vehicle (PHEV),Clean Alternative Fuel Vehicle Eligible,33,23.0,PUGET SOUND ENERGY INC,0.11262798634812286,0.5904667055943594,Short
King,Seattle,WA,98133.0,2016,FORD,C-MAX,Plug-in Hybrid Electric Vehicle (PHEV),Not eligible due to low battery range,19,32.0,CITY OF SEATTLE - (WA)|CITY OF TACOMA - (WA),0.06484641638225255,-1.9668783050323277,Short
Snohomish,Lynnwood,WA,98087.0,2025,CHEVROLET,EQUINOX,Battery Electric Vehicle (BEV),Eligibility unknown as battery range has not been researched,0,21.0,PUGET SOUND ENERGY INC,0.0,0.9101348319226953,Unknown/Not Researched
King,Sammamish,WA,98075.0,2026,MERCEDES-BENZ,CLA-CLASS,Battery Electric Vehicle (BEV),Eligibility unknown as battery range has not been researched,0,41.0,PUGET SOUND ENERGY INC||CITY OF TACOMA - (WA),0.0,1.2298029582510313,Unknown/Not Researched
King,Kirkland,WA,98034.0,2023,TESLA,MODEL Y,Battery Electric Vehicle (BEV),Eligibility unknown as battery range has not been researched,0,45.0,PUGET SOUND ENERGY INC||CITY OF TACOMA - (WA),0.0,0.2707985792660235,Unknown/Not Researched
King,Auburn,WA,98092.0,2024,TESLA,MODEL X,Battery Electric Vehicle (BEV),Eligibility unknown as battery range has not been researched,0,47.0,PUGET SOUND ENERGY INC||CITY OF TACOMA - (WA),0.0,0.5904667055943594,Unknown/Not Researched
Thurston,Olympia,WA,98502.0,2025,TESLA,MODEL 3,Battery Electric Vehicle (BEV),Eligibility unknown as battery range has not been researched,0,22.0,PUGET SOUND ENERGY INC,0.0,0.9101348319226953,Unknown/Not Researched
King,Kirkland,WA,98033.0,2026,LUCID,AIR,Battery Electric Vehicle (BEV),Eligibility unknown as battery range has not been researched,0,45.0,PUGET SOUND ENERGY INC||CITY OF TACOMA - (WA),0.0,1.2298029582510313,Unknown/Not Researched
King,Bellevue,WA,98005.0,2026,BMW,X5,Plug-in Hybrid Electric Vehicle (PHEV),Clean Alternative Fuel Vehicle Eligible,38,48.0,PUGET SOUND ENERGY INC||CITY OF TACOMA - (WA),0.1296928327645051,1.2298029582510313,Short
Snohomish,Woodway,WA,98020.0,2022,TESLA,MODEL Y,Battery Electric Vehicle (BEV),Eligibility unknown as battery range has not been researched,0,32.0,PUGET SOUND ENERGY INC,0.0,-0.04886954706231235,Unknown/Not Researched
Snohomish,Mill Creek,WA,98012.0,2023,TESLA,MODEL Y,Battery Electric Vehicle (BEV),Eligibility unknown as battery range has not been researched,0,44.0,PUGET SOUND ENERGY INC,0.0,0.2707985792660235,Unknown/Not Researched
King,Seattle,WA,98199.0,2024,TOYOTA,RAV4 PRIME (PHEV),Plug-in Hybrid Electric Vehicle (PHEV),Clean Alternative Fuel Vehicle Eligible,42,36.0,CITY OF SEATTLE - (WA)|CITY OF TACOMA - (WA),0.14334470989761092,0.5904667055943594,Short
King,Seattle,WA,98122.0,2016,VOLKSWAGEN,E-GOLF,Battery Electric Vehicle (BEV),Clean Alternative Fuel Vehicle Eligible,83,43.0,CITY OF SEATTLE - (WA)|CITY OF TACOMA - (WA),0.2832764505119454,-1.9668783050323277,Medium
King,Kent,WA,98030.0,2021,AUDI,E-TRON,Battery Electric Vehicle (BEV),Clean Alternative Fuel Vehicle Eligible,222,33.0,PUGET SOUND ENERGY INC||CITY OF TACOMA - (WA),0.757679180887372,-0.36853767339064825,Long
King,Bellevue,WA,98008.0,2013,NISSAN,LEAF,Battery Electric Vehicle (BEV),Clean Alternative Fuel Vehicle Eligible,75,48.0,PUGET SOUND ENERGY INC||CITY OF TACOMA - (WA),0.25597269624573377,-2.9258826840173353,Medium
King,Covington,WA,98042.0,2024,HONDA,PROLOGUE,Battery Electric Vehicle (BEV),Eligibility unknown as battery range has not been researched,0,47.0,PUGET SOUND ENERGY INC||CITY OF TACOMA - (WA),0.0,0.5904667055943594,Unknown/Not Researched
King,Kirkland,WA,98033.0,2024,KIA,NIRO,Battery Electric Vehicle (BEV),Eligibility unknown as battery range has not been researched,0,48.0,PUGET SOUND ENERGY INC||CITY OF TACOMA - (WA),0.0,0.5904667055943594,Unknown/Not Researched
Clark,Vancouver,WA,98685.0,2021,VOLVO,XC40,Battery Electric Vehicle (BEV),Eligibility unknown as battery range has not been researched,0,18.0,BONNEVILLE POWER ADMINISTRATION||PUD NO 1 OF CLARK COUNTY - (WA),0.0,-0.36853767339064825,Unknown/Not Researched
Kitsap,Port Orchard,WA,98367.0,2019,CHEVROLET,BOLT EV,Battery Electric Vehicle (BEV),Clean Alternative Fuel Vehicle Eligible,238,26.0,PUGET SOUND ENERGY INC,0.8122866894197952,-1.00787392604732,Long
King,Kent,WA,98031.0,2024,NISSAN,LEAF,Battery Electric Vehicle (BEV),Eligibility unknown as battery range has not been researched,0,47.0,PUGET SOUND ENERGY INC||CITY OF TACOMA - (WA),0.0,0.5904667055943594,Unknown/Not Researched
Kitsap,Port Orchard,WA,98367.0,2020,TESLA,MODEL Y,Battery Electric Vehicle (BEV),Clean Alternative Fuel Vehicle Eligible,291,26.0,PUGET SOUND ENERGY INC,0.9931740614334471,-0.6882057997189841,Long
Clark,Vancouver,WA,98662.0,2024,HYUNDAI,IONIQ 5,Battery Electric Vehicle (BEV),Eligibility unknown as battery range has not been researched,0,17.0,BONNEVILLE POWER ADMINISTRATION||PUD NO 1 OF CLARK COUNTY - (WA),0.0,0.5904667055943594,Unknown/Not Researched
King,Kirkland,WA,98034.0,2024,TOYOTA,PRIUS PRIME (PHEV),Plug-in Hybrid Electric Vehicle (PHEV),Clean Alternative Fuel Vehicle Eligible,39,45.0,PUGET SOUND ENERGY INC||CITY OF TACOMA - (WA),0.13310580204778158,0.5904667055943594,Short
King,Duvall,WA,98019.0,2025,CHEVROLET,EQUINOX,Battery Electric Vehicle (BEV),Eligibility unknown as battery range has not been researched,0,45.0,PUGET SOUND ENERGY INC||CITY OF TACOMA - (WA),0.0,0.9101348319226953,Unknown/Not Researched
King,Seattle,WA,98178.0,2026,CADILLAC,OPTIQ,Battery Electric Vehicle (BEV),Eligibility unknown as battery range has not been researched,0,37.0,CITY OF SEATTLE - (WA)|CITY OF TACOMA - (WA),0.0,1.2298029582510313,Unknown/Not Researched
King,Seattle,WA,98116.0,2024,LEXUS,NX,Plug-in Hybrid Electric Vehicle (PHEV),Clean Alternative Fuel Vehicle Eligible,37,34.0,CITY OF SEATTLE - (WA)|CITY OF TACOMA - (WA),0.12627986348122866,0.5904667055943594,Short
King,Shoreline,WA,98155.0,2016,VOLKSWAGEN,E-GOLF,Battery Electric Vehicle (BEV),Clean Alternative Fuel Vehicle Eligible,83,32.0,CITY OF SEATTLE - (WA)|CITY OF TACOMA - (WA),0.2832764505119454,-1.9668783050323277,Medium
King,Renton,WA,98059.0,2024,AUDI,Q4,Battery Electric Vehicle (BEV),Eligibility unknown as battery range has not been researched,0,11.0,PUGET SOUND ENERGY INC||CITY OF TACOMA - (WA),0.0,0.5904667055943594,Unknown/Not Researched
Clark,Vancouver,WA,98686.0,2013,NISSAN,LEAF,Battery Electric Vehicle (BEV),Clean Alternative Fuel Vehicle Eligible,75,49.0,BONNEVILLE POWER ADMINISTRATION||PUD NO 1 OF CLARK COUNTY - (WA),0.25597269624573377,-2.9258826840173353,Medium
King,Seattle,WA,98119.0,2023,HYUNDAI,SANTA FE,Plug-in Hybrid Electric Vehicle (PHEV),Clean Alternative Fuel Vehicle Eligible,30,36.0,CITY OF SEATTLE - (WA)|CITY OF TACOMA - (WA),0.10238907849829351,0.2707985792660235,Short
King,Tukwila,WA,98188.0,2023,TESLA,MODEL S,Battery Electric Vehicle (BEV),Eligibility unknown as battery range has not been researched,0,11.0,PUGET SOUND ENERGY INC||CITY OF TACOMA - (WA),0.0,0.2707985792660235,Unknown/Not Researched
King,Shoreline,WA,98155.0,2022,TESLA,MODEL 3,Battery Electric Vehicle (BEV),Eligibility unknown as battery range has not been researched,0,32.0,CITY OF SEATTLE - (WA)|CITY OF TACOMA - (WA),0.0,-0.04886954706231235,Unknown/Not Researched
Thurston,Tenino,WA,98589.0,2024,TOYOTA,BZ4X,Battery Electric Vehicle (BEV),Eligibility unknown as battery range has not been researched,0,20.0,PUGET SOUND ENERGY INC,0.0,0.5904667055943594,Unknown/Not Researched
Snohomish,Everett,WA,98204.0,2026,TESLA,MODEL Y,Battery Electric Vehicle (BEV),Eligibility unknown as battery range has not been researched,0,21.0,PUGET SOUND ENERGY INC,0.0,1.2298029582510313,Unknown/Not Researched
King,Bellevue,WA,98006.0,2023,BMW,330E,Plug-in Hybrid Electric Vehicle (PHEV),Not eligible due to low battery range,22,41.0,PUGET SOUND ENERGY INC||CITY OF TACOMA - (WA),0.07508532423208192,0.2707985792660235,Short
Clark,Brush Prairie,WA,98606.0,2023,TESLA,MODEL Y,Battery Electric Vehicle (BEV),Eligibility unknown as battery range has not been researched,0,17.0,BONNEVILLE POWER ADMINISTRATION||PUD NO 1 OF CLARK COUNTY - (WA),0.0,0.2707985792660235,Unknown/Not Researched
King,Bellevue,WA,98007.0,2021,TOYOTA,RAV4 PRIME (PHEV),Plug-in Hybrid Electric Vehicle (PHEV),Clean Alternative Fuel Vehicle Eligible,42,48.0,PUGET SOUND ENERGY INC||CITY OF TACOMA - (WA),0.14334470989761092,-0.36853767339064825,Short
King,Seatac,WA,98188.0,2017,CHEVROLET,BOLT EV,Battery Electric Vehicle (BEV),Clean Alternative Fuel Vehicle Eligible,238,33.0,PUGET SOUND ENERGY INC||CITY OF TACOMA - (WA),0.8122866894197952,-1.647210178703992,Long
King,Bellevue,WA,98007.0,2019,KIA,NIRO,Plug-in Hybrid Electric Vehicle (PHEV),Not eligible due to low battery range,26,48.0,PUGET SOUND ENERGY INC||CITY OF TACOMA - (WA),0.08873720136518772,-1.00787392604732,Short
King,Renton,WA,98058.0,2024,HYUNDAI,IONIQ 5,Battery Electric Vehicle (BEV),Eligibility unknown as battery range has not been researched,0,11.0,PUGET SOUND ENERGY INC||CITY OF TACOMA - (WA),0.0,0.5904667055943594,Unknown/Not Researched
Clark,La Center,WA,98629.0,2025,CHEVROLET,BLAZER,Battery Electric Vehicle (BEV),Eligibility unknown as battery range has not been researched,0,20.0,BONNEVILLE POWER ADMINISTRATION||PUD NO 1 OF CLARK COUNTY - (WA),0.0,0.9101348319226953,Unknown/Not Researched
King,Seattle,WA,98122.0,2023,CHEVROLET,BOLT EV,Battery Electric Vehicle (BEV),Eligibility unknown as battery range has not been researched,0,37.0,CITY OF SEATTLE - (WA)|CITY OF TACOMA - (WA),0.0,0.2707985792660235,Unknown/Not Researched
King,Kirkland,WA,98033.0,2019,TESLA,MODEL 3,Battery Electric Vehicle (BEV),Clean Alternative Fuel Vehicle Eligible,220,48.0,PUGET SOUND ENERGY INC||CITY OF TACOMA - (WA),0.7508532423208191,-1.00787392604732,Long
King,Bellevue,WA,98006.0,2024,PORSCHE,TAYCAN,Battery Electric Vehicle (BEV),Eligibility unknown as battery range has not been researched,0,41.0,PUGET SOUND ENERGY INC||CITY OF TACOMA - (WA),0.0,0.5904667055943594,Unknown/Not Researched
King,Auburn,WA,98002.0,2021,JEEP,WRANGLER,Plug-in Hybrid Electric Vehicle (PHEV),Not eligible due to low battery range,25,47.0,PUGET SOUND ENERGY INC||CITY OF TACOMA - (WA),0.08532423208191127,-0.36853767339064825,Short
King,Seattle,WA,98108.0,2022,HYUNDAI,IONIQ 5,Battery Electric Vehicle (BEV),Eligibility unknown as battery range has not been researched,0,37.0,CITY OF SEATTLE - (WA)|CITY OF TACOMA - (WA),0.0,-0.04886954706231235,Unknown/Not Researched
King,Kirkland,WA,98033.0,2023,TESLA,MODEL 3,Battery Electric Vehicle (BEV),Eligibility unknown as battery range has not been researched,0,45.0,PUGET SOUND ENERGY INC||CITY OF TACOMA - (WA),0.0,0.2707985792660235,Unknown/Not Researched
King,Lake Forest Park,WA,98155.0,2026,TESLA,MODEL Y,Battery Electric Vehicle (BEV),Eligibility unknown as battery range has not been researched,0,46.0,CITY OF SEATTLE - (WA)|CITY OF TACOMA - (WA),0.0,1.2298029582510313,Unknown/Not Researched
King,Kirkland,WA,98033.0,2017,CHEVROLET,VOLT,Plug-in Hybrid Electric Vehicle (PHEV),Clean Alternative Fuel Vehicle Eligible,53,48.0,PUGET SOUND ENERGY INC||CITY OF TACOMA - (WA),0.18088737201365188,-1.647210178703992,Medium
King,Bellevue,WA,98006.0,2026,TESLA,MODEL Y,Battery Electric Vehicle (BEV),Eligibility unknown as battery range has not been researched,0,41.0,PUGET SOUND ENERGY INC||CITY OF TACOMA - (WA),0.0,1.2298029582510313,Unknown/Not Researched
King,Kent,WA,98031.0,2024,HONDA,PROLOGUE,Battery Electric Vehicle (BEV),Eligibility unknown as battery range has not been researched,0,47.0,PUGET SOUND ENERGY INC||CITY OF TACOMA - (WA),0.0,0.5904667055943594,Unknown/Not Researched
King,Kirkland,WA,98033.0,2022,TESLA,MODEL Y,Battery Electric Vehicle (BEV),Eligibility unknown as battery range has not been researched,0,45.0,PUGET SOUND ENERGY INC||CITY OF TACOMA - (WA),0.0,-0.04886954706231235,Unknown/Not Researched
King,Seattle,WA,98134.0,2026,BMW,550E,Plug-in Hybrid Electric Vehicle (PHEV),Clean Alternative Fuel Vehicle Eligible,33,37.0,CITY OF SEATTLE - (WA)|CITY OF TACOMA - (WA),0.11262798634812286,1.2298029582510313,Short
King,Newcastle,WA,98056.0,2023,VOLVO,XC90,Plug-in Hybrid Electric Vehicle (PHEV),Clean Alternative Fuel Vehicle Eligible,32,41.0,PUGET SOUND ENERGY INC||CITY OF TACOMA - (WA),0.10921501706484642,0.2707985792660235,Short
King,Seattle,WA,98125.0,2024,TESLA,MODEL Y,Battery Electric Vehicle (BEV),Eligibility unknown as battery range has not been researched,0,46.0,CITY OF SEATTLE - (WA)|CITY OF TACOMA - (WA),0.0,0.5904667055943594,Unknown/Not Researched
Clark,Camas,WA,98607.0,2022,TESLA,MODEL Y,Battery Electric Vehicle (BEV),Eligibility unknown as battery range has not been researched,0,18.0,BONNEVILLE POWER ADMINISTRATION||PUD NO 1 OF CLARK COUNTY - (WA),0.0,-0.04886954706231235,Unknown/Not Researched
King,Seattle,WA,98177.0,2023,VOLKSWAGEN,ID.4,Battery Electric Vehicle (BEV),Eligibility unknown as battery range has not been researched,0,32.0,CITY OF SEATTLE - (WA)|CITY OF TACOMA - (WA),0.0,0.2707985792660235,Unknown/Not Researched
King,Seattle,WA,98177.0,2021,CHRYSLER,PACIFICA,Plug-in Hybrid Electric Vehicle (PHEV),Clean Alternative Fuel Vehicle Eligible,32,32.0,CITY OF SEATTLE - (WA)|CITY OF TACOMA - (WA),0.10921501706484642,-0.36853767339064825,Short
King,Bellevue,WA,98004.0,2026,BMW,X5,Plug-in Hybrid Electric Vehicle (PHEV),Clean Alternative Fuel Vehicle Eligible,38,41.0,PUGET SOUND ENERGY INC||CITY OF TACOMA - (WA),0.1296928327645051,1.2298029582510313,Short
King,Bellevue,WA,98005.0,2026,BMW,X5,Plug-in Hybrid Electric Vehicle (PHEV),Clean Alternative Fuel Vehicle Eligible,38,48.0,PUGET SOUND ENERGY INC||CITY OF TACOMA - (WA),0.1296928327645051,1.2298029582510313,Short
Cowlitz,Longview,WA,98632.0,2018,CHEVROLET,VOLT,Plug-in Hybrid Electric Vehicle (PHEV),Clean Alternative Fuel Vehicle Eligible,53,19.0,BONNEVILLE POWER ADMINISTRATION||PUD NO 1 OF COWLITZ COUNTY,0.18088737201365188,-1.3275420523756558,Medium
King,Kirkland,WA,98034.0,2022,CHEVROLET,BOLT EUV,Battery Electric Vehicle (BEV),Eligibility unknown as battery range has not been researched,0,45.0,PUGET SOUND ENERGY INC||CITY OF TACOMA - (WA),0.0,-0.04886954706231235,Unknown/Not Researched
King,Seattle,WA,98177.0,2023,RIVIAN,R1S,Battery Electric Vehicle (BEV),Eligibility unknown as battery range has not been researched,0,36.0,CITY OF SEATTLE - (WA)|CITY OF TACOMA - (WA),0.0,0.2707985792660235,Unknown/Not Researched
Clark,Vancouver,WA,98665.0,2024,TOYOTA,RAV4 PRIME (PHEV),Plug-in Hybrid Electric Vehicle (PHEV),Clean Alternative Fuel Vehicle Eligible,42,49.0,BONNEVILLE POWER ADMINISTRATION||PUD NO 1 OF CLARK COUNTY - (WA),0.14334470989761092,0.5904667055943594,Short
King,Seattle,WA,98125.0,2021,TOYOTA,RAV4 PRIME (PHEV),Plug-in Hybrid Electric Vehicle (PHEV),Clean Alternative Fuel Vehicle Eligible,42,46.0,CITY OF SEATTLE - (WA)|CITY OF TACOMA - (WA),0.14334470989761092,-0.36853767339064825,Short
Thurston,Olympia,WA,98506.0,2016,FIAT,500,Battery Electric Vehicle (BEV),Clean Alternative Fuel Vehicle Eligible,84,22.0,PUGET SOUND ENERGY INC,0.28668941979522183,-1.9668783050323277,Medium
King,Seattle,WA,98121.0,2022,PORSCHE,TAYCAN,Battery Electric Vehicle (BEV),Eligibility unknown as battery range has not been researched,0,36.0,CITY OF SEATTLE - (WA)|CITY OF TACOMA - (WA),0.0,-0.04886954706231235,Unknown/Not Researched
Yakima,Yakima,WA,98908.0,2023,VOLKSWAGEN,ID.4,Battery Electric Vehicle (BEV),Eligibility unknown as battery range has not been researched,0,14.0,PACIFICORP,0.0,0.2707985792660235,Unknown/Not Researched
King,Kirkland,WA,98033.0,2021,TESLA,MODEL Y,Battery Electric Vehicle (BEV),Eligibility unknown as battery range has not been researched,0,48.0,PUGET SOUND ENERGY INC||CITY OF TACOMA - (WA),0.0,-0.36853767339064825,Unknown/Not Researched
King,Bellevue,WA,98005.0,2024,TESLA,CYBERTRUCK,Battery Electric Vehicle (BEV),Eligibility unknown as battery range has not been researched,0,41.0,PUGET SOUND ENERGY INC||CITY OF TACOMA - (WA),0.0,0.5904667055943594,Unknown/Not Researched
King,Kirkland,WA,98033.0,2026,TESLA,MODEL S,Battery Electric Vehicle (BEV),Eligibility unknown as battery range has not been researched,0,48.0,PUGET SOUND ENERGY INC||CITY OF TACOMA - (WA),0.0,1.2298029582510313,Unknown/Not Researched
King,Kirkland,WA,98033.0,2025,PORSCHE,CAYENNE,Plug-in Hybrid Electric Vehicle (PHEV),Not eligible due to low battery range,29,48.0,PUGET SOUND ENERGY INC||CITY OF TACOMA - (WA),0.09897610921501707,0.9101348319226953,Short
King,Seattle,WA,98133.0,2024,CHEVROLET,EQUINOX,Battery Electric Vehicle (BEV),Eligibility unknown as battery range has not been researched,0,46.0,CITY OF SEATTLE - (WA)|CITY OF TACOMA - (WA),0.0,0.5904667055943594,Unknown/Not Researched
King,Sammamish,WA,98075.0,2024,BMW,IX,Battery Electric Vehicle (BEV),Eligibility unknown as battery range has not been researched,0,41.0,PUGET SOUND ENERGY INC||CITY OF TACOMA - (WA),0.0,0.5904667055943594,Unknown/Not Researched
King,Auburn,WA,98092.0,2025,FORD,MUSTANG MACH-E,Battery Electric Vehicle (BEV),Eligibility unknown as battery range has not been researched,0,47.0,PUGET SOUND ENERGY INC||CITY OF TACOMA - (WA),0.0,0.9101348319226953,Unknown/Not Researched
King,Seattle,WA,98125.0,2026,TESLA,MODEL Y,Battery Electric Vehicle (BEV),Eligibility unknown as battery range has not been researched,0,46.0,CITY OF SEATTLE - (WA)|CITY OF TACOMA - (WA),0.0,1.2298029582510313,Unknown/Not Researched
Clark,Battle Ground,WA,98604.0,2025,KIA,SPORTAGE,Plug-in Hybrid Electric Vehicle (PHEV),Clean Alternative Fuel Vehicle Eligible,34,18.0,BONNEVILLE POWER ADMINISTRATION||PUD NO 1 OF CLARK COUNTY - (WA),0.11604095563139932,0.9101348319226953,Short
King,Bellevue,WA,98004.0,2022,TESLA,MODEL 3,Battery Electric Vehicle (BEV),Eligibility unknown as battery range has not been researched,0,48.0,PUGET SOUND ENERGY INC||CITY OF TACOMA - (WA),0.0,-0.04886954706231235,Unknown/Not Researched
King,Renton,WA,98059.0,2023,HYUNDAI,IONIQ 5,Battery Electric Vehicle (BEV),Eligibility unknown as battery range has not been researched,0,11.0,PUGET SOUND ENERGY INC||CITY OF TACOMA - (WA),0.0,0.2707985792660235,Unknown/Not Researched
King,Issaquah,WA,98027.0,2020,CHEVROLET,BOLT EV,Battery Electric Vehicle (BEV),Clean Alternative Fuel Vehicle Eligible,259,5.0,PUGET SOUND ENERGY INC||CITY OF TACOMA - (WA),0.8839590443686007,-0.6882057997189841,Long
King,Seattle,WA,98125.0,2023,TESLA,MODEL 3,Battery Electric Vehicle (BEV),Eligibility unknown as battery range has not been researched,0,46.0,CITY OF SEATTLE - (WA)|CITY OF TACOMA - (WA),0.0,0.2707985792660235,Unknown/Not Researched
King,Bothell,WA,98011.0,2023,TESLA,MODEL Y,Battery Electric Vehicle (BEV),Eligibility unknown as battery range has not been researched,0,1.0,PUGET SOUND ENERGY INC||CITY OF TACOMA - (WA),0.0,0.2707985792660235,Unknown/Not Researched
King,Kirkland,WA,98034.0,2023,TESLA,MODEL Y,Battery Electric Vehicle (BEV),Eligibility unknown as battery range has not been researched,0,1.0,PUGET SOUND ENERGY INC||CITY OF TACOMA - (WA),0.0,0.2707985792660235,Unknown/Not Researched
King,Kirkland,WA,98034.0,2021,TESLA,MODEL Y,Battery Electric Vehicle (BEV),Eligibility unknown as battery range has not been researched,0,45.0,PUGET SOUND ENERGY INC||CITY OF TACOMA - (WA),0.0,-0.36853767339064825,Unknown/Not Researched
King,Kirkland,WA,98034.0,2023,TESLA,MODEL Y,Battery Electric Vehicle (BEV),Eligibility unknown as battery range has not been researched,0,45.0,PUGET SOUND ENERGY INC||CITY OF TACOMA - (WA),0.0,0.2707985792660235,Unknown/Not Researched
King,Kirkland,WA,98033.0,2024,LUCID,AIR,Battery Electric Vehicle (BEV),Eligibility unknown as battery range has not been researched,0,45.0,PUGET SOUND ENERGY INC||CITY OF TACOMA - (WA),0.0,0.5904667055943594,Unknown/Not Researched
King,Sammamish,WA,98075.0,2026,CADILLAC,LYRIQ,Battery Electric Vehicle (BEV),Eligibility unknown as battery range has not been researched,0,41.0,PUGET SOUND ENERGY INC||CITY OF TACOMA - (WA),0.0,1.2298029582510313,Unknown/Not Researched
King,Seattle,WA,98133.0,2022,FORD,F-150,Battery Electric Vehicle (BEV),Eligibility unknown as battery range has not been researched,0,32.0,CITY OF SEATTLE - (WA)|CITY OF TACOMA - (WA),0.0,-0.04886954706231235,Unknown/Not Researched
King,Renton,WA,98059.0,2017,FIAT,500,Battery Electric Vehicle (BEV),Clean Alternative Fuel Vehicle Eligible,84,11.0,PUGET SOUND ENERGY INC||CITY OF TACOMA - (WA),0.28668941979522183,-1.647210178703992,Medium
King,Renton,WA,98058.0,2025,TESLA,MODEL Y,Battery Electric Vehicle (BEV),Eligibility unknown as battery range has not been researched,0,11.0,PUGET SOUND ENERGY INC||CITY OF TACOMA - (WA),0.0,0.9101348319226953,Unknown/Not Researched
King,Bothell,WA,98011.0,2022,TESLA,MODEL Y,Battery Electric Vehicle (BEV),Eligibility unknown as battery range has not been researched,0,1.0,PUGET SOUND ENERGY INC||CITY OF TACOMA - (WA),0.0,-0.04886954706231235,Unknown/Not Researched
King,Seattle,WA,98125.0,2021,TOYOTA,RAV4 PRIME (PHEV),Plug-in Hybrid Electric Vehicle (PHEV),Clean Alternative Fuel Vehicle Eligible,42,46.0,CITY OF SEATTLE - (WA)|CITY OF TACOMA - (WA),0.14334470989761092,-0.36853767339064825,Short
King,Seattle,WA,98109.0,2026,RIVIAN,R1S,Battery Electric Vehicle (BEV),Eligibility unknown as battery range has not been researched,0,36.0,CITY OF SEATTLE - (WA)|CITY OF TACOMA - (WA),0.0,1.2298029582510313,Unknown/Not Researched
King,Seattle,WA,98177.0,2023,RIVIAN,R1T,Battery Electric Vehicle (BEV),Eligibility unknown as battery range has not been researched,0,36.0,CITY OF SEATTLE - (WA)|CITY OF TACOMA - (WA),0.0,0.2707985792660235,Unknown/Not Researched
Snohomish,Bothell,WA,98021.0,2022,BMW,X5,Plug-in Hybrid Electric Vehicle (PHEV),Clean Alternative Fuel Vehicle Eligible,30,1.0,PUGET SOUND ENERGY INC,0.10238907849829351,-0.04886954706231235,Short
King,Kent,WA,98030.0,2017,TOYOTA,PRIUS PRIME (PHEV),Plug-in Hybrid Electric Vehicle (PHEV),Not eligible due to low battery range,25,47.0,PUGET SOUND ENERGY INC||CITY OF TACOMA - (WA),0.08532423208191127,-1.647210178703992,Short
King,Redmond,WA,98052.0,2025,HYUNDAI,KONA,Battery Electric Vehicle (BEV),Eligibility unknown as battery range has not been researched,0,45.0,PUGET SOUND ENERGY INC||CITY OF TACOMA - (WA),0.0,0.9101348319226953,Unknown/Not Researched
King,Bellevue,WA,98004.0,2023,TESLA,MODEL Y,Battery Electric Vehicle (BEV),Eligibility unknown as battery range has not been researched,0,48.0,PUGET SOUND ENERGY INC||CITY OF TACOMA - (WA),0.0,0.2707985792660235,Unknown/Not Researched
King,Woodinville,WA,98072.0,2023,TESLA,MODEL Y,Battery Electric Vehicle (BEV),Eligibility unknown as battery range has not been researched,0,45.0,PUGET SOUND ENERGY INC||CITY OF TACOMA - (WA),0.0,0.2707985792660235,Unknown/Not Researched
Snohomish,Bothell,WA,98012.0,2024,BMW,X5,Plug-in Hybrid Electric Vehicle (PHEV),Clean Alternative Fuel Vehicle Eligible,39,21.0,PUGET SOUND ENERGY INC,0.13310580204778158,0.5904667055943594,Short
Island,Oak Harbor,WA,98277.0,2024,TESLA,MODEL Y,Battery Electric Vehicle (BEV),Eligibility unknown as battery range has not been researched,0,10.0,PUGET SOUND ENERGY INC,0.0,0.5904667055943594,Unknown/Not Researched
King,Redmond,WA,98052.0,2023,TESLA,MODEL Y,Battery Electric Vehicle (BEV),Eligibility unknown as battery range has not been researched,0,48.0,PUGET SOUND ENERGY INC||CITY OF TACOMA - (WA),0.0,0.2707985792660235,Unknown/Not Researched
King,Seattle,WA,98115.0,2016,FORD,FUSION,Plug-in Hybrid Electric Vehicle (PHEV),Not eligible due to low battery range,19,46.0,CITY OF SEATTLE - (WA)|CITY OF TACOMA - (WA),0.06484641638225255,-1.9668783050323277,Short
Snohomish,Lynnwood,WA,98037.0,2023,JEEP,WRANGLER,Plug-in Hybrid Electric Vehicle (PHEV),Not eligible due to low battery range,21,32.0,PUGET SOUND ENERGY INC,0.07167235494880546,0.2707985792660235,Short
King,Kirkland,WA,98034.0,2023,FORD,MUSTANG MACH-E,Battery Electric Vehicle (BEV),Eligibility unknown as battery range has not been researched,0,45.0,PUGET SOUND ENERGY INC||CITY OF TACOMA - (WA),0.0,0.2707985792660235,Unknown/Not Researched
King,Seattle,WA,98119.0,2026,TESLA,MODEL Y,Battery Electric Vehicle (BEV),Eligibility unknown as battery range has not been researched,0,36.0,CITY OF SEATTLE - (WA)|CITY OF TACOMA - (WA),0.0,1.2298029582510313,Unknown/Not Researched
King,Sammamish,WA,98029.0,2026,TESLA,MODEL Y,Battery Electric Vehicle (BEV),Eligibility unknown as battery range has not been researched,0,41.0,PUGET SOUND ENERGY INC||CITY OF TACOMA - (WA),0.0,1.2298029582510313,Unknown/Not Researched
Thurston,Olympia,WA,98501.0,2023,FORD,F-150,Battery Electric Vehicle (BEV),Eligibility unknown as battery range has not been researched,0,22.0,PUGET SOUND ENERGY INC,0.0,0.2707985792660235,Unknown/Not Researched
King,Kirkland,WA,98033.0,2023,TESLA,MODEL 3,Battery Electric Vehicle (BEV),Eligibility unknown as battery range has not been researched,0,48.0,PUGET SOUND ENERGY INC||CITY OF TACOMA - (WA),0.0,0.2707985792660235,Unknown/Not Researched
King,Seattle,WA,98103.0,2018,TESLA,MODEL 3,Battery Electric Vehicle (BEV),Clean Alternative Fuel Vehicle Eligible,215,43.0,CITY OF SEATTLE - (WA)|CITY OF TACOMA - (WA),0.7337883959044369,-1.3275420523756558,Long
King,Seattle,WA,98115.0,2020,TESLA,MODEL 3,Battery Electric Vehicle (BEV),Clean Alternative Fuel Vehicle Eligible,266,46.0,CITY OF SEATTLE - (WA)|CITY OF TACOMA - (WA),0.9078498293515358,-0.6882057997189841,Long
King,Woodinville,WA,98072.0,2022,TESLA,MODEL Y,Battery Electric Vehicle (BEV),Eligibility unknown as battery range has not been researched,0,45.0,PUGET SOUND ENERGY INC||CITY OF TACOMA - (WA),0.0,-0.04886954706231235,Unknown/Not Researched
Clark,Vancouver,WA,98685.0,2023,FORD,F-150,Battery Electric Vehicle (BEV),Eligibility unknown as battery range has not been researched,0,18.0,BONNEVILLE POWER ADMINISTRATION||PUD NO 1 OF CLARK COUNTY - (WA),0.0,0.2707985792660235,Unknown/Not Researched
Clark,Vancouver,WA,98685.0,2014,NISSAN,LEAF,Battery Electric Vehicle (BEV),Clean Alternative Fuel Vehicle Eligible,84,18.0,BONNEVILLE POWER ADMINISTRATION||PUD NO 1 OF CLARK COUNTY - (WA),0.28668941979522183,-2.6062145576889995,Medium
King,Renton,WA,98058.0,2022,FORD,ESCAPE,Plug-in Hybrid Electric Vehicle (PHEV),Clean Alternative Fuel Vehicle Eligible,38,11.0,PUGET SOUND ENERGY INC||CITY OF TACOMA - (WA),0.1296928327645051,-0.04886954706231235,Short
Clark,Vancouver,WA,98685.0,2022,VOLVO,XC40,Battery Electric Vehicle (BEV),Eligibility unknown as battery range has not been researched,0,18.0,BONNEVILLE POWER ADMINISTRATION||PUD NO 1 OF CLARK COUNTY - (WA),0.0,-0.04886954706231235,Unknown/Not Researched
King,Renton,WA,98056.0,2022,TESLA,MODEL X,Battery Electric Vehicle (BEV),Eligibility unknown as battery range has not been researched,0,41.0,PUGET SOUND ENERGY INC||CITY OF TACOMA - (WA),0.0,-0.04886954706231235,Unknown/Not Researched
Kitsap,Bainbridge Island,WA,98110.0,2023,HYUNDAI,IONIQ 5,Battery Electric Vehicle (BEV),Eligibility unknown as battery range has not been researched,0,23.0,PUGET SOUND ENERGY INC,0.0,0.2707985792660235,Unknown/Not Researched
Snohomish,Snohomish,WA,98290.0,2025,BMW,I4,Battery Electric Vehicle (BEV),Eligibility unknown as battery range has not been researched,0,39.0,BONNEVILLE POWER ADMINISTRATION||PUD 1 OF SNOHOMISH COUNTY,0.0,0.9101348319226953,Unknown/Not Researched
King,Seattle,WA,98178.0,2024,TESLA,CYBERTRUCK,Battery Electric Vehicle (BEV),Eligibility unknown as battery range has not been researched,0,37.0,CITY OF SEATTLE - (WA)|CITY OF TACOMA - (WA),0.0,0.5904667055943594,Unknown/Not Researched
Snohomish,Bothell,WA,98012.0,2025,HYUNDAI,IONIQ 5,Battery Electric Vehicle (BEV),Eligibility unknown as battery range has not been researched,0,21.0,PUGET SOUND ENERGY INC,0.0,0.9101348319226953,Unknown/Not Researched
King,Kent,WA,98031.0,2022,TESLA,MODEL X,Battery Electric Vehicle (BEV),Eligibility unknown as battery range has not been researched,0,47.0,PUGET SOUND ENERGY INC||CITY OF TACOMA - (WA),0.0,-0.04886954706231235,Unknown/Not Researched
Kitsap,Seabeck,WA,98380.0,2013,CHEVROLET,VOLT,Plug-in Hybrid Electric Vehicle (PHEV),Clean Alternative Fuel Vehicle Eligible,38,35.0,PUGET SOUND ENERGY INC,0.1296928327645051,-2.9258826840173353,Short
King,Kirkland,WA,98033.0,2018,TESLA,MODEL 3,Battery Electric Vehicle (BEV),Clean Alternative Fuel Vehicle Eligible,215,45.0,PUGET SOUND ENERGY INC||CITY OF TACOMA - (WA),0.7337883959044369,-1.3275420523756558,Long
King,Bellevue,WA,98004.0,2019,TESLA,MODEL 3,Battery Electric Vehicle (BEV),Clean Alternative Fuel Vehicle Eligible,220,48.0,PUGET SOUND ENERGY INC||CITY OF TACOMA - (WA),0.7508532423208191,-1.00787392604732,Long
King,Renton,WA,98056.0,2012,NISSAN,LEAF,Battery Electric Vehicle (BEV),Clean Alternative Fuel Vehicle Eligible,73,11.0,PUGET SOUND ENERGY INC||CITY OF TACOMA - (WA),0.24914675767918087,-3.245550810345671,Medium
King,Seattle,WA,98125.0,2022,NISSAN,LEAF,Battery Electric Vehicle (BEV),Eligibility unknown as battery range has not been researched,0,46.0,CITY OF SEATTLE - (WA)|CITY OF TACOMA - (WA),0.0,-0.04886954706231235,Unknown/Not Researched
King,Sammamish,WA,98074.0,2023,TESLA,MODEL Y,Battery Electric Vehicle (BEV),Eligibility unknown as battery range has not been researched,0,45.0,PUGET SOUND ENERGY INC||CITY OF TACOMA - (WA),0.0,0.2707985792660235,Unknown/Not Researched
King,Bellevue,WA,98004.0,2024,TESLA,CYBERTRUCK,Battery Electric Vehicle (BEV),Eligibility unknown as battery range has not been researched,0,48.0,PUGET SOUND ENERGY INC||CITY OF TACOMA - (WA),0.0,0.5904667055943594,Unknown/Not Researched
King,Woodinville,WA,98072.0,2016,KIA,SOUL,Battery Electric Vehicle (BEV),Clean Alternative Fuel Vehicle Eligible,93,45.0,PUGET SOUND ENERGY INC||CITY OF TACOMA - (WA),0.3174061433447099,-1.9668783050323277,Medium
Kitsap,Bainbridge Island,WA,98110.0,2021,VOLVO,XC40,Battery Electric Vehicle (BEV),Eligibility unknown as battery range has not been researched,0,23.0,PUGET SOUND ENERGY INC,0.0,-0.36853767339064825,Unknown/Not Researched
Klickitat,White Salmon,WA,98672.0,2020,TOYOTA,PRIUS PRIME (PHEV),Plug-in Hybrid Electric Vehicle (PHEV),Not eligible due to low battery range,25,14.0,BONNEVILLE POWER ADMINISTRATION||PUD NO 1 OF KLICKITAT COUNTY,0.08532423208191127,-0.6882057997189841,Short
King,Kent,WA,98031.0,2023,KIA,SPORTAGE,Plug-in Hybrid Electric Vehicle (PHEV),Clean Alternative Fuel Vehicle Eligible,34,47.0,PUGET SOUND ENERGY INC||CITY OF TACOMA - (WA),0.11604095563139932,0.2707985792660235,Short
King,Seattle,WA,98125.0,2018,TESLA,MODEL 3,Battery Electric Vehicle (BEV),Clean Alternative Fuel Vehicle Eligible,215,46.0,CITY OF SEATTLE - (WA)|CITY OF TACOMA - (WA),0.7337883959044369,-1.3275420523756558,Long
Stevens,Nine Mile Falls,WA,99026.0,2021,TESLA,MODEL Y,Battery Electric Vehicle (BEV),Eligibility unknown as battery range has not been researched,0,7.0,NO KNOWN ELECTRIC UTILITY SERVICE,0.0,-0.36853767339064825,Unknown/Not Researched
King,Seattle,WA,98125.0,2024,FORD,F-150,Battery Electric Vehicle (BEV),Eligibility unknown as battery range has not been researched,0,46.0,CITY OF SEATTLE - (WA)|CITY OF TACOMA - (WA),0.0,0.5904667055943594,Unknown/Not Researched
King,Seattle,WA,98122.0,2025,HYUNDAI,IONIQ 6,Battery Electric Vehicle (BEV),Eligibility unknown as battery range has not been researched,0,43.0,CITY OF SEATTLE - (WA)|CITY OF TACOMA - (WA),0.0,0.9101348319226953,Unknown/Not Researched
King,Bellevue,WA,98004.0,2022,RIVIAN,R1T,Battery Electric Vehicle (BEV),Eligibility unknown as battery range has not been researched,0,48.0,PUGET SOUND ENERGY INC||CITY OF TACOMA - (WA),0.0,-0.04886954706231235,Unknown/Not Researched
King,Bothell,WA,98011.0,2023,TESLA,MODEL Y,Battery Electric Vehicle (BEV),Eligibility unknown as battery range has not been researched,0,1.0,PUGET SOUND ENERGY INC||CITY OF TACOMA - (WA),0.0,0.2707985792660235,Unknown/Not Researched
Thurston,Olympia,WA,98513.0,2024,LAND ROVER,RANGE ROVER,Plug-in Hybrid Electric Vehicle (PHEV),Clean Alternative Fuel Vehicle Eligible,59,2.0,PUGET SOUND ENERGY INC,0.20136518771331058,0.5904667055943594,Medium
King,Seattle,WA,98177.0,2023,CHEVROLET,BOLT EUV,Battery Electric Vehicle (BEV),Eligibility unknown as battery range has not been researched,0,32.0,CITY OF SEATTLE - (WA)|CITY OF TACOMA - (WA),0.0,0.2707985792660235,Unknown/Not Researched
Thurston,Tumwater,WA,98501.0,2023,FORD,TRANSIT,Battery Electric Vehicle (BEV),Eligibility unknown as battery range has not been researched,0,22.0,PUGET SOUND ENERGY INC,0.0,0.2707985792660235,Unknown/Not Researched
King,Shoreline,WA,98177.0,2025,AUDI,Q6,Battery Electric Vehicle (BEV),Eligibility unknown as battery range has not been researched,0,32.0,CITY OF SEATTLE - (WA)|CITY OF TACOMA - (WA),0.0,0.9101348319226953,Unknown/Not Researched
King,Renton,WA,98055.0,2022,AUDI,E-TRON,Battery Electric Vehicle (BEV),Eligibility unknown as battery range has not been researched,0,11.0,PUGET SOUND ENERGY INC||CITY OF TACOMA - (WA),0.0,-0.04886954706231235,Unknown/Not Researched
King,Bellevue,WA,98006.0,2023,TESLA,MODEL Y,Battery Electric Vehicle (BEV),Eligibility unknown as battery range has not been researched,0,41.0,PUGET SOUND ENERGY INC||CITY OF TACOMA - (WA),0.0,0.2707985792660235,Unknown/Not Researched
Skagit,Sedro-Woolley,WA,98284.0,2017,CHEVROLET,VOLT,Plug-in Hybrid Electric Vehicle (PHEV),Clean Alternative Fuel Vehicle Eligible,53,39.0,PUGET SOUND ENERGY INC,0.18088737201365188,-1.647210178703992,Medium
King,Redmond,WA,98052.0,2025,TESLA,MODEL Y,Battery Electric Vehicle (BEV),Eligibility unknown as battery range has not been researched,0,48.0,PUGET SOUND ENERGY INC||CITY OF TACOMA - (WA),0.0,0.9101348319226953,Unknown/Not Researched
King,Kirkland,WA,98034.0,2026,BMW,I5,Battery Electric Vehicle (BEV),Eligibility unknown as battery range has not been researched,0,45.0,PUGET SOUND ENERGY INC||CITY OF TACOMA - (WA),0.0,1.2298029582510313,Unknown/Not Researched
King,Bellevue,WA,98006.0,2023,TESLA,MODEL 3,Battery Electric Vehicle (BEV),Eligibility unknown as battery range has not been researched,0,41.0,PUGET SOUND ENERGY INC||CITY OF TACOMA - (WA),0.0,0.2707985792660235,Unknown/Not Researched
King,Kent,WA,98031.0,2026,CADILLAC,VISTIQ,Battery Electric Vehicle (BEV),Eligibility unknown as battery range has not been researched,0,47.0,PUGET SOUND ENERGY INC||CITY OF TACOMA - (WA),0.0,1.2298029582510313,Unknown/Not Researched
King,Kirkland,WA,98033.0,2024,BMW,I4,Battery Electric Vehicle (BEV),Eligibility unknown as battery range has not been researched,0,48.0,PUGET SOUND ENERGY INC||CITY OF TACOMA - (WA),0.0,0.5904667055943594,Unknown/Not Researched
King,Seattle,WA,98115.0,2023,TESLA,MODEL Y,Battery Electric Vehicle (BEV),Eligibility unknown as battery range has not been researched,0,46.0,CITY OF SEATTLE - (WA)|CITY OF TACOMA - (WA),0.0,0.2707985792660235,Unknown/Not Researched
King,Kirkland,WA,98033.0,2024,BMW,I4,Battery Electric Vehicle (BEV),Eligibility unknown as battery range has not been researched,0,48.0,PUGET SOUND ENERGY INC||CITY OF TACOMA - (WA),0.0,0.5904667055943594,Unknown/Not Researched
King,Seattle,WA,98177.0,2023,HYUNDAI,SANTA FE,Plug-in Hybrid Electric Vehicle (PHEV),Clean Alternative Fuel Vehicle Eligible,30,36.0,CITY OF SEATTLE - (WA)|CITY OF TACOMA - (WA),0.10238907849829351,0.2707985792660235,Short
King,Seattle,WA,98116.0,2025,LEXUS,NX,Plug-in Hybrid Electric Vehicle (PHEV),Clean Alternative Fuel Vehicle Eligible,37,34.0,CITY OF SEATTLE - (WA)|CITY OF TACOMA - (WA),0.12627986348122866,0.9101348319226953,Short
Cowlitz,Silverlake,WA,98645.0,2021,TESLA,MODEL Y,Battery Electric Vehicle (BEV),Eligibility unknown as battery range has not been researched,0,20.0,BONNEVILLE POWER ADMINISTRATION||PUD NO 1 OF COWLITZ COUNTY,0.0,-0.36853767339064825,Unknown/Not Researched
King,Seattle,WA,98125.0,2023,KIA,NIRO,Plug-in Hybrid Electric Vehicle (PHEV),Clean Alternative Fuel Vehicle Eligible,33,46.0,CITY OF SEATTLE - (WA)|CITY OF TACOMA - (WA),0.11262798634812286,0.2707985792660235,Short
King,Sammamish,WA,98074.0,2023,TESLA,MODEL Y,Battery Electric Vehicle (BEV),Eligibility unknown as battery range has not been researched,0,45.0,PUGET SOUND ENERGY INC||CITY OF TACOMA - (WA),0.0,0.2707985792660235,Unknown/Not Researched
King,Renton,WA,98055.0,2024,TESLA,MODEL Y,Battery Electric Vehicle (BEV),Eligibility unknown as battery range has not been researched,0,33.0,PUGET SOUND ENERGY INC||CITY OF TACOMA - (WA),0.0,0.5904667055943594,Unknown/Not Researched
King,Kirkland,WA,98033.0,2024,CHEVROLET,BLAZER,Battery Electric Vehicle (BEV),Eligibility unknown as battery range has not been researched,0,45.0,PUGET SOUND ENERGY INC||CITY OF TACOMA - (WA),0.0,0.5904667055943594,Unknown/Not Researched
King,Seattle,WA,98108.0,2025,CADILLAC,LYRIQ,Battery Electric Vehicle (BEV),Eligibility unknown as battery range has not been researched,0,11.0,CITY OF SEATTLE - (WA)|CITY OF TACOMA - (WA),0.0,0.9101348319226953,Unknown/Not Researched
King,Burien,WA,98146.0,2018,TESLA,MODEL X,Battery Electric Vehicle (BEV),Clean Alternative Fuel Vehicle Eligible,238,34.0,CITY OF SEATTLE - (WA)|CITY OF TACOMA - (WA),0.8122866894197952,-1.3275420523756558,Long
King,Seattle,WA,98133.0,2017,TOYOTA,PRIUS PRIME (PHEV),Plug-in Hybrid Electric Vehicle (PHEV),Not eligible due to low battery range,25,32.0,CITY OF SEATTLE - (WA)|CITY OF TACOMA - (WA),0.08532423208191127,-1.647210178703992,Short
Clark,Vancouver,WA,98665.0,2024,VOLKSWAGEN,ID.4,Battery Electric Vehicle (BEV),Eligibility unknown as battery range has not been researched,0,49.0,BONNEVILLE POWER ADMINISTRATION||PUD NO 1 OF CLARK COUNTY - (WA),0.0,0.5904667055943594,Unknown/Not Researched
King,Redmond,WA,98052.0,2025,TESLA,MODEL Y,Battery Electric Vehicle (BEV),Eligibility unknown as battery range has not been researched,0,45.0,PUGET SOUND ENERGY INC||CITY OF TACOMA - (WA),0.0,0.9101348319226953,Unknown/Not Researched
King,Kirkland,WA,98033.0,2025,NISSAN,LEAF,Battery Electric Vehicle (BEV),Eligibility unknown as battery range has not been researched,0,45.0,PUGET SOUND ENERGY INC||CITY OF TACOMA - (WA),0.0,0.9101348319226953,Unknown/Not Researched
King,Burien,WA,98166.0,2023,TESLA,MODEL S,Battery Electric Vehicle (BEV),Eligibility unknown as battery range has not been researched,0,34.0,PUGET SOUND ENERGY INC||CITY OF TACOMA - (WA),0.0,0.2707985792660235,Unknown/Not Researched
King,Kirkland,WA,98034.0,2021,TESLA,MODEL 3,Battery Electric Vehicle (BEV),Eligibility unknown as battery range has not been researched,0,45.0,PUGET SOUND ENERGY INC||CITY OF TACOMA - (WA),0.0,-0.36853767339064825,Unknown/Not Researched
King,Kent,WA,98031.0,2022,FORD,F-150,Battery Electric Vehicle (BEV),Eligibility unknown as battery range has not been researched,0,47.0,PUGET SOUND ENERGY INC||CITY OF TACOMA - (WA),0.0,-0.04886954706231235,Unknown/Not Researched
Clark,Vancouver,WA,98682.0,2022,TESLA,MODEL Y,Battery Electric Vehicle (BEV),Eligibility unknown as battery range has not been researched,0,17.0,BONNEVILLE POWER ADMINISTRATION||PUD NO 1 OF CLARK COUNTY - (WA),0.0,-0.04886954706231235,Unknown/Not Researched
King,Bellevue,WA,98005.0,2022,POLESTAR,PS2,Battery Electric Vehicle (BEV),Eligibility unknown as battery range has not been researched,0,48.0,PUGET SOUND ENERGY INC||CITY OF TACOMA - (WA),0.0,-0.04886954706231235,Unknown/Not Researched
King,Kirkland,WA,98034.0,2023,RIVIAN,R1S,Battery Electric Vehicle (BEV),Eligibility unknown as battery range has not been researched,0,45.0,PUGET SOUND ENERGY INC||CITY OF TACOMA - (WA),0.0,0.2707985792660235,Unknown/Not Researched
King,Des Moines,WA,98198.0,2023,TESLA,MODEL Y,Battery Electric Vehicle (BEV),Eligibility unknown as battery range has not been researched,0,33.0,PUGET SOUND ENERGY INC||CITY OF TACOMA - (WA),0.0,0.2707985792660235,Unknown/Not Researched
King,Seattle,WA,98125.0,2021,TESLA,MODEL 3,Battery Electric Vehicle (BEV),Eligibility unknown as battery range has not been researched,0,46.0,CITY OF SEATTLE - (WA)|CITY OF TACOMA - (WA),0.0,-0.36853767339064825,Unknown/Not Researched
Clark,Camas,WA,98607.0,2016,TESLA,MODEL X,Battery Electric Vehicle (BEV),Clean Alternative Fuel Vehicle Eligible,200,18.0,BONNEVILLE POWER ADMINISTRATION||PUD NO 1 OF CLARK COUNTY - (WA),0.6825938566552902,-1.9668783050323277,Long
King,Bellevue,WA,98004.0,2025,TESLA,MODEL 3,Battery Electric Vehicle (BEV),Eligibility unknown as battery range has not been researched,0,48.0,PUGET SOUND ENERGY INC||CITY OF TACOMA - (WA),0.0,0.9101348319226953,Unknown/Not Researched
King,Seattle,WA,98119.0,2019,VOLKSWAGEN,E-GOLF,Battery Electric Vehicle (BEV),Clean Alternative Fuel Vehicle Eligible,125,36.0,CITY OF SEATTLE - (WA)|CITY OF TACOMA - (WA),0.42662116040955633,-1.00787392604732,Medium
King,Seattle,WA,98177.0,2022,VOLKSWAGEN,ID.4,Battery Electric Vehicle (BEV),Eligibility unknown as battery range has not been researched,0,36.0,CITY OF SEATTLE - (WA)|CITY OF TACOMA - (WA),0.0,-0.04886954706231235,Unknown/Not Researched
Clark,Vancouver,WA,98664.0,2026,TESLA,MODEL Y,Battery Electric Vehicle (BEV),Eligibility unknown as battery range has not been researched,0,49.0,BONNEVILLE POWER ADMINISTRATION||PUD NO 1 OF CLARK COUNTY - (WA),0.0,1.2298029582510313,Unknown/Not Researched
King,Seattle,WA,98125.0,2023,TESLA,MODEL Y,Battery Electric Vehicle (BEV),Eligibility unknown as battery range has not been researched,0,46.0,CITY OF SEATTLE - (WA)|CITY OF TACOMA - (WA),0.0,0.2707985792660235,Unknown/Not Researched
King,Newcastle,WA,98056.0,2018,NISSAN,LEAF,Battery Electric Vehicle (BEV),Clean Alternative Fuel Vehicle Eligible,151,41.0,PUGET SOUND ENERGY INC||CITY OF TACOMA - (WA),0.515358361774744,-1.3275420523756558,Long
King,Kirkland,WA,98033.0,2024,TESLA,MODEL S,Battery Electric Vehicle (BEV),Eligibility unknown as battery range has not been researched,0,48.0,PUGET SOUND ENERGY INC||CITY OF TACOMA - (WA),0.0,0.5904667055943594,Unknown/Not Researched
King,Bellevue,WA,98007.0,2023,VOLKSWAGEN,ID.4,Battery Electric Vehicle (BEV),Eligibility unknown as battery range has not been researched,0,48.0,PUGET SOUND ENERGY INC||CITY OF TACOMA - (WA),0.0,0.2707985792660235,Unknown/Not Researched
King,Seattle,WA,98112.0,2023,KIA,SORENTO,Plug-in Hybrid Electric Vehicle (PHEV),Clean Alternative Fuel Vehicle Eligible,32,37.0,CITY OF SEATTLE - (WA)|CITY OF TACOMA - (WA),0.10921501706484642,0.2707985792660235,Short
King,Bellevue,WA,98004.0,2023,MINI,HARDTOP,Battery Electric Vehicle (BEV),Eligibility unknown as battery range has not been researched,0,48.0,PUGET SOUND ENERGY INC||CITY OF TACOMA - (WA),0.0,0.2707985792660235,Unknown/Not Researched
King,Seattle,WA,98125.0,2024,KIA,EV9,Battery Electric Vehicle (BEV),Eligibility unknown as battery range has not been researched,0,46.0,CITY OF SEATTLE - (WA)|CITY OF TACOMA - (WA),0.0,0.5904667055943594,Unknown/Not Researched
King,Seattle,WA,98125.0,2016,FORD,C-MAX,Plug-in Hybrid Electric Vehicle (PHEV),Not eligible due to low battery range,19,46.0,CITY OF SEATTLE - (WA)|CITY OF TACOMA - (WA),0.06484641638225255,-1.9668783050323277,Short
Clark,Vancouver,WA,98685.0,2022,VOLKSWAGEN,ID.4,Battery Electric Vehicle (BEV),Eligibility unknown as battery range has not been researched,0,18.0,BONNEVILLE POWER ADMINISTRATION||PUD NO 1 OF CLARK COUNTY - (WA),0.0,-0.04886954706231235,Unknown/Not Researched
King,Kirkland,WA,98034.0,2018,NISSAN,LEAF,Battery Electric Vehicle (BEV),Clean Alternative Fuel Vehicle Eligible,151,1.0,PUGET SOUND ENERGY INC||CITY OF TACOMA - (WA),0.515358361774744,-1.3275420523756558,Long
King,Seattle,WA,98116.0,2021,TESLA,MODEL 3,Battery Electric Vehicle (BEV),Eligibility unknown as battery range has not been researched,0,34.0,CITY OF SEATTLE - (WA)|CITY OF TACOMA - (WA),0.0,-0.36853767339064825,Unknown/Not Researched
King,Kirkland,WA,98034.0,2024,TOYOTA,PRIUS PRIME (PHEV),Plug-in Hybrid Electric Vehicle (PHEV),Clean Alternative Fuel Vehicle Eligible,39,45.0,PUGET SOUND ENERGY INC||CITY OF TACOMA - (WA),0.13310580204778158,0.5904667055943594,Short
King,Bothell,WA,98011.0,2026,TESLA,MODEL 3,Battery Electric Vehicle (BEV),Eligibility unknown as battery range has not been researched,0,1.0,PUGET SOUND ENERGY INC||CITY OF TACOMA - (WA),0.0,1.2298029582510313,Unknown/Not Researched
King,Kent,WA,98030.0,2025,TESLA,MODEL 3,Battery Electric Vehicle (BEV),Eligibility unknown as battery range has not been researched,0,33.0,PUGET SOUND ENERGY INC||CITY OF TACOMA - (WA),0.0,0.9101348319226953,Unknown/Not Researched
King,Kent,WA,98032.0,2023,FORD,ESCAPE,Plug-in Hybrid Electric Vehicle (PHEV),Clean Alternative Fuel Vehicle Eligible,37,33.0,PUGET SOUND ENERGY INC||CITY OF TACOMA - (WA),0.12627986348122866,0.2707985792660235,Short
King,Seattle,WA,98125.0,2025,LEXUS,RX,Plug-in Hybrid Electric Vehicle (PHEV),Clean Alternative Fuel Vehicle Eligible,37,46.0,PUGET SOUND ENERGY INC||CITY OF TACOMA - (WA),0.12627986348122866,0.9101348319226953,Short
King,Kent,WA,98032.0,2024,HYUNDAI,IONIQ 5,Battery Electric Vehicle (BEV),Eligibility unknown as battery range has not been researched,0,33.0,PUGET SOUND ENERGY INC||CITY OF TACOMA - (WA),0.0,0.5904667055943594,Unknown/Not Researched
Clark,Camas,WA,98607.0,2021,TESLA,MODEL 3,Battery Electric Vehicle (BEV),Eligibility unknown as battery range has not been researched,0,18.0,BONNEVILLE POWER ADMINISTRATION||PUD NO 1 OF CLARK COUNTY - (WA),0.0,-0.36853767339064825,Unknown/Not Researched
Cowlitz,Silverlake,WA,98645.0,2023,TESLA,MODEL X,Battery Electric Vehicle (BEV),Eligibility unknown as battery range has not been researched,0,20.0,BONNEVILLE POWER ADMINISTRATION||PUD NO 1 OF COWLITZ COUNTY,0.0,0.2707985792660235,Unknown/Not Researched
King,Seattle,WA,98122.0,2024,FORD,MUSTANG MACH-E,Battery Electric Vehicle (BEV),Eligibility unknown as battery range has not been researched,0,37.0,CITY OF SEATTLE - (WA)|CITY OF TACOMA - (WA),0.0,0.5904667055943594,Unknown/Not Researched
Clark,Vancouver,WA,98664.0,2023,TOYOTA,BZ4X,Battery Electric Vehicle (BEV),Eligibility unknown as battery range has not been researched,0,49.0,BONNEVILLE POWER ADMINISTRATION||PUD NO 1 OF CLARK COUNTY - (WA),0.0,0.2707985792660235,Unknown/Not Researched
King,North Bend,WA,98045.0,2019,TESLA,MODEL X,Battery Electric Vehicle (BEV),Clean Alternative Fuel Vehicle Eligible,289,5.0,PUGET SOUND ENERGY INC||CITY OF TACOMA - (WA),0.9863481228668942,-1.00787392604732,Long
King,Kirkland,WA,98033.0,2025,RIVIAN,R1S,Battery Electric Vehicle (BEV),Eligibility unknown as battery range has not been researched,0,48.0,PUGET SOUND ENERGY INC||CITY OF TACOMA - (WA),0.0,0.9101348319226953,Unknown/Not Researched
King,Bellevue,WA,98005.0,2023,TESLA,MODEL Y,Battery Electric Vehicle (BEV),Eligibility unknown as battery range has not been researched,0,48.0,PUGET SOUND ENERGY INC||CITY OF TACOMA - (WA),0.0,0.2707985792660235,Unknown/Not Researched
King,Kirkland,WA,98033.0,2023,HYUNDAI,KONA,Battery Electric Vehicle (BEV),Eligibility unknown as battery range has not been researched,0,45.0,PUGET SOUND ENERGY INC||CITY OF TACOMA - (WA),0.0,0.2707985792660235,Unknown/Not Researched
King,Issaquah,WA,98027.0,2023,TESLA,MODEL 3,Battery Electric Vehicle (BEV),Eligibility unknown as battery range has not been researched,0,5.0,PUGET SOUND ENERGY INC||CITY OF TACOMA - (WA),0.0,0.2707985792660235,Unknown/Not Researched
King,Seattle,WA,98119.0,2016,TESLA,MODEL S,Battery Electric Vehicle (BEV),Clean Alternative Fuel Vehicle Eligible,210,36.0,CITY OF SEATTLE - (WA)|CITY OF TACOMA - (WA),0.7167235494880546,-1.9668783050323277,Long
King,Seattle,WA,98177.0,2022,TOYOTA,RAV4 PRIME (PHEV),Plug-in Hybrid Electric Vehicle (PHEV),Clean Alternative Fuel Vehicle Eligible,42,36.0,CITY OF SEATTLE - (WA)|CITY OF TACOMA - (WA),0.14334470989761092,-0.04886954706231235,Short
King,Kirkland,WA,98034.0,2022,NISSAN,LEAF,Battery Electric Vehicle (BEV),Eligibility unknown as battery range has not been researched,0,45.0,PUGET SOUND ENERGY INC||CITY OF TACOMA - (WA),0.0,-0.04886954706231235,Unknown/Not Researched
King,Seattle,WA,98125.0,2026,TESLA,MODEL Y,Battery Electric Vehicle (BEV),Eligibility unknown as battery range has not been researched,0,46.0,CITY OF SEATTLE - (WA)|CITY OF TACOMA - (WA),0.0,1.2298029582510313,Unknown/Not Researched
King,Seattle,WA,98125.0,2017,BMW,X5,Plug-in Hybrid Electric Vehicle (PHEV),Not eligible due to low battery range,14,46.0,CITY OF SEATTLE - (WA)|CITY OF TACOMA - (WA),0.04778156996587031,-1.647210178703992,Short
Snohomish,Lake Stevens,WA,98258.0,2023,TESLA,MODEL 3,Battery Electric Vehicle (BEV),Eligibility unknown as battery range has not been researched,0,44.0,PUGET SOUND ENERGY INC,0.0,0.2707985792660235,Unknown/Not Researched
King,Issaquah,WA,98027.0,2018,TESLA,MODEL 3,Battery Electric Vehicle (BEV),Clean Alternative Fuel Vehicle Eligible,215,5.0,PUGET SOUND ENERGY INC||CITY OF TACOMA - (WA),0.7337883959044369,-1.3275420523756558,Long
King,Renton,WA,98058.0,2026,HYUNDAI,IONIQ 5,Battery Electric Vehicle (BEV),Eligibility unknown as battery range has not been researched,0,11.0,PUGET SOUND ENERGY INC||CITY OF TACOMA - (WA),0.0,1.2298029582510313,Unknown/Not Researched
King,Issaquah,WA,98027.0,2022,RIVIAN,R1S,Battery Electric Vehicle (BEV),Eligibility unknown as battery range has not been researched,0,5.0,PUGET SOUND ENERGY INC||CITY OF TACOMA - (WA),0.0,-0.04886954706231235,Unknown/Not Researched
King,Seattle,WA,98133.0,2024,TESLA,MODEL Y,Battery Electric Vehicle (BEV),Eligibility unknown as battery range has not been researched,0,36.0,CITY OF SEATTLE - (WA)|CITY OF TACOMA - (WA),0.0,0.5904667055943594,Unknown/Not Researched
King,Kirkland,WA,98033.0,2026,RIVIAN,R1S,Battery Electric Vehicle (BEV),Eligibility unknown as battery range has not been researched,0,45.0,PUGET SOUND ENERGY INC||CITY OF TACOMA - (WA),0.0,1.2298029582510313,Unknown/Not Researched
King,Bellevue,WA,98005.0,2016,TESLA,MODEL S,Battery Electric Vehicle (BEV),Clean Alternative Fuel Vehicle Eligible,210,48.0,PUGET SOUND ENERGY INC||CITY OF TACOMA - (WA),0.7167235494880546,-1.9668783050323277,Long
King,Seattle,WA,98109.0,2024,JEEP,WRANGLER,Plug-in Hybrid Electric Vehicle (PHEV),Not eligible due to low battery range,21,36.0,CITY OF SEATTLE - (WA)|CITY OF TACOMA - (WA),0.07167235494880546,0.5904667055943594,Short
King,Seattle,WA,98122.0,2024,TESLA,MODEL 3,Battery Electric Vehicle (BEV),Eligibility unknown as battery range has not been researched,0,37.0,CITY OF SEATTLE - (WA)|CITY OF TACOMA - (WA),0.0,0.5904667055943594,Unknown/Not Researched
King,Redmond,WA,98052.0,2019,TESLA,MODEL 3,Battery Electric Vehicle (BEV),Clean Alternative Fuel Vehicle Eligible,220,45.0,PUGET SOUND ENERGY INC||CITY OF TACOMA - (WA),0.7508532423208191,-1.00787392604732,Long
King,Bellevue,WA,98004.0,2019,VOLKSWAGEN,E-GOLF,Battery Electric Vehicle (BEV),Clean Alternative Fuel Vehicle Eligible,125,48.0,PUGET SOUND ENERGY INC||CITY OF TACOMA - (WA),0.42662116040955633,-1.00787392604732,Medium
Clark,Vancouver,WA,98686.0,2024,TOYOTA,PRIUS PRIME (PHEV),Plug-in Hybrid Electric Vehicle (PHEV),Clean Alternative Fuel Vehicle Eligible,39,17.0,BONNEVILLE POWER ADMINISTRATION||PUD NO 1 OF CLARK COUNTY - (WA),0.13310580204778158,0.5904667055943594,Short
King,Kirkland,WA,98033.0,2025,VOLVO,XC90,Plug-in Hybrid Electric Vehicle (PHEV),Clean Alternative Fuel Vehicle Eligible,32,48.0,PUGET SOUND ENERGY INC||CITY OF TACOMA - (WA),0.10921501706484642,0.9101348319226953,Short
King,Bellevue,WA,98006.0,2024,TESLA,MODEL Y,Battery Electric Vehicle (BEV),Eligibility unknown as battery range has not been researched,0,41.0,PUGET SOUND ENERGY INC||CITY OF TACOMA - (WA),0.0,0.5904667055943594,Unknown/Not Researched
King,Seattle,WA,98122.0,2022,JEEP,WRANGLER,Plug-in Hybrid Electric Vehicle (PHEV),Not eligible due to low battery range,21,37.0,CITY OF SEATTLE - (WA)|CITY OF TACOMA - (WA),0.07167235494880546,-0.04886954706231235,Short
Thurston,Yelm,WA,98597.0,2022,TESLA,MODEL X,Battery Electric Vehicle (BEV),Eligibility unknown as battery range has not been researched,0,2.0,PUGET SOUND ENERGY INC,0.0,-0.04886954706231235,Unknown/Not Researched
King,Seattle,WA,98112.0,2024,JEEP,WRANGLER,Plug-in Hybrid Electric Vehicle (PHEV),Not eligible due to low battery range,21,43.0,CITY OF SEATTLE - (WA)|CITY OF TACOMA - (WA),0.07167235494880546,0.5904667055943594,Short
King,Federal Way,WA,98023.0,2021,AUDI,E-TRON,Battery Electric Vehicle (BEV),Eligibility unknown as battery range has not been researched,0,30.0,PUGET SOUND ENERGY INC||CITY OF TACOMA - (WA),0.0,-0.36853767339064825,Unknown/Not Researched
King,Kirkland,WA,98034.0,2022,PORSCHE,TAYCAN,Battery Electric Vehicle (BEV),Eligibility unknown as battery range has not been researched,0,45.0,PUGET SOUND ENERGY INC||CITY OF TACOMA - (WA),0.0,-0.04886954706231235,Unknown/Not Researched
King,Seattle,WA,98177.0,2020,TESLA,MODEL X,Battery Electric Vehicle (BEV),Clean Alternative Fuel Vehicle Eligible,289,32.0,CITY OF SEATTLE - (WA)|CITY OF TACOMA - (WA),0.9863481228668942,-0.6882057997189841,Long
King,Kirkland,WA,98034.0,2024,LEXUS,RZ,Battery Electric Vehicle (BEV),Eligibility unknown as battery range has not been researched,0,45.0,PUGET SOUND ENERGY INC||CITY OF TACOMA - (WA),0.0,0.5904667055943594,Unknown/Not Researched
King,Bellevue,WA,98006.0,2014,BMW,I3,Battery Electric Vehicle (BEV),Clean Alternative Fuel Vehicle Eligible,81,41.0,PUGET SOUND ENERGY INC||CITY OF TACOMA - (WA),0.2764505119453925,-2.6062145576889995,Medium
King,Kent,WA,98032.0,2023,TESLA,MODEL 3,Battery Electric Vehicle (BEV),Eligibility unknown as battery range has not been researched,0,33.0,PUGET SOUND ENERGY INC||CITY OF TACOMA - (WA),0.0,0.2707985792660235,Unknown/Not Researched
King,Kirkland,WA,98033.0,2021,TESLA,MODEL 3,Battery Electric Vehicle (BEV),Eligibility unknown as battery range has not been researched,0,48.0,PUGET SOUND ENERGY INC||CITY OF TACOMA - (WA),0.0,-0.36853767339064825,Unknown/Not Researched
King,Kent,WA,98032.0,2022,TESLA,MODEL 3,Battery Electric Vehicle (BEV),Eligibility unknown as battery range has not been researched,0,33.0,PUGET SOUND ENERGY INC||CITY OF TACOMA - (WA),0.0,-0.04886954706231235,Unknown/Not Researched
King,Renton,WA,98055.0,2017,BMW,330E,Plug-in Hybrid Electric Vehicle (PHEV),Not eligible due to low battery range,14,11.0,PUGET SOUND ENERGY INC||CITY OF TACOMA - (WA),0.04778156996587031,-1.647210178703992,Short
King,Bellevue,WA,98004.0,2019,NISSAN,LEAF,Battery Electric Vehicle (BEV),Clean Alternative Fuel Vehicle Eligible,150,41.0,PUGET SOUND ENERGY INC||CITY OF TACOMA - (WA),0.5119453924914675,-1.00787392604732,Medium
King,Kent,WA,98030.0,2024,MINI,HARDTOP,Battery Electric Vehicle (BEV),Eligibility unknown as battery range has not been researched,0,47.0,PUGET SOUND ENERGY INC||CITY OF TACOMA - (WA),0.0,0.5904667055943594,Unknown/Not Researched
King,Kent,WA,98030.0,2017,BMW,I3,Plug-in Hybrid Electric Vehicle (PHEV),Clean Alternative Fuel Vehicle Eligible,97,33.0,PUGET SOUND ENERGY INC||CITY OF TACOMA - (WA),0.3310580204778157,-1.647210178703992,Medium
Kitsap,Bremerton,WA,98311.0,2024,LUCID,AIR,Battery Electric Vehicle (BEV),Eligibility unknown as battery range has not been researched,0,23.0,PUGET SOUND ENERGY INC,0.0,0.5904667055943594,Unknown/Not Researched
King,Burien,WA,98168.0,2025,RIVIAN,R1S,Battery Electric Vehicle (BEV),Eligibility unknown as battery range has not been researched,0,33.0,CITY OF SEATTLE - (WA)|CITY OF TACOMA - (WA),0.0,0.9101348319226953,Unknown/Not Researched
King,Sammamish,WA,98075.0,2023,TESLA,MODEL 3,Battery Electric Vehicle (BEV),Eligibility unknown as battery range has not been researched,0,41.0,PUGET SOUND ENERGY INC||CITY OF TACOMA - (WA),0.0,0.2707985792660235,Unknown/Not Researched
King,Redmond,WA,98052.0,2024,TESLA,MODEL Y,Battery Electric Vehicle (BEV),Eligibility unknown as battery range has not been researched,0,45.0,PUGET SOUND ENERGY INC||CITY OF TACOMA - (WA),0.0,0.5904667055943594,Unknown/Not Researched
Clark,Vancouver,WA,98682.0,2022,TESLA,MODEL 3,Battery Electric Vehicle (BEV),Eligibility unknown as battery range has not been researched,0,17.0,BONNEVILLE POWER ADMINISTRATION||PUD NO 1 OF CLARK COUNTY - (WA),0.0,-0.04886954706231235,Unknown/Not Researched
King,Redmond,WA,98052.0,2018,BMW,X5,Plug-in Hybrid Electric Vehicle (PHEV),Not eligible due to low battery range,13,45.0,PUGET SOUND ENERGY INC||CITY OF TACOMA - (WA),0.04436860068259386,-1.3275420523756558,Short
King,Seattle,WA,98125.0,2020,HYUNDAI,IONIQ,Battery Electric Vehicle (BEV),Clean Alternative Fuel Vehicle Eligible,170,46.0,CITY OF SEATTLE - (WA)|CITY OF TACOMA - (WA),0.5802047781569966,-0.6882057997189841,Long
King,Renton,WA,98055.0,2021,TESLA,MODEL Y,Battery Electric Vehicle (BEV),Eligibility unknown as battery range has not been researched,0,11.0,PUGET SOUND ENERGY INC||CITY OF TACOMA - (WA),0.0,-0.36853767339064825,Unknown/Not Researched
Island,Coupeville,WA,98239.0,2018,TESLA,MODEL 3,Battery Electric Vehicle (BEV),Clean Alternative Fuel Vehicle Eligible,215,10.0,PUGET SOUND ENERGY INC,0.7337883959044369,-1.3275420523756558,Long
King,Bellevue,WA,98007.0,2020,TESLA,MODEL Y,Battery Electric Vehicle (BEV),Clean Alternative Fuel Vehicle Eligible,291,41.0,PUGET SOUND ENERGY INC||CITY OF TACOMA - (WA),0.9931740614334471,-0.6882057997189841,Long
King,Renton,WA,98055.0,2023,TESLA,MODEL Y,Battery Electric Vehicle (BEV),Eligibility unknown as battery range has not been researched,0,11.0,PUGET SOUND ENERGY INC||CITY OF TACOMA - (WA),0.0,0.2707985792660235,Unknown/Not Researched
King,Kirkland,WA,98033.0,2016,NISSAN,LEAF,Battery Electric Vehicle (BEV),Clean Alternative Fuel Vehicle Eligible,84,45.0,PUGET SOUND ENERGY INC||CITY OF TACOMA - (WA),0.28668941979522183,-1.9668783050323277,Medium
King,Shoreline,WA,98177.0,2015,NISSAN,LEAF,Battery Electric Vehicle (BEV),Clean Alternative Fuel Vehicle Eligible,84,32.0,CITY OF SEATTLE - (WA)|CITY OF TACOMA - (WA),0.28668941979522183,-2.2865464313606636,Medium
Kitsap,Bainbridge Island,WA,98110.0,2019,VOLKSWAGEN,E-GOLF,Battery Electric Vehicle (BEV),Clean Alternative Fuel Vehicle Eligible,125,23.0,PUGET SOUND ENERGY INC,0.42662116040955633,-1.00787392604732,Medium
Kitsap,Bainbridge Island,WA,98110.0,2021,CHEVROLET,BOLT EV,Battery Electric Vehicle (BEV),Eligibility unknown as battery range has not been researched,0,23.0,PUGET SOUND ENERGY INC,0.0,-0.36853767339064825,Unknown/Not Researched
King,Renton,WA,98055.0,2021,TESLA,MODEL 3,Battery Electric Vehicle (BEV),Eligibility unknown as battery range has not been researched,0,11.0,PUGET SOUND ENERGY INC||CITY OF TACOMA - (WA),0.0,-0.36853767339064825,Unknown/Not Researched
King,Seatac,WA,98168.0,2023,TESLA,MODEL 3,Battery Electric Vehicle (BEV),Eligibility unknown as battery range has not been researched,0,33.0,CITY OF SEATTLE - (WA)|CITY OF TACOMA - (WA),0.0,0.2707985792660235,Unknown/Not Researched
King,Kirkland,WA,98034.0,2026,TESLA,MODEL Y,Battery Electric Vehicle (BEV),Eligibility unknown as battery range has not been researched,0,45.0,PUGET SOUND ENERGY INC||CITY OF TACOMA - (WA),0.0,1.2298029582510313,Unknown/Not Researched
King,Sammamish,WA,98074.0,2023,FORD,MUSTANG MACH-E,Battery Electric Vehicle (BEV),Eligibility unknown as battery range has not been researched,0,41.0,PUGET SOUND ENERGY INC||CITY OF TACOMA - (WA),0.0,0.2707985792660235,Unknown/Not Researched
Clark,Battle Ground,WA,98604.0,2023,RIVIAN,R1S,Battery Electric Vehicle (BEV),Eligibility unknown as battery range has not been researched,0,17.0,BONNEVILLE POWER ADMINISTRATION||PUD NO 1 OF CLARK COUNTY - (WA),0.0,0.2707985792660235,Unknown/Not Researched
Clark,Vancouver,WA,98662.0,2022,TESLA,MODEL 3,Battery Electric Vehicle (BEV),Eligibility unknown as battery range has not been researched,0,17.0,BONNEVILLE POWER ADMINISTRATION||PUD NO 1 OF CLARK COUNTY - (WA),0.0,-0.04886954706231235,Unknown/Not Researched
King,Redmond,WA,98052.0,2022,VOLVO,XC60,Plug-in Hybrid Electric Vehicle (PHEV),Not eligible due to low battery range,18,45.0,PUGET SOUND ENERGY INC||CITY OF TACOMA - (WA),0.06143344709897611,-0.04886954706231235,Short
King,Kirkland,WA,98034.0,2023,TESLA,MODEL 3,Battery Electric Vehicle (BEV),Eligibility unknown as battery range has not been researched,0,45.0,PUGET SOUND ENERGY INC||CITY OF TACOMA - (WA),0.0,0.2707985792660235,Unknown/Not Researched
King,Kent,WA,98031.0,2022,VOLKSWAGEN,ID.4,Battery Electric Vehicle (BEV),Eligibility unknown as battery range has not been researched,0,11.0,PUGET SOUND ENERGY INC||CITY OF TACOMA - (WA),0.0,-0.04886954706231235,Unknown/Not Researched
Cowlitz,Kelso,WA,98626.0,2023,FORD,MUSTANG MACH-E,Battery Electric Vehicle (BEV),Eligibility unknown as battery range has not been researched,0,20.0,BONNEVILLE POWER ADMINISTRATION||PUD NO 1 OF COWLITZ COUNTY,0.0,0.2707985792660235,Unknown/Not Researched
King,Bellevue,WA,98005.0,2018,TESLA,MODEL S,Battery Electric Vehicle (BEV),Clean Alternative Fuel Vehicle Eligible,249,41.0,PUGET SOUND ENERGY INC||CITY OF TACOMA - (WA),0.8498293515358362,-1.3275420523756558,Long
King,Kirkland,WA,98033.0,2022,RIVIAN,R1T,Battery Electric Vehicle (BEV),Eligibility unknown as battery range has not been researched,0,48.0,PUGET SOUND ENERGY INC||CITY OF TACOMA - (WA),0.0,-0.04886954706231235,Unknown/Not Researched
Kitsap,Bremerton,WA,98312.0,2024,JEEP,GRAND CHEROKEE,Plug-in Hybrid Electric Vehicle (PHEV),Not eligible due to low battery range,25,35.0,PUGET SOUND ENERGY INC,0.08532423208191127,0.5904667055943594,Short
Jefferson,Port Ludlow,WA,98365.0,2026,TESLA,MODEL Y,Battery Electric Vehicle (BEV),Eligibility unknown as battery range has not been researched,0,24.0,BONNEVILLE POWER ADMINISTRATION||PUGET SOUND ENERGY INC||PUD NO 1 OF JEFFERSON COUNTY,0.0,1.2298029582510313,Unknown/Not Researched
King,Seattle,WA,98115.0,2021,FORD,ESCAPE,Plug-in Hybrid Electric Vehicle (PHEV),Clean Alternative Fuel Vehicle Eligible,38,43.0,CITY OF SEATTLE - (WA)|CITY OF TACOMA - (WA),0.1296928327645051,-0.36853767339064825,Short
King,Shoreline,WA,98155.0,2025,NISSAN,LEAF,Battery Electric Vehicle (BEV),Eligibility unknown as battery range has not been researched,0,32.0,CITY OF SEATTLE - (WA)|CITY OF TACOMA - (WA),0.0,0.9101348319226953,Unknown/Not Researched
Thurston,Yelm,WA,98597.0,2024,CHEVROLET,EQUINOX,Battery Electric Vehicle (BEV),Eligibility unknown as battery range has not been researched,0,2.0,PUGET SOUND ENERGY INC,0.0,0.5904667055943594,Unknown/Not Researched
Kitsap,Silverdale,WA,98383.0,2025,TOYOTA,RAV4 PRIME (PHEV),Plug-in Hybrid Electric Vehicle (PHEV),Clean Alternative Fuel Vehicle Eligible,42,23.0,PUGET SOUND ENERGY INC,0.14334470989761092,0.9101348319226953,Short
King,Seattle,WA,98125.0,2026,TESLA,MODEL Y,Battery Electric Vehicle (BEV),Eligibility unknown as battery range has not been researched,0,46.0,CITY OF SEATTLE - (WA)|CITY OF TACOMA - (WA),0.0,1.2298029582510313,Unknown/Not Researched
King,Kirkland,WA,98034.0,2024,NISSAN,ARIYA HATCHBACK,Battery Electric Vehicle (BEV),Eligibility unknown as battery range has not been researched,0,45.0,PUGET SOUND ENERGY INC||CITY OF TACOMA - (WA),0.0,0.5904667055943594,Unknown/Not Researched
King,Kirkland,WA,98033.0,2022,TESLA,MODEL Y,Battery Electric Vehicle (BEV),Eligibility unknown as battery range has not been researched,0,48.0,PUGET SOUND ENERGY INC||CITY OF TACOMA - (WA),0.0,-0.04886954706231235,Unknown/Not Researched
King,Redmond,WA,98052.0,2023,VOLVO,XC90,Plug-in Hybrid Electric Vehicle (PHEV),Clean Alternative Fuel Vehicle Eligible,32,45.0,PUGET SOUND ENERGY INC||CITY OF TACOMA - (WA),0.10921501706484642,0.2707985792660235,Short
Kitsap,Bremerton,WA,98311.0,2025,KIA,SPORTAGE,Plug-in Hybrid Electric Vehicle (PHEV),Clean Alternative Fuel Vehicle Eligible,34,23.0,PUGET SOUND ENERGY INC,0.11604095563139932,0.9101348319226953,Short
Clark,Vancouver,WA,98661.0,2024,SUBARU,SOLTERRA,Battery Electric Vehicle (BEV),Eligibility unknown as battery range has not been researched,0,49.0,BONNEVILLE POWER ADMINISTRATION||PUD NO 1 OF CLARK COUNTY - (WA),0.0,0.5904667055943594,Unknown/Not Researched
King,Newcastle,WA,98056.0,2017,BMW,I3,Plug-in Hybrid Electric Vehicle (PHEV),Clean Alternative Fuel Vehicle Eligible,97,41.0,PUGET SOUND ENERGY INC||CITY OF TACOMA - (WA),0.3310580204778157,-1.647210178703992,Medium
Thurston,Olympia,WA,98501.0,2020,TOYOTA,PRIUS PRIME (PHEV),Plug-in Hybrid Electric Vehicle (PHEV),Not eligible due to low battery range,25,22.0,PUGET SOUND ENERGY INC,0.08532423208191127,-0.6882057997189841,Short
King,Kirkland,WA,98034.0,2025,SUBARU,SOLTERRA,Battery Electric Vehicle (BEV),Eligibility unknown as battery range has not been researched,0,45.0,PUGET SOUND ENERGY INC||CITY OF TACOMA - (WA),0.0,0.9101348319226953,Unknown/Not Researched
King,Bellevue,WA,98004.0,2024,TESLA,MODEL Y,Battery Electric Vehicle (BEV),Eligibility unknown as battery range has not been researched,0,48.0,PUGET SOUND ENERGY INC||CITY OF TACOMA - (WA),0.0,0.5904667055943594,Unknown/Not Researched
King,Seattle,WA,98122.0,2024,TESLA,MODEL 3,Battery Electric Vehicle (BEV),Eligibility unknown as battery range has not been researched,0,37.0,CITY OF SEATTLE - (WA)|CITY OF TACOMA - (WA),0.0,0.5904667055943594,Unknown/Not Researched
Clark,Vancouver,WA,98663.0,2025,TOYOTA,BZ4X,Battery Electric Vehicle (BEV),Eligibility unknown as battery range has not been researched,0,49.0,BONNEVILLE POWER ADMINISTRATION||PUD NO 1 OF CLARK COUNTY - (WA),0.0,0.9101348319226953,Unknown/Not Researched
King,Seattle,WA,98122.0,2018,NISSAN,LEAF,Battery Electric Vehicle (BEV),Clean Alternative Fuel Vehicle Eligible,151,37.0,CITY OF SEATTLE - (WA)|CITY OF TACOMA - (WA),0.515358361774744,-1.3275420523756558,Long
King,Kirkland,WA,98034.0,2021,TESLA,MODEL Y,Battery Electric Vehicle (BEV),Eligibility unknown as battery range has not been researched,0,45.0,PUGET SOUND ENERGY INC||CITY OF TACOMA - (WA),0.0,-0.36853767339064825,Unknown/Not Researched
King,Kent,WA,98030.0,2024,TESLA,MODEL Y,Battery Electric Vehicle (BEV),Eligibility unknown as battery range has not been researched,0,47.0,PUGET SOUND ENERGY INC||CITY OF TACOMA - (WA),0.0,0.5904667055943594,Unknown/Not Researched
King,Kirkland,WA,98033.0,2022,KIA,NIRO,Battery Electric Vehicle (BEV),Eligibility unknown as battery range has not been researched,0,48.0,PUGET SOUND ENERGY INC||CITY OF TACOMA - (WA),0.0,-0.04886954706231235,Unknown/Not Researched
King,Seattle,WA,98112.0,2025,VOLVO,EX30,Battery Electric Vehicle (BEV),Eligibility unknown as battery range has not been researched,0,43.0,CITY OF SEATTLE - (WA)|CITY OF TACOMA - (WA),0.0,0.9101348319226953,Unknown/Not Researched
King,Bellevue,WA,98006.0,2023,TESLA,MODEL 3,Battery Electric Vehicle (BEV),Eligibility unknown as battery range has not been researched,0,41.0,PUGET SOUND ENERGY INC||CITY OF TACOMA - (WA),0.0,0.2707985792660235,Unknown/Not Researched
King,Bellevue,WA,98006.0,2023,HYUNDAI,IONIQ 5,Battery Electric Vehicle (BEV),Eligibility unknown as battery range has not been researched,0,41.0,PUGET SOUND ENERGY INC||CITY OF TACOMA - (WA),0.0,0.2707985792660235,Unknown/Not Researched
King,Seattle,WA,98115.0,2013,CHEVROLET,VOLT,Plug-in Hybrid Electric Vehicle (PHEV),Clean Alternative Fuel Vehicle Eligible,38,46.0,CITY OF SEATTLE - (WA)|CITY OF TACOMA - (WA),0.1296928327645051,-2.9258826840173353,Short
Clark,Vancouver,WA,98662.0,2023,HYUNDAI,KONA,Battery Electric Vehicle (BEV),Eligibility unknown as battery range has not been researched,0,17.0,BONNEVILLE POWER ADMINISTRATION||PUD NO 1 OF CLARK COUNTY - (WA),0.0,0.2707985792660235,Unknown/Not Researched
King,Bothell,WA,98011.0,2023,VOLVO,C40,Battery Electric Vehicle (BEV),Eligibility unknown as battery range has not been researched,0,1.0,PUGET SOUND ENERGY INC||CITY OF TACOMA - (WA),0.0,0.2707985792660235,Unknown/Not Researched
Clark,Vancouver,WA,98665.0,2024,MAZDA,CX-90,Plug-in Hybrid Electric Vehicle (PHEV),Not eligible due to low battery range,26,49.0,BONNEVILLE POWER ADMINISTRATION||PUD NO 1 OF CLARK COUNTY - (WA),0.08873720136518772,0.5904667055943594,Short
King,Issaquah,WA,98029.0,2022,TESLA,MODEL 3,Battery Electric Vehicle (BEV),Eligibility unknown as battery range has not been researched,0,5.0,PUGET SOUND ENERGY INC||CITY OF TACOMA - (WA),0.0,-0.04886954706231235,Unknown/Not Researched
King,Seattle,WA,98104.0,2025,LUCID,AIR,Battery Electric Vehicle (BEV),Eligibility unknown as battery range has not been researched,0,43.0,CITY OF SEATTLE - (WA)|CITY OF TACOMA - (WA),0.0,0.9101348319226953,Unknown/Not Researched
King,Bothell,WA,98011.0,2024,TESLA,MODEL Y,Battery Electric Vehicle (BEV),Eligibility unknown as battery range has not been researched,0,1.0,PUGET SOUND ENERGY INC||CITY OF TACOMA - (WA),0.0,0.5904667055943594,Unknown/Not Researched
King,Newcastle,WA,98056.0,2023,TESLA,MODEL Y,Battery Electric Vehicle (BEV),Eligibility unknown as battery range has not been researched,0,41.0,PUGET SOUND ENERGY INC||CITY OF TACOMA - (WA),0.0,0.2707985792660235,Unknown/Not Researched
King,Burien,WA,98166.0,2019,TESLA,MODEL X,Battery Electric Vehicle (BEV),Clean Alternative Fuel Vehicle Eligible,289,34.0,PUGET SOUND ENERGY INC||CITY OF TACOMA - (WA),0.9863481228668942,-1.00787392604732,Long
King,Bellevue,WA,98004.0,2022,MERCEDES-BENZ,EQB-CLASS,Battery Electric Vehicle (BEV),Eligibility unknown as battery range has not been researched,0,48.0,PUGET SOUND ENERGY INC||CITY OF TACOMA - (WA),0.0,-0.04886954706231235,Unknown/Not Researched
King,Seattle,WA,98112.0,2019,TESLA,MODEL 3,Battery Electric Vehicle (BEV),Clean Alternative Fuel Vehicle Eligible,220,43.0,CITY OF SEATTLE - (WA)|CITY OF TACOMA - (WA),0.7508532423208191,-1.00787392604732,Long
King,Bothell,WA,98011.0,2025,CHEVROLET,EQUINOX,Battery Electric Vehicle (BEV),Eligibility unknown as battery range has not been researched,0,1.0,PUGET SOUND ENERGY INC||CITY OF TACOMA - (WA),0.0,0.9101348319226953,Unknown/Not Researched
King,Burien,WA,98168.0,2025,TESLA,MODEL Y,Battery Electric Vehicle (BEV),Eligibility unknown as battery range has not been researched,0,33.0,CITY OF SEATTLE - (WA)|CITY OF TACOMA - (WA),0.0,0.9101348319226953,Unknown/Not Researched
King,Seattle,WA,98117.0,2023,RIVIAN,R1T,Battery Electric Vehicle (BEV),Eligibility unknown as battery range has not been researched,0,36.0,CITY OF SEATTLE - (WA)|CITY OF TACOMA - (WA),0.0,0.2707985792660235,Unknown/Not Researched
King,Seattle,WA,98112.0,2025,PORSCHE,TAYCAN,Battery Electric Vehicle (BEV),Eligibility unknown as battery range has not been researched,0,43.0,CITY OF SEATTLE - (WA)|CITY OF TACOMA - (WA),0.0,0.9101348319226953,Unknown/Not Researched
Clark,Vancouver,WA,98662.0,2018,CHRYSLER,PACIFICA,Plug-in Hybrid Electric Vehicle (PHEV),Clean Alternative Fuel Vehicle Eligible,33,17.0,BONNEVILLE POWER ADMINISTRATION||PUD NO 1 OF CLARK COUNTY - (WA),0.11262798634812286,-1.3275420523756558,Short
Snohomish,Edmonds,WA,98020.0,2018,CHEVROLET,VOLT,Plug-in Hybrid Electric Vehicle (PHEV),Clean Alternative Fuel Vehicle Eligible,53,21.0,PUGET SOUND ENERGY INC,0.18088737201365188,-1.3275420523756558,Medium
Thurston,Olympia,WA,98502.0,2024,FORD,F-150,Battery Electric Vehicle (BEV),Eligibility unknown as battery range has not been researched,0,22.0,PUGET SOUND ENERGY INC,0.0,0.5904667055943594,Unknown/Not Researched
King,Seattle,WA,98103.0,2021,TOYOTA,RAV4 PRIME (PHEV),Plug-in Hybrid Electric Vehicle (PHEV),Clean Alternative Fuel Vehicle Eligible,42,46.0,CITY OF SEATTLE - (WA)|CITY OF TACOMA - (WA),0.14334470989761092,-0.36853767339064825,Short
King,Issaquah,WA,98029.0,2021,TESLA,MODEL Y,Battery Electric Vehicle (BEV),Eligibility unknown as battery range has not been researched,0,5.0,PUGET SOUND ENERGY INC||CITY OF TACOMA - (WA),0.0,-0.36853767339064825,Unknown/Not Researched
Clark,Vancouver,WA,98660.0,2025,HYUNDAI,IONIQ 5,Battery Electric Vehicle (BEV),Eligibility unknown as battery range has not been researched,0,49.0,BONNEVILLE POWER ADMINISTRATION||PUD NO 1 OF CLARK COUNTY - (WA),0.0,0.9101348319226953,Unknown/Not Researched
King,Auburn,WA,98092.0,2018,TESLA,MODEL 3,Battery Electric Vehicle (BEV),Clean Alternative Fuel Vehicle Eligible,215,47.0,PUGET SOUND ENERGY INC||CITY OF TACOMA - (WA),0.7337883959044369,-1.3275420523756558,Long
King,Bellevue,WA,98004.0,2023,TESLA,MODEL 3,Battery Electric Vehicle (BEV),Eligibility unknown as battery range has not been researched,0,48.0,PUGET SOUND ENERGY INC||CITY OF TACOMA - (WA),0.0,0.2707985792660235,Unknown/Not Researched
Jefferson,Port Townsend,WA,98368.0,2024,VOLVO,XC60,Plug-in Hybrid Electric Vehicle (PHEV),Clean Alternative Fuel Vehicle Eligible,35,24.0,BONNEVILLE POWER ADMINISTRATION||PUGET SOUND ENERGY INC||PUD NO 1 OF JEFFERSON COUNTY,0.11945392491467577,0.5904667055943594,Short
King,Kirkland,WA,98033.0,2024,BMW,IX,Battery Electric Vehicle (BEV),Eligibility unknown as battery range has not been researched,0,48.0,PUGET SOUND ENERGY INC||CITY OF TACOMA - (WA),0.0,0.5904667055943594,Unknown/Not Researched
King,Seattle,WA,98112.0,2026,TESLA,MODEL Y,Battery Electric Vehicle (BEV),Eligibility unknown as battery range has not been researched,0,43.0,CITY OF SEATTLE - (WA)|CITY OF TACOMA - (WA),0.0,1.2298029582510313,Unknown/Not Researched
Clark,Vancouver,WA,98685.0,2023,TESLA,MODEL S,Battery Electric Vehicle (BEV),Eligibility unknown as battery range has not been researched,0,18.0,BONNEVILLE POWER ADMINISTRATION||PUD NO 1 OF CLARK COUNTY - (WA),0.0,0.2707985792660235,Unknown/Not Researched
King,Seattle,WA,98125.0,2022,POLESTAR,PS2,Battery Electric Vehicle (BEV),Eligibility unknown as battery range has not been researched,0,46.0,CITY OF SEATTLE - (WA)|CITY OF TACOMA - (WA),0.0,-0.04886954706231235,Unknown/Not Researched
King,Seattle,WA,98125.0,2016,VOLKSWAGEN,E-GOLF,Battery Electric Vehicle (BEV),Clean Alternative Fuel Vehicle Eligible,83,46.0,PUGET SOUND ENERGY INC||CITY OF TACOMA - (WA),0.2832764505119454,-1.9668783050323277,Medium
Cowlitz,Castle Rock,WA,98611.0,2024,TESLA,MODEL 3,Battery Electric Vehicle (BEV),Eligibility unknown as battery range has not been researched,0,19.0,BONNEVILLE POWER ADMINISTRATION||PUD NO 1 OF COWLITZ COUNTY,0.0,0.5904667055943594,Unknown/Not Researched
King,Seattle,WA,98119.0,2022,TESLA,MODEL Y,Battery Electric Vehicle (BEV),Eligibility unknown as battery range has not been researched,0,36.0,CITY OF SEATTLE - (WA)|CITY OF TACOMA - (WA),0.0,-0.04886954706231235,Unknown/Not Researched
King,Seattle,WA,98133.0,2023,HYUNDAI,IONIQ 5,Battery Electric Vehicle (BEV),Eligibility unknown as battery range has not been researched,0,46.0,CITY OF SEATTLE - (WA)|CITY OF TACOMA - (WA),0.0,0.2707985792660235,Unknown/Not Researched
King,Seattle,WA,98102.0,2025,TESLA,MODEL 3,Battery Electric Vehicle (BEV),Eligibility unknown as battery range has not been researched,0,43.0,CITY OF SEATTLE - (WA)|CITY OF TACOMA - (WA),0.0,0.9101348319226953,Unknown/Not Researched
Snohomish,Everett,WA,98208.0,2023,HYUNDAI,IONIQ 5,Battery Electric Vehicle (BEV),Eligibility unknown as battery range has not been researched,0,21.0,PUGET SOUND ENERGY INC,0.0,0.2707985792660235,Unknown/Not Researched
King,Kenmore,WA,98028.0,2018,TOYOTA,PRIUS PRIME (PHEV),Plug-in Hybrid Electric Vehicle (PHEV),Not eligible due to low battery range,25,46.0,PUGET SOUND ENERGY INC||CITY OF TACOMA - (WA),0.08532423208191127,-1.3275420523756558,Short
King,Medina,WA,98039.0,2026,TESLA,MODEL Y,Battery Electric Vehicle (BEV),Eligibility unknown as battery range has not been researched,0,48.0,PUGET SOUND ENERGY INC||CITY OF TACOMA - (WA),0.0,1.2298029582510313,Unknown/Not Researched
Clark,Vancouver,WA,98683.0,2026,TESLA,MODEL Y,Battery Electric Vehicle (BEV),Eligibility unknown as battery range has not been researched,0,17.0,BONNEVILLE POWER ADMINISTRATION||PUD NO 1 OF CLARK COUNTY - (WA),0.0,1.2298029582510313,Unknown/Not Researched
King,Bellevue,WA,98005.0,2022,RIVIAN,R1T,Battery Electric Vehicle (BEV),Eligibility unknown as battery range has not been researched,0,41.0,PUGET SOUND ENERGY INC||CITY OF TACOMA - (WA),0.0,-0.04886954706231235,Unknown/Not Researched
Kitsap,Poulsbo,WA,98370.0,2025,PORSCHE,PANAMERA,Plug-in Hybrid Electric Vehicle (PHEV),Not eligible due to low battery range,27,23.0,PUGET SOUND ENERGY INC,0.09215017064846416,0.9101348319226953,Short
King,Bellevue,WA,98004.0,2025,BMW,IX,Battery Electric Vehicle (BEV),Eligibility unknown as battery range has not been researched,0,48.0,PUGET SOUND ENERGY INC||CITY OF TACOMA - (WA),0.0,0.9101348319226953,Unknown/Not Researched
King,Seattle,WA,98178.0,2025,KIA,EV6,Battery Electric Vehicle (BEV),Eligibility unknown as battery range has not been researched,0,37.0,CITY OF SEATTLE - (WA)|CITY OF TACOMA - (WA),0.0,0.9101348319226953,Unknown/Not Researched
Thurston,Olympia,WA,98501.0,2023,FORD,F-150,Battery Electric Vehicle (BEV),Eligibility unknown as battery range has not been researched,0,35.0,PUGET SOUND ENERGY INC,0.0,0.2707985792660235,Unknown/Not Researched
Kitsap,Bainbridge Island,WA,98110.0,2024,TESLA,MODEL Y,Battery Electric Vehicle (BEV),Eligibility unknown as battery range has not been researched,0,23.0,PUGET SOUND ENERGY INC,0.0,0.5904667055943594,Unknown/Not Researched
King,Bellevue,WA,98006.0,2025,NISSAN,LEAF,Battery Electric Vehicle (BEV),Eligibility unknown as battery range has not been researched,0,41.0,PUGET SOUND ENERGY INC||CITY OF TACOMA - (WA),0.0,0.9101348319226953,Unknown/Not Researched
King,Kirkland,WA,98033.0,2020,KIA,NIRO,Battery Electric Vehicle (BEV),Clean Alternative Fuel Vehicle Eligible,239,45.0,PUGET SOUND ENERGY INC||CITY OF TACOMA - (WA),0.8156996587030717,-0.6882057997189841,Long
King,Seattle,WA,98177.0,2023,RIVIAN,R1S,Battery Electric Vehicle (BEV),Eligibility unknown as battery range has not been researched,0,32.0,CITY OF SEATTLE - (WA)|CITY OF TACOMA - (WA),0.0,0.2707985792660235,Unknown/Not Researched
King,Seattle,WA,98178.0,2024,HYUNDAI,IONIQ 5,Battery Electric Vehicle (BEV),Eligibility unknown as battery range has not been researched,0,37.0,CITY OF SEATTLE - (WA)|CITY OF TACOMA - (WA),0.0,0.5904667055943594,Unknown/Not Researched
King,Bellevue,WA,98004.0,2016,VOLKSWAGEN,E-GOLF,Battery Electric Vehicle (BEV),Clean Alternative Fuel Vehicle Eligible,83,48.0,PUGET SOUND ENERGY INC||CITY OF TACOMA - (WA),0.2832764505119454,-1.9668783050323277,Medium
King,Newcastle,WA,98056.0,2016,AUDI,A3,Plug-in Hybrid Electric Vehicle (PHEV),Not eligible due to low battery range,16,41.0,PUGET SOUND ENERGY INC||CITY OF TACOMA - (WA),0.05460750853242321,-1.9668783050323277,Short
Thurston,Olympia,WA,98501.0,2022,CHEVROLET,BOLT EUV,Battery Electric Vehicle (BEV),Eligibility unknown as battery range has not been researched,0,22.0,PUGET SOUND ENERGY INC,0.0,-0.04886954706231235,Unknown/Not Researched
King,Beaux Arts,WA,98004.0,2023,TESLA,MODEL Y,Battery Electric Vehicle (BEV),Eligibility unknown as battery range has not been researched,0,48.0,PUGET SOUND ENERGY INC||CITY OF TACOMA - (WA),0.0,0.2707985792660235,Unknown/Not Researched
King,Renton,WA,98055.0,2026,TESLA,MODEL Y,Battery Electric Vehicle (BEV),Eligibility unknown as battery range has not been researched,0,11.0,PUGET SOUND ENERGY INC||CITY OF TACOMA - (WA),0.0,1.2298029582510313,Unknown/Not Researched
King,Kent,WA,98030.0,2014,NISSAN,LEAF,Battery Electric Vehicle (BEV),Clean Alternative Fuel Vehicle Eligible,84,47.0,PUGET SOUND ENERGY INC||CITY OF TACOMA - (WA),0.28668941979522183,-2.6062145576889995,Medium
King,Seattle,WA,98125.0,2015,NISSAN,LEAF,Battery Electric Vehicle (BEV),Clean Alternative Fuel Vehicle Eligible,84,46.0,CITY OF SEATTLE - (WA)|CITY OF TACOMA - (WA),0.28668941979522183,-2.2865464313606636,Medium
Clark,Vancouver,WA,98685.0,2022,TESLA,MODEL Y,Battery Electric Vehicle (BEV),Eligibility unknown as battery range has not been researched,0,18.0,BONNEVILLE POWER ADMINISTRATION||PUD NO 1 OF CLARK COUNTY - (WA),0.0,-0.04886954706231235,Unknown/Not Researched
Jefferson,Port Townsend,WA,98368.0,2022,CHEVROLET,BOLT EV,Battery Electric Vehicle (BEV),Eligibility unknown as battery range has not been researched,0,24.0,BONNEVILLE POWER ADMINISTRATION||PUGET SOUND ENERGY INC||PUD NO 1 OF JEFFERSON COUNTY,0.0,-0.04886954706231235,Unknown/Not Researched
Clark,Camas,WA,98607.0,2024,TESLA,MODEL X,Battery Electric Vehicle (BEV),Eligibility unknown as battery range has not been researched,0,18.0,BONNEVILLE POWER ADMINISTRATION||PUD NO 1 OF CLARK COUNTY - (WA),0.0,0.5904667055943594,Unknown/Not Researched
King,Kent,WA,98042.0,2023,TESLA,MODEL Y,Battery Electric Vehicle (BEV),Eligibility unknown as battery range has not been researched,0,47.0,PUGET SOUND ENERGY INC||CITY OF TACOMA - (WA),0.0,0.2707985792660235,Unknown/Not Researched
King,Auburn,WA,98002.0,2020,NISSAN,LEAF,Battery Electric Vehicle (BEV),Clean Alternative Fuel Vehicle Eligible,149,31.0,PUGET SOUND ENERGY INC||CITY OF TACOMA - (WA),0.5085324232081911,-0.6882057997189841,Medium
King,Bothell,WA,98011.0,2025,TESLA,CYBERTRUCK,Battery Electric Vehicle (BEV),Eligibility unknown as battery range has not been researched,0,1.0,PUGET SOUND ENERGY INC||CITY OF TACOMA - (WA),0.0,0.9101348319226953,Unknown/Not Researched
King,Bellevue,WA,98007.0,2026,TESLA,MODEL Y,Battery Electric Vehicle (BEV),Eligibility unknown as battery range has not been researched,0,48.0,PUGET SOUND ENERGY INC||CITY OF TACOMA - (WA),0.0,1.2298029582510313,Unknown/Not Researched
King,Clyde Hill,WA,98004.0,2026,TESLA,MODEL Y,Battery Electric Vehicle (BEV),Eligibility unknown as battery range has not been researched,0,48.0,PUGET SOUND ENERGY INC||CITY OF TACOMA - (WA),0.0,1.2298029582510313,Unknown/Not Researched
King,Newcastle,WA,98059.0,2024,TESLA,MODEL Y,Battery Electric Vehicle (BEV),Eligibility unknown as battery range has not been researched,0,41.0,PUGET SOUND ENERGY INC||CITY OF TACOMA - (WA),0.0,0.5904667055943594,Unknown/Not Researched
King,Seattle,WA,98144.0,2026,HYUNDAI,IONIQ 5,Battery Electric Vehicle (BEV),Eligibility unknown as battery range has not been researched,0,37.0,CITY OF SEATTLE - (WA)|CITY OF TACOMA - (WA),0.0,1.2298029582510313,Unknown/Not Researched
King,Bellevue,WA,98007.0,2023,RIVIAN,R1S,Battery Electric Vehicle (BEV),Eligibility unknown as battery range has not been researched,0,48.0,PUGET SOUND ENERGY INC||CITY OF TACOMA - (WA),0.0,0.2707985792660235,Unknown/Not Researched
King,Seattle,WA,98122.0,2023,TESLA,MODEL Y,Battery Electric Vehicle (BEV),Eligibility unknown as battery range has not been researched,0,37.0,CITY OF SEATTLE - (WA)|CITY OF TACOMA - (WA),0.0,0.2707985792660235,Unknown/Not Researched
King,Seattle,WA,98125.0,2021,TESLA,MODEL 3,Battery Electric Vehicle (BEV),Eligibility unknown as battery range has not been researched,0,46.0,CITY OF SEATTLE - (WA)|CITY OF TACOMA - (WA),0.0,-0.36853767339064825,Unknown/Not Researched
King,Auburn,WA,98092.0,2018,TESLA,MODEL 3,Battery Electric Vehicle (BEV),Clean Alternative Fuel Vehicle Eligible,215,31.0,PUGET SOUND ENERGY INC||CITY OF TACOMA - (WA),0.7337883959044369,-1.3275420523756558,Long
King,Renton,WA,98056.0,2023,TESLA,MODEL Y,Battery Electric Vehicle (BEV),Eligibility unknown as battery range has not been researched,0,11.0,PUGET SOUND ENERGY INC||CITY OF TACOMA - (WA),0.0,0.2707985792660235,Unknown/Not Researched
Clark,Vancouver,WA,98682.0,2013,TESLA,MODEL S,Battery Electric Vehicle (BEV),Clean Alternative Fuel Vehicle Eligible,208,17.0,BONNEVILLE POWER ADMINISTRATION||PUD NO 1 OF CLARK COUNTY - (WA),0.7098976109215017,-2.9258826840173353,Long
Snohomish,Edmonds,WA,98026.0,2020,TESLA,MODEL Y,Battery Electric Vehicle (BEV),Clean Alternative Fuel Vehicle Eligible,291,21.0,PUGET SOUND ENERGY INC,0.9931740614334471,-0.6882057997189841,Long
King,Seattle,WA,98106.0,2023,TESLA,MODEL Y,Battery Electric Vehicle (BEV),Eligibility unknown as battery range has not been researched,0,34.0,CITY OF SEATTLE - (WA)|CITY OF TACOMA - (WA),0.0,0.2707985792660235,Unknown/Not Researched
King,Redmond,WA,98052.0,2023,TESLA,MODEL Y,Battery Electric Vehicle (BEV),Eligibility unknown as battery range has not been researched,0,45.0,PUGET SOUND ENERGY INC||CITY OF TACOMA - (WA),0.0,0.2707985792660235,Unknown/Not Researched
King,Seattle,WA,98117.0,2024,NISSAN,ARIYA HATCHBACK,Battery Electric Vehicle (BEV),Eligibility unknown as battery range has not been researched,0,36.0,CITY OF SEATTLE - (WA)|CITY OF TACOMA - (WA),0.0,0.5904667055943594,Unknown/Not Researched
King,Beaux Arts,WA,98004.0,2023,VOLKSWAGEN,ID.4,Battery Electric Vehicle (BEV),Eligibility unknown as battery range has not been researched,0,41.0,PUGET SOUND ENERGY INC||CITY OF TACOMA - (WA),0.0,0.2707985792660235,Unknown/Not Researched
King,Bothell,WA,98011.0,2025,AUDI,SQ6,Battery Electric Vehicle (BEV),Eligibility unknown as battery range has not been researched,0,1.0,PUGET SOUND ENERGY INC||CITY OF TACOMA - (WA),0.0,0.9101348319226953,Unknown/Not Researched
King,Kirkland,WA,98033.0,2025,KIA,EV6,Battery Electric Vehicle (BEV),Eligibility unknown as battery range has not been researched,0,48.0,PUGET SOUND ENERGY INC||CITY OF TACOMA - (WA),0.0,0.9101348319226953,Unknown/Not Researched
King,Kirkland,WA,98034.0,2026,TESLA,MODEL 3,Battery Electric Vehicle (BEV),Eligibility unknown as battery range has not been researched,0,1.0,PUGET SOUND ENERGY INC||CITY OF TACOMA - (WA),0.0,1.2298029582510313,Unknown/Not Researched
Kitsap,Port Orchard,WA,98366.0,2022,KIA,EV6,Battery Electric Vehicle (BEV),Eligibility unknown as battery range has not been researched,0,26.0,PUGET SOUND ENERGY INC,0.0,-0.04886954706231235,Unknown/Not Researched
King,Bothell,WA,98011.0,2026,CHEVROLET,EQUINOX,Battery Electric Vehicle (BEV),Eligibility unknown as battery range has not been researched,0,1.0,PUGET SOUND ENERGY INC||CITY OF TACOMA - (WA),0.0,1.2298029582510313,Unknown/Not Researched
King,Kirkland,WA,98034.0,2026,TESLA,MODEL Y,Battery Electric Vehicle (BEV),Eligibility unknown as battery range has not been researched,0,45.0,PUGET SOUND ENERGY INC||CITY OF TACOMA - (WA),0.0,1.2298029582510313,Unknown/Not Researched
King,Bothell,WA,98011.0,2025,RIVIAN,R1T,Battery Electric Vehicle (BEV),Eligibility unknown as battery range has not been researched,0,1.0,PUGET SOUND ENERGY INC||CITY OF TACOMA - (WA),0.0,0.9101348319226953,Unknown/Not Researched
Snohomish,Snohomish,WA,98290.0,2016,TESLA,MODEL S,Battery Electric Vehicle (BEV),Clean Alternative Fuel Vehicle Eligible,210,44.0,PUGET SOUND ENERGY INC,0.7167235494880546,-1.9668783050323277,Long
King,Seattle,WA,98119.0,2024,TESLA,MODEL 3,Battery Electric Vehicle (BEV),Eligibility unknown as battery range has not been researched,0,36.0,CITY OF SEATTLE - (WA)|CITY OF TACOMA - (WA),0.0,0.5904667055943594,Unknown/Not Researched
King,Kirkland,WA,98033.0,2022,TESLA,MODEL S,Battery Electric Vehicle (BEV),Eligibility unknown as battery range has not been researched,0,45.0,PUGET SOUND ENERGY INC||CITY OF TACOMA - (WA),0.0,-0.04886954706231235,Unknown/Not Researched
King,Clyde Hill,WA,98004.0,2026,TESLA,MODEL Y,Battery Electric Vehicle (BEV),Eligibility unknown as battery range has not been researched,0,48.0,PUGET SOUND ENERGY INC||CITY OF TACOMA - (WA),0.0,1.2298029582510313,Unknown/Not Researched
King,Shoreline,WA,98155.0,2018,CHEVROLET,BOLT EV,Battery Electric Vehicle (BEV),Clean Alternative Fuel Vehicle Eligible,238,32.0,CITY OF SEATTLE - (WA)|CITY OF TACOMA - (WA),0.8122866894197952,-1.3275420523756558,Long
King,Woodinville,WA,98072.0,2025,TESLA,MODEL 3,Battery Electric Vehicle (BEV),Eligibility unknown as battery range has not been researched,0,45.0,PUGET SOUND ENERGY INC||CITY OF TACOMA - (WA),0.0,0.9101348319226953,Unknown/Not Researched
Kitsap,Kingston,WA,98346.0,2017,CHEVROLET,VOLT,Plug-in Hybrid Electric Vehicle (PHEV),Clean Alternative Fuel Vehicle Eligible,53,23.0,PUGET SOUND ENERGY INC,0.18088737201365188,-1.647210178703992,Medium
King,Seattle,WA,98178.0,2024,SUBARU,SOLTERRA,Battery Electric Vehicle (BEV),Eligibility unknown as battery range has not been researched,0,37.0,CITY OF SEATTLE - (WA)|CITY OF TACOMA - (WA),0.0,0.5904667055943594,Unknown/Not Researched
King,Sammamish,WA,98074.0,2024,HONDA,PROLOGUE,Battery Electric Vehicle (BEV),Eligibility unknown as battery range has not been researched,0,45.0,PUGET SOUND ENERGY INC||CITY OF TACOMA - (WA),0.0,0.5904667055943594,Unknown/Not Researched
King,Renton,WA,98055.0,2022,TESLA,MODEL Y,Battery Electric Vehicle (BEV),Eligibility unknown as battery range has not been researched,0,11.0,PUGET SOUND ENERGY INC||CITY OF TACOMA - (WA),0.0,-0.04886954706231235,Unknown/Not Researched
King,Seattle,WA,98177.0,2022,NISSAN,LEAF,Battery Electric Vehicle (BEV),Eligibility unknown as battery range has not been researched,0,32.0,CITY OF SEATTLE - (WA)|CITY OF TACOMA - (WA),0.0,-0.04886954706231235,Unknown/Not Researched
Kitsap,Bainbridge Island,WA,98110.0,2022,TOYOTA,PRIUS PRIME (PHEV),Plug-in Hybrid Electric Vehicle (PHEV),Not eligible due to low battery range,25,23.0,PUGET SOUND ENERGY INC,0.08532423208191127,-0.04886954706231235,Short
King,Bellevue,WA,98005.0,2026,TESLA,MODEL Y,Battery Electric Vehicle (BEV),Eligibility unknown as battery range has not been researched,0,41.0,PUGET SOUND ENERGY INC||CITY OF TACOMA - (WA),0.0,1.2298029582510313,Unknown/Not Researched
King,Bellevue,WA,98006.0,2021,CHRYSLER,PACIFICA,Plug-in Hybrid Electric Vehicle (PHEV),Clean Alternative Fuel Vehicle Eligible,32,41.0,PUGET SOUND ENERGY INC||CITY OF TACOMA - (WA),0.10921501706484642,-0.36853767339064825,Short
Clark,Vancouver,WA,98682.0,2023,CHRYSLER,PACIFICA,Plug-in Hybrid Electric Vehicle (PHEV),Clean Alternative Fuel Vehicle Eligible,32,17.0,BONNEVILLE POWER ADMINISTRATION||PUD NO 1 OF CLARK COUNTY - (WA),0.10921501706484642,0.2707985792660235,Short
Kitsap,Bainbridge Island,WA,98110.0,2019,NISSAN,LEAF,Battery Electric Vehicle (BEV),Clean Alternative Fuel Vehicle Eligible,150,23.0,PUGET SOUND ENERGY INC,0.5119453924914675,-1.00787392604732,Medium
Spokane,Cheney,WA,99004.0,2019,NISSAN,LEAF,Battery Electric Vehicle (BEV),Clean Alternative Fuel Vehicle Eligible,150,6.0,CITY OF CHENEY - (WA),0.5119453924914675,-1.00787392604732,Medium
King,Kenmore,WA,98028.0,2023,VOLVO,C40,Battery Electric Vehicle (BEV),Eligibility unknown as battery range has not been researched,0,46.0,PUGET SOUND ENERGY INC||CITY OF TACOMA - (WA),0.0,0.2707985792660235,Unknown/Not Researched
Clark,Vancouver,WA,98684.0,2019,CHEVROLET,BOLT EV,Battery Electric Vehicle (BEV),Clean Alternative Fuel Vehicle Eligible,238,17.0,BONNEVILLE POWER ADMINISTRATION||PUD NO 1 OF CLARK COUNTY - (WA),0.8122866894197952,-1.00787392604732,Long
King,Bellevue,WA,98004.0,2024,TESLA,CYBERTRUCK,Battery Electric Vehicle (BEV),Eligibility unknown as battery range has not been researched,0,41.0,PUGET SOUND ENERGY INC||CITY OF TACOMA - (WA),0.0,0.5904667055943594,Unknown/Not Researched
King,Kirkland,WA,98034.0,2026,TESLA,MODEL Y,Battery Electric Vehicle (BEV),Eligibility unknown as battery range has not been researched,0,45.0,PUGET SOUND ENERGY INC||CITY OF TACOMA - (WA),0.0,1.2298029582510313,Unknown/Not Researched
Kitsap,Kingston,WA,98346.0,2021,HYUNDAI,KONA,Battery Electric Vehicle (BEV),Eligibility unknown as battery range has not been researched,0,23.0,PUGET SOUND ENERGY INC,0.0,-0.36853767339064825,Unknown/Not Researched
King,Kirkland,WA,98033.0,2023,CHRYSLER,PACIFICA,Plug-in Hybrid Electric Vehicle (PHEV),Clean Alternative Fuel Vehicle Eligible,32,45.0,PUGET SOUND ENERGY INC||CITY OF TACOMA - (WA),0.10921501706484642,0.2707985792660235,Short
King,Sammamish,WA,98075.0,2023,TESLA,MODEL Y,Battery Electric Vehicle (BEV),Eligibility unknown as battery range has not been researched,0,41.0,PUGET SOUND ENERGY INC||CITY OF TACOMA - (WA),0.0,0.2707985792660235,Unknown/Not Researched
King,Shoreline,WA,98155.0,2024,HYUNDAI,KONA,Battery Electric Vehicle (BEV),Eligibility unknown as battery range has not been researched,0,32.0,CITY OF SEATTLE - (WA)|CITY OF TACOMA - (WA),0.0,0.5904667055943594,Unknown/Not Researched
Kitsap,Port Orchard,WA,98367.0,2025,NISSAN,ARIYA MPV,Battery Electric Vehicle (BEV),Eligibility unknown as battery range has not been researched,0,26.0,PUGET SOUND ENERGY INC,0.0,0.9101348319226953,Unknown/Not Researched
King,Bellevue,WA,98006.0,2025,BMW,X5,Plug-in Hybrid Electric Vehicle (PHEV),Clean Alternative Fuel Vehicle Eligible,40,41.0,PUGET SOUND ENERGY INC||CITY OF TACOMA - (WA),0.13651877133105803,0.9101348319226953,Short
King,Kirkland,WA,98033.0,2024,SUBARU,SOLTERRA,Battery Electric Vehicle (BEV),Eligibility unknown as battery range has not been researched,0,48.0,PUGET SOUND ENERGY INC||CITY OF TACOMA - (WA),0.0,0.5904667055943594,Unknown/Not Researched
King,Seattle,WA,98133.0,2021,TESLA,MODEL 3,Battery Electric Vehicle (BEV),Eligibility unknown as battery range has not been researched,0,46.0,CITY OF SEATTLE - (WA)|CITY OF TACOMA - (WA),0.0,-0.36853767339064825,Unknown/Not Researched
King,Sammamish,WA,98074.0,2025,RIVIAN,R1S,Battery Electric Vehicle (BEV),Eligibility unknown as battery range has not been researched,0,45.0,PUGET SOUND ENERGY INC||CITY OF TACOMA - (WA),0.0,0.9101348319226953,Unknown/Not Researched
Clark,Battle Ground,WA,98604.0,2023,NISSAN,ARIYA HATCHBACK,Battery Electric Vehicle (BEV),Eligibility unknown as battery range has not been researched,0,18.0,BONNEVILLE POWER ADMINISTRATION||PUD NO 1 OF CLARK COUNTY - (WA),0.0,0.2707985792660235,Unknown/Not Researched
Clark,Vancouver,WA,98662.0,2022,TESLA,MODEL X,Battery Electric Vehicle (BEV),Eligibility unknown as battery range has not been researched,0,17.0,BONNEVILLE POWER ADMINISTRATION||PUD NO 1 OF CLARK COUNTY - (WA),0.0,-0.04886954706231235,Unknown/Not Researched
King,Seattle,WA,98107.0,2024,AUDI,Q8,Battery Electric Vehicle (BEV),Eligibility unknown as battery range has not been researched,0,36.0,CITY OF SEATTLE - (WA)|CITY OF TACOMA - (WA),0.0,0.5904667055943594,Unknown/Not Researched
Clark,Vancouver,WA,98684.0,2023,VOLKSWAGEN,ID.4,Battery Electric Vehicle (BEV),Eligibility unknown as battery range has not been researched,0,17.0,BONNEVILLE POWER ADMINISTRATION||PUD NO 1 OF CLARK COUNTY - (WA),0.0,0.2707985792660235,Unknown/Not Researched
King,Kent,WA,98031.0,2023,TESLA,MODEL Y,Battery Electric Vehicle (BEV),Eligibility unknown as battery range has not been researched,0,11.0,PUGET SOUND ENERGY INC||CITY OF TACOMA - (WA),0.0,0.2707985792660235,Unknown/Not Researched
King,Redmond,WA,98052.0,2023,TESLA,MODEL Y,Battery Electric Vehicle (BEV),Eligibility unknown as battery range has not been researched,0,45.0,PUGET SOUND ENERGY INC||CITY OF TACOMA - (WA),0.0,0.2707985792660235,Unknown/Not Researched
Clark,Vancouver,WA,98685.0,2023,VOLKSWAGEN,ID.4,Battery Electric Vehicle (BEV),Eligibility unknown as battery range has not been researched,0,18.0,BONNEVILLE POWER ADMINISTRATION||PUD NO 1 OF CLARK COUNTY - (WA),0.0,0.2707985792660235,Unknown/Not Researched
King,Bellevue,WA,98006.0,2023,TESLA,MODEL Y,Battery Electric Vehicle (BEV),Eligibility unknown as battery range has not been researched,0,41.0,PUGET SOUND ENERGY INC||CITY OF TACOMA - (WA),0.0,0.2707985792660235,Unknown/Not Researched
King,Kirkland,WA,98033.0,2023,TESLA,MODEL 3,Battery Electric Vehicle (BEV),Eligibility unknown as battery range has not been researched,0,45.0,PUGET SOUND ENERGY INC||CITY OF TACOMA - (WA),0.0,0.2707985792660235,Unknown/Not Researched
King,Bellevue,WA,98004.0,2016,TESLA,MODEL X,Battery Electric Vehicle (BEV),Clean Alternative Fuel Vehicle Eligible,200,41.0,PUGET SOUND ENERGY INC||CITY OF TACOMA - (WA),0.6825938566552902,-1.9668783050323277,Long
King,Seattle,WA,98103.0,2022,TESLA,MODEL X,Battery Electric Vehicle (BEV),Eligibility unknown as battery range has not been researched,0,46.0,CITY OF SEATTLE - (WA)|CITY OF TACOMA - (WA),0.0,-0.04886954706231235,Unknown/Not Researched
King,Seattle,WA,98102.0,2024,KIA,EV9,Battery Electric Vehicle (BEV),Eligibility unknown as battery range has not been researched,0,43.0,CITY OF SEATTLE - (WA)|CITY OF TACOMA - (WA),0.0,0.5904667055943594,Unknown/Not Researched
King,Seattle,WA,98112.0,2022,KIA,EV6,Battery Electric Vehicle (BEV),Eligibility unknown as battery range has not been researched,0,43.0,CITY OF SEATTLE - (WA)|CITY OF TACOMA - (WA),0.0,-0.04886954706231235,Unknown/Not Researched
King,Burien,WA,98166.0,2020,TESLA,MODEL Y,Battery Electric Vehicle (BEV),Clean Alternative Fuel Vehicle Eligible,291,34.0,PUGET SOUND ENERGY INC||CITY OF TACOMA - (WA),0.9931740614334471,-0.6882057997189841,Long
King,Seattle,WA,98125.0,2023,VOLKSWAGEN,ID.4,Battery Electric Vehicle (BEV),Eligibility unknown as battery range has not been researched,0,46.0,CITY OF SEATTLE - (WA)|CITY OF TACOMA - (WA),0.0,0.2707985792660235,Unknown/Not Researched
King,Seattle,WA,98125.0,2022,TESLA,MODEL 3,Battery Electric Vehicle (BEV),Eligibility unknown as battery range has not been researched,0,46.0,CITY OF SEATTLE - (WA)|CITY OF TACOMA - (WA),0.0,-0.04886954706231235,Unknown/Not Researched
King,Bellevue,WA,98004.0,2026,BMW,550E,Plug-in Hybrid Electric Vehicle (PHEV),Clean Alternative Fuel Vehicle Eligible,33,48.0,PUGET SOUND ENERGY INC||CITY OF TACOMA - (WA),0.11262798634812286,1.2298029582510313,Short
King,Seattle,WA,98108.0,2023,FORD,MUSTANG MACH-E,Battery Electric Vehicle (BEV),Eligibility unknown as battery range has not been researched,0,11.0,CITY OF SEATTLE - (WA)|CITY OF TACOMA - (WA),0.0,0.2707985792660235,Unknown/Not Researched
Snohomish,Bothell,WA,98012.0,2023,HYUNDAI,IONIQ 5,Battery Electric Vehicle (BEV),Eligibility unknown as battery range has not been researched,0,1.0,PUGET SOUND ENERGY INC,0.0,0.2707985792660235,Unknown/Not Researched
Clark,Vancouver,WA,98665.0,2015,FORD,FUSION,Plug-in Hybrid Electric Vehicle (PHEV),Not eligible due to low battery range,19,49.0,BONNEVILLE POWER ADMINISTRATION||PUD NO 1 OF CLARK COUNTY - (WA),0.06484641638225255,-2.2865464313606636,Short
King,Redmond,WA,98052.0,2021,AUDI,Q5 E,Plug-in Hybrid Electric Vehicle (PHEV),Not eligible due to low battery range,18,45.0,PUGET SOUND ENERGY INC||CITY OF TACOMA - (WA),0.06143344709897611,-0.36853767339064825,Short
King,Bellevue,WA,98008.0,2023,RIVIAN,R1S,Battery Electric Vehicle (BEV),Eligibility unknown as battery range has not been researched,0,48.0,PUGET SOUND ENERGY INC||CITY OF TACOMA - (WA),0.0,0.2707985792660235,Unknown/Not Researched
Snohomish,Everett,WA,98208.0,2022,TESLA,MODEL X,Battery Electric Vehicle (BEV),Eligibility unknown as battery range has not been researched,0,21.0,PUGET SOUND ENERGY INC,0.0,-0.04886954706231235,Unknown/Not Researched
Clark,Vancouver,WA,98685.0,2024,TOYOTA,RAV4 PRIME (PHEV),Plug-in Hybrid Electric Vehicle (PHEV),Clean Alternative Fuel Vehicle Eligible,42,18.0,BONNEVILLE POWER ADMINISTRATION||PUD NO 1 OF CLARK COUNTY - (WA),0.14334470989761092,0.5904667055943594,Short
Clark,Battle Ground,WA,98604.0,2023,TESLA,MODEL Y,Battery Electric Vehicle (BEV),Eligibility unknown as battery range has not been researched,0,18.0,BONNEVILLE POWER ADMINISTRATION||PUD NO 1 OF CLARK COUNTY - (WA),0.0,0.2707985792660235,Unknown/Not Researched
King,Auburn,WA,98002.0,2023,CHRYSLER,PACIFICA,Plug-in Hybrid Electric Vehicle (PHEV),Clean Alternative Fuel Vehicle Eligible,32,47.0,PUGET SOUND ENERGY INC||CITY OF TACOMA - (WA),0.10921501706484642,0.2707985792660235,Short
Kitsap,Poulsbo,WA,98370.0,2021,JEEP,WRANGLER,Plug-in Hybrid Electric Vehicle (PHEV),Not eligible due to low battery range,21,23.0,PUGET SOUND ENERGY INC,0.07167235494880546,-0.36853767339064825,Short
Snohomish,Everett,WA,98208.0,2026,TESLA,MODEL Y,Battery Electric Vehicle (BEV),Eligibility unknown as battery range has not been researched,0,44.0,PUGET SOUND ENERGY INC,0.0,1.2298029582510313,Unknown/Not Researched
King,Kirkland,WA,98034.0,2024,TESLA,MODEL Y,Battery Electric Vehicle (BEV),Eligibility unknown as battery range has not been researched,0,45.0,PUGET SOUND ENERGY INC||CITY OF TACOMA - (WA),0.0,0.5904667055943594,Unknown/Not Researched
King,Bellevue,WA,98008.0,2021,TESLA,MODEL 3,Battery Electric Vehicle (BEV),Eligibility unknown as battery range has not been researched,0,48.0,PUGET SOUND ENERGY INC||CITY OF TACOMA - (WA),0.0,-0.36853767339064825,Unknown/Not Researched
King,Seattle,WA,98116.0,2023,TESLA,MODEL 3,Battery Electric Vehicle (BEV),Eligibility unknown as battery range has not been researched,0,34.0,CITY OF SEATTLE - (WA)|CITY OF TACOMA - (WA),0.0,0.2707985792660235,Unknown/Not Researched
Clark,Vancouver,WA,98685.0,2022,KIA,EV6,Battery Electric Vehicle (BEV),Eligibility unknown as battery range has not been researched,0,49.0,BONNEVILLE POWER ADMINISTRATION||PUD NO 1 OF CLARK COUNTY - (WA),0.0,-0.04886954706231235,Unknown/Not Researched
Kitsap,Bainbridge Island,WA,98110.0,2025,FORD,F-150,Battery Electric Vehicle (BEV),Eligibility unknown as battery range has not been researched,0,23.0,PUGET SOUND ENERGY INC,0.0,0.9101348319226953,Unknown/Not Researched
King,Bellevue,WA,98006.0,2023,TESLA,MODEL Y,Battery Electric Vehicle (BEV),Eligibility unknown as battery range has not been researched,0,41.0,PUGET SOUND ENERGY INC||CITY OF TACOMA - (WA),0.0,0.2707985792660235,Unknown/Not Researched
Kitsap,Poulsbo,WA,98370.0,2019,TESLA,MODEL X,Battery Electric Vehicle (BEV),Clean Alternative Fuel Vehicle Eligible,289,23.0,PUGET SOUND ENERGY INC,0.9863481228668942,-1.00787392604732,Long
King,Shoreline,WA,98177.0,2022,FORD,MUSTANG MACH-E,Battery Electric Vehicle (BEV),Eligibility unknown as battery range has not been researched,0,32.0,CITY OF SEATTLE - (WA)|CITY OF TACOMA - (WA),0.0,-0.04886954706231235,Unknown/Not Researched
Kitsap,Kingston,WA,98346.0,2025,CADILLAC,OPTIQ,Battery Electric Vehicle (BEV),Eligibility unknown as battery range has not been researched,0,23.0,PUGET SOUND ENERGY INC,0.0,0.9101348319226953,Unknown/Not Researched
King,Seattle,WA,98125.0,2024,FORD,F-150,Battery Electric Vehicle (BEV),Eligibility unknown as battery range has not been researched,0,46.0,CITY OF SEATTLE - (WA)|CITY OF TACOMA - (WA),0.0,0.5904667055943594,Unknown/Not Researched
King,Bellevue,WA,98005.0,2021,TESLA,MODEL Y,Battery Electric Vehicle (BEV),Eligibility unknown as battery range has not been researched,0,48.0,PUGET SOUND ENERGY INC||CITY OF TACOMA - (WA),0.0,-0.36853767339064825,Unknown/Not Researched
King,Bothell,WA,98011.0,2017,CHEVROLET,VOLT,Plug-in Hybrid Electric Vehicle (PHEV),Clean Alternative Fuel Vehicle Eligible,53,1.0,PUGET SOUND ENERGY INC||CITY OF TACOMA - (WA),0.18088737201365188,-1.647210178703992,Medium
King,Renton,WA,98056.0,2025,TESLA,MODEL Y,Battery Electric Vehicle (BEV),Eligibility unknown as battery range has not been researched,0,41.0,PUGET SOUND ENERGY INC||CITY OF TACOMA - (WA),0.0,0.9101348319226953,Unknown/Not Researched
Clark,Vancouver,WA,98686.0,2023,TESLA,MODEL 3,Battery Electric Vehicle (BEV),Eligibility unknown as battery range has not been researched,0,49.0,BONNEVILLE POWER ADMINISTRATION||PUD NO 1 OF CLARK COUNTY - (WA),0.0,0.2707985792660235,Unknown/Not Researched
Kitsap,Kingston,WA,98346.0,2019,AUDI,E-TRON,Battery Electric Vehicle (BEV),Clean Alternative Fuel Vehicle Eligible,204,23.0,PUGET SOUND ENERGY INC,0.6962457337883959,-1.00787392604732,Long
Clark,Vancouver,WA,98686.0,2019,CHEVROLET,BOLT EV,Battery Electric Vehicle (BEV),Clean Alternative Fuel Vehicle Eligible,238,49.0,BONNEVILLE POWER ADMINISTRATION||PUD NO 1 OF CLARK COUNTY - (WA),0.8122866894197952,-1.00787392604732,Long
King,Bellevue,WA,98004.0,2018,TESLA,MODEL 3,Battery Electric Vehicle (BEV),Clean Alternative Fuel Vehicle Eligible,215,41.0,PUGET SOUND ENERGY INC||CITY OF TACOMA - (WA),0.7337883959044369,-1.3275420523756558,Long
Snohomish,Bothell,WA,98012.0,2021,FORD,MUSTANG MACH-E,Battery Electric Vehicle (BEV),Eligibility unknown as battery range has not been researched,0,21.0,PUGET SOUND ENERGY INC,0.0,-0.36853767339064825,Unknown/Not Researched
King,Kent,WA,98031.0,2026,TESLA,MODEL Y,Battery Electric Vehicle (BEV),Eligibility unknown as battery range has not been researched,0,47.0,PUGET SOUND ENERGY INC||CITY OF TACOMA - (WA),0.0,1.2298029582510313,Unknown/Not Researched
Clark,Vancouver,WA,98684.0,2018,NISSAN,LEAF,Battery Electric Vehicle (BEV),Clean Alternative Fuel Vehicle Eligible,151,17.0,BONNEVILLE POWER ADMINISTRATION||PUD NO 1 OF CLARK COUNTY - (WA),0.515358361774744,-1.3275420523756558,Long
King,Woodinville,WA,98072.0,2024,JEEP,WRANGLER,Plug-in Hybrid Electric Vehicle (PHEV),Not eligible due to low battery range,21,45.0,PUGET SOUND ENERGY INC||CITY OF TACOMA - (WA),0.07167235494880546,0.5904667055943594,Short
King,Seattle,WA,98125.0,2021,TESLA,MODEL 3,Battery Electric Vehicle (BEV),Eligibility unknown as battery range has not been researched,0,46.0,CITY OF SEATTLE - (WA)|CITY OF TACOMA - (WA),0.0,-0.36853767339064825,Unknown/Not Researched
King,Issaquah,WA,98029.0,2019,NISSAN,LEAF,Battery Electric Vehicle (BEV),Clean Alternative Fuel Vehicle Eligible,150,5.0,PUGET SOUND ENERGY INC||CITY OF TACOMA - (WA),0.5119453924914675,-1.00787392604732,Medium
Clark,Vancouver,WA,98686.0,2019,VOLKSWAGEN,E-GOLF,Battery Electric Vehicle (BEV),Clean Alternative Fuel Vehicle Eligible,125,49.0,BONNEVILLE POWER ADMINISTRATION||PUD NO 1 OF CLARK COUNTY - (WA),0.42662116040955633,-1.00787392604732,Medium
King,Seattle,WA,98146.0,2025,TESLA,MODEL 3,Battery Electric Vehicle (BEV),Eligibility unknown as battery range has not been researched,0,34.0,CITY OF SEATTLE - (WA)|CITY OF TACOMA - (WA),0.0,0.9101348319226953,Unknown/Not Researched
King,Shoreline,WA,98177.0,2023,TESLA,MODEL X,Battery Electric Vehicle (BEV),Eligibility unknown as battery range has not been researched,0,32.0,CITY OF SEATTLE - (WA)|CITY OF TACOMA - (WA),0.0,0.2707985792660235,Unknown/Not Researched
King,Kirkland,WA,98033.0,2024,MERCEDES-BENZ,EQE-CLASS SUV,Battery Electric Vehicle (BEV),Eligibility unknown as battery range has not been researched,0,48.0,PUGET SOUND ENERGY INC||CITY OF TACOMA - (WA),0.0,0.5904667055943594,Unknown/Not Researched
King,Kent,WA,98031.0,2025,HONDA,PROLOGUE,Battery Electric Vehicle (BEV),Eligibility unknown as battery range has not been researched,0,47.0,PUGET SOUND ENERGY INC||CITY OF TACOMA - (WA),0.0,0.9101348319226953,Unknown/Not Researched
Clark,Camas,WA,98607.0,2017,TESLA,MODEL S,Battery Electric Vehicle (BEV),Clean Alternative Fuel Vehicle Eligible,210,18.0,BONNEVILLE POWER ADMINISTRATION||PUD NO 1 OF CLARK COUNTY - (WA),0.7167235494880546,-1.647210178703992,Long
Clark,Washougal,WA,98671.0,2023,TESLA,MODEL 3,Battery Electric Vehicle (BEV),Eligibility unknown as battery range has not been researched,0,18.0,BONNEVILLE POWER ADMINISTRATION||PACIFICORP||PUD NO 1 OF CLARK COUNTY - (WA),0.0,0.2707985792660235,Unknown/Not Researched
King,Duvall,WA,98019.0,2023,TOYOTA,BZ4X,Battery Electric Vehicle (BEV),Eligibility unknown as battery range has not been researched,0,45.0,PUGET SOUND ENERGY INC||CITY OF TACOMA - (WA),0.0,0.2707985792660235,Unknown/Not Researched
King,Seattle,WA,98112.0,2023,KIA,SPORTAGE,Plug-in Hybrid Electric Vehicle (PHEV),Clean Alternative Fuel Vehicle Eligible,34,43.0,CITY OF SEATTLE - (WA)|CITY OF TACOMA - (WA),0.11604095563139932,0.2707985792660235,Short
Walla Walla,Walla Walla,WA,99362.0,2023,BMW,X5,Plug-in Hybrid Electric Vehicle (PHEV),Clean Alternative Fuel Vehicle Eligible,30,16.0,PACIFICORP,0.10238907849829351,0.2707985792660235,Short
King,Seattle,WA,98109.0,2025,TESLA,CYBERTRUCK,Battery Electric Vehicle (BEV),Eligibility unknown as battery range has not been researched,0,43.0,CITY OF SEATTLE - (WA)|CITY OF TACOMA - (WA),0.0,0.9101348319226953,Unknown/Not Researched
King,Bellevue,WA,98004.0,2026,TESLA,MODEL Y,Battery Electric Vehicle (BEV),Eligibility unknown as battery range has not been researched,0,41.0,PUGET SOUND ENERGY INC||CITY OF TACOMA - (WA),0.0,1.2298029582510313,Unknown/Not Researched
King,Bellevue,WA,98006.0,2024,TESLA,MODEL Y,Battery Electric Vehicle (BEV),Eligibility unknown as battery range has not been researched,0,41.0,PUGET SOUND ENERGY INC||CITY OF TACOMA - (WA),0.0,0.5904667055943594,Unknown/Not Researched
King,Seattle,WA,98107.0,2022,FORD,ESCAPE,Plug-in Hybrid Electric Vehicle (PHEV),Clean Alternative Fuel Vehicle Eligible,38,43.0,CITY OF SEATTLE - (WA)|CITY OF TACOMA - (WA),0.1296928327645051,-0.04886954706231235,Short
Clark,Camas,WA,98607.0,2025,KIA,NIRO,Plug-in Hybrid Electric Vehicle (PHEV),Clean Alternative Fuel Vehicle Eligible,33,18.0,BONNEVILLE POWER ADMINISTRATION||PUD NO 1 OF CLARK COUNTY - (WA),0.11262798634812286,0.9101348319226953,Short
King,Newcastle,WA,98056.0,2023,TESLA,MODEL Y,Battery Electric Vehicle (BEV),Eligibility unknown as battery range has not been researched,0,41.0,PUGET SOUND ENERGY INC||CITY OF TACOMA - (WA),0.0,0.2707985792660235,Unknown/Not Researched
King,Kent,WA,98031.0,2024,TESLA,MODEL 3,Battery Electric Vehicle (BEV),Eligibility unknown as battery range has not been researched,0,47.0,PUGET SOUND ENERGY INC||CITY OF TACOMA - (WA),0.0,0.5904667055943594,Unknown/Not Researched
King,Kirkland,WA,98033.0,2022,TESLA,MODEL Y,Battery Electric Vehicle (BEV),Eligibility unknown as battery range has not been researched,0,48.0,PUGET SOUND ENERGY INC||CITY OF TACOMA - (WA),0.0,-0.04886954706231235,Unknown/Not Researched
King,Bellevue,WA,98004.0,2018,TESLA,MODEL S,Battery Electric Vehicle (BEV),Clean Alternative Fuel Vehicle Eligible,249,41.0,PUGET SOUND ENERGY INC||CITY OF TACOMA - (WA),0.8498293515358362,-1.3275420523756558,Long
Kitsap,Bainbridge Island,WA,98110.0,2025,MERCEDES-BENZ,EQE-CLASS SUV,Battery Electric Vehicle (BEV),Eligibility unknown as battery range has not been researched,0,23.0,PUGET SOUND ENERGY INC,0.0,0.9101348319226953,Unknown/Not Researched
King,Kirkland,WA,98034.0,2025,TESLA,CYBERTRUCK,Battery Electric Vehicle (BEV),Eligibility unknown as battery range has not been researched,0,45.0,PUGET SOUND ENERGY INC||CITY OF TACOMA - (WA),0.0,0.9101348319226953,Unknown/Not Researched
Thurston,Yelm,WA,98597.0,2023,CHEVROLET,BOLT EUV,Battery Electric Vehicle (BEV),Eligibility unknown as battery range has not been researched,0,2.0,PUGET SOUND ENERGY INC,0.0,0.2707985792660235,Unknown/Not Researched
King,Bellevue,WA,98007.0,2023,TESLA,MODEL 3,Battery Electric Vehicle (BEV),Eligibility unknown as battery range has not been researched,0,48.0,PUGET SOUND ENERGY INC||CITY OF TACOMA - (WA),0.0,0.2707985792660235,Unknown/Not Researched
Clark,Washougal,WA,98671.0,2023,AUDI,Q4,Battery Electric Vehicle (BEV),Eligibility unknown as battery range has not been researched,0,18.0,BONNEVILLE POWER ADMINISTRATION||PUD NO 1 OF CLARK COUNTY - (WA),0.0,0.2707985792660235,Unknown/Not Researched
King,Seattle,WA,98133.0,2024,HYUNDAI,IONIQ 6,Battery Electric Vehicle (BEV),Eligibility unknown as battery range has not been researched,0,32.0,CITY OF SEATTLE - (WA)|CITY OF TACOMA - (WA),0.0,0.5904667055943594,Unknown/Not Researched
King,Shoreline,WA,98177.0,2022,TESLA,MODEL Y,Battery Electric Vehicle (BEV),Eligibility unknown as battery range has not been researched,0,32.0,CITY OF SEATTLE - (WA)|CITY OF TACOMA - (WA),0.0,-0.04886954706231235,Unknown/Not Researched
King,Bellevue,WA,98006.0,2020,TESLA,MODEL 3,Battery Electric Vehicle (BEV),Clean Alternative Fuel Vehicle Eligible,266,41.0,PUGET SOUND ENERGY INC||CITY OF TACOMA - (WA),0.9078498293515358,-0.6882057997189841,Long
Snohomish,Bothell,WA,98012.0,2025,TESLA,MODEL Y,Battery Electric Vehicle (BEV),Eligibility unknown as battery range has not been researched,0,44.0,PUGET SOUND ENERGY INC,0.0,0.9101348319226953,Unknown/Not Researched
Snohomish,Bothell,WA,98012.0,2015,NISSAN,LEAF,Battery Electric Vehicle (BEV),Clean Alternative Fuel Vehicle Eligible,84,1.0,PUGET SOUND ENERGY INC,0.28668941979522183,-2.2865464313606636,Medium
King,Redmond,WA,98052.0,2022,TESLA,MODEL 3,Battery Electric Vehicle (BEV),Eligibility unknown as battery range has not been researched,0,45.0,PUGET SOUND ENERGY INC||CITY OF TACOMA - (WA),0.0,-0.04886954706231235,Unknown/Not Researched
King,Bellevue,WA,98007.0,2025,TESLA,MODEL 3,Battery Electric Vehicle (BEV),Eligibility unknown as battery range has not been researched,0,48.0,PUGET SOUND ENERGY INC||CITY OF TACOMA - (WA),0.0,0.9101348319226953,Unknown/Not Researched
King,Redmond,WA,98052.0,2026,TESLA,MODEL Y,Battery Electric Vehicle (BEV),Eligibility unknown as battery range has not been researched,0,45.0,PUGET SOUND ENERGY INC||CITY OF TACOMA - (WA),0.0,1.2298029582510313,Unknown/Not Researched
Thurston,Tenino,WA,98589.0,2023,SUBARU,SOLTERRA,Battery Electric Vehicle (BEV),Eligibility unknown as battery range has not been researched,0,20.0,PUGET SOUND ENERGY INC,0.0,0.2707985792660235,Unknown/Not Researched
Thurston,Lacey,WA,98503.0,2024,HYUNDAI,TUCSON,Plug-in Hybrid Electric Vehicle (PHEV),Clean Alternative Fuel Vehicle Eligible,33,22.0,PUGET SOUND ENERGY INC,0.11262798634812286,0.5904667055943594,Short
Kitsap,Silverdale,WA,98383.0,2025,FORD,ESCAPE,Plug-in Hybrid Electric Vehicle (PHEV),Clean Alternative Fuel Vehicle Eligible,37,23.0,PUGET SOUND ENERGY INC,0.12627986348122866,0.9101348319226953,Short
King,Kirkland,WA,98033.0,2025,NISSAN,LEAF,Battery Electric Vehicle (BEV),Eligibility unknown as battery range has not been researched,0,45.0,PUGET SOUND ENERGY INC||CITY OF TACOMA - (WA),0.0,0.9101348319226953,Unknown/Not Researched
King,Seattle,WA,98117.0,2026,VOLVO,XC60,Plug-in Hybrid Electric Vehicle (PHEV),Clean Alternative Fuel Vehicle Eligible,35,36.0,CITY OF SEATTLE - (WA)|CITY OF TACOMA - (WA),0.11945392491467577,1.2298029582510313,Short
King,Bellevue,WA,98004.0,2022,TESLA,MODEL Y,Battery Electric Vehicle (BEV),Eligibility unknown as battery range has not been researched,0,41.0,PUGET SOUND ENERGY INC||CITY OF TACOMA - (WA),0.0,-0.04886954706231235,Unknown/Not Researched
Snohomish,Marysville,WA,98271.0,2024,HONDA,PROLOGUE,Battery Electric Vehicle (BEV),Eligibility unknown as battery range has not been researched,0,38.0,PUGET SOUND ENERGY INC,0.0,0.5904667055943594,Unknown/Not Researched
King,Bellevue,WA,98006.0,2023,JEEP,WRANGLER,Plug-in Hybrid Electric Vehicle (PHEV),Not eligible due to low battery range,21,41.0,PUGET SOUND ENERGY INC||CITY OF TACOMA - (WA),0.07167235494880546,0.2707985792660235,Short
King,Seattle,WA,98177.0,2025,CADILLAC,OPTIQ,Battery Electric Vehicle (BEV),Eligibility unknown as battery range has not been researched,0,32.0,CITY OF SEATTLE - (WA)|CITY OF TACOMA - (WA),0.0,0.9101348319226953,Unknown/Not Researched
King,Kirkland,WA,98033.0,2023,CHEVROLET,BOLT EUV,Battery Electric Vehicle (BEV),Eligibility unknown as battery range has not been researched,0,48.0,PUGET SOUND ENERGY INC||CITY OF TACOMA - (WA),0.0,0.2707985792660235,Unknown/Not Researched
King,Redmond,WA,98052.0,2024,KIA,NIRO,Battery Electric Vehicle (BEV),Eligibility unknown as battery range has not been researched,0,45.0,PUGET SOUND ENERGY INC||CITY OF TACOMA - (WA),0.0,0.5904667055943594,Unknown/Not Researched
King,Seattle,WA,98125.0,2021,PORSCHE,TAYCAN,Battery Electric Vehicle (BEV),Eligibility unknown as battery range has not been researched,0,46.0,CITY OF SEATTLE - (WA)|CITY OF TACOMA - (WA),0.0,-0.36853767339064825,Unknown/Not Researched
King,Bellevue,WA,98007.0,2021,TESLA,MODEL 3,Battery Electric Vehicle (BEV),Eligibility unknown as battery range has not been researched,0,48.0,PUGET SOUND ENERGY INC||CITY OF TACOMA - (WA),0.0,-0.36853767339064825,Unknown/Not Researched
King,Auburn,WA,98002.0,2025,MERCEDES-BENZ,GLC-CLASS,Plug-in Hybrid Electric Vehicle (PHEV),Clean Alternative Fuel Vehicle Eligible,54,47.0,PUGET SOUND ENERGY INC||CITY OF TACOMA - (WA),0.18430034129692832,0.9101348319226953,Medium
Clark,Vancouver,WA,98683.0,2024,TESLA,MODEL X,Battery Electric Vehicle (BEV),Eligibility unknown as battery range has not been researched,0,17.0,BONNEVILLE POWER ADMINISTRATION||PUD NO 1 OF CLARK COUNTY - (WA),0.0,0.5904667055943594,Unknown/Not Researched
King,Renton,WA,98056.0,2026,NISSAN,LEAF,Battery Electric Vehicle (BEV),Eligibility unknown as battery range has not been researched,0,41.0,PUGET SOUND ENERGY INC||CITY OF TACOMA - (WA),0.0,1.2298029582510313,Unknown/Not Researched
King,Kirkland,WA,98033.0,2026,TESLA,MODEL Y,Battery Electric Vehicle (BEV),Eligibility unknown as battery range has not been researched,0,45.0,PUGET SOUND ENERGY INC||CITY OF TACOMA - (WA),0.0,1.2298029582510313,Unknown/Not Researched
King,Seattle,WA,98107.0,2025,VOLVO,XC90,Plug-in Hybrid Electric Vehicle (PHEV),Clean Alternative Fuel Vehicle Eligible,32,36.0,CITY OF SEATTLE - (WA)|CITY OF TACOMA - (WA),0.10921501706484642,0.9101348319226953,Short
King,Renton,WA,98056.0,2025,TESLA,MODEL Y,Battery Electric Vehicle (BEV),Eligibility unknown as battery range has not been researched,0,41.0,PUGET SOUND ENERGY INC||CITY OF TACOMA - (WA),0.0,0.9101348319226953,Unknown/Not Researched
King,Bellevue,WA,98004.0,2026,TESLA,MODEL Y,Battery Electric Vehicle (BEV),Eligibility unknown as battery range has not been researched,0,48.0,PUGET SOUND ENERGY INC||CITY OF TACOMA - (WA),0.0,1.2298029582510313,Unknown/Not Researched
King,Covington,WA,98042.0,2023,TESLA,MODEL 3,Battery Electric Vehicle (BEV),Eligibility unknown as battery range has not been researched,0,47.0,PUGET SOUND ENERGY INC||CITY OF TACOMA - (WA),0.0,0.2707985792660235,Unknown/Not Researched
King,Seattle,WA,98102.0,2024,AUDI,Q5 E,Plug-in Hybrid Electric Vehicle (PHEV),Not eligible due to low battery range,23,43.0,CITY OF SEATTLE - (WA)|CITY OF TACOMA - (WA),0.07849829351535836,0.5904667055943594,Short
King,Bellevue,WA,98005.0,2025,VOLVO,XC90,Plug-in Hybrid Electric Vehicle (PHEV),Clean Alternative Fuel Vehicle Eligible,32,48.0,PUGET SOUND ENERGY INC||CITY OF TACOMA - (WA),0.10921501706484642,0.9101348319226953,Short
King,Bothell,WA,98011.0,2022,VOLVO,XC90,Plug-in Hybrid Electric Vehicle (PHEV),Not eligible due to low battery range,18,1.0,PUGET SOUND ENERGY INC||CITY OF TACOMA - (WA),0.06143344709897611,-0.04886954706231235,Short
Snohomish,Everett,WA,98204.0,2023,TESLA,MODEL Y,Battery Electric Vehicle (BEV),Eligibility unknown as battery range has not been researched,0,21.0,PUGET SOUND ENERGY INC,0.0,0.2707985792660235,Unknown/Not Researched
Clark,Vancouver,WA,98685.0,2023,KIA,NIRO,Plug-in Hybrid Electric Vehicle (PHEV),Clean Alternative Fuel Vehicle Eligible,33,18.0,BONNEVILLE POWER ADMINISTRATION||PUD NO 1 OF CLARK COUNTY - (WA),0.11262798634812286,0.2707985792660235,Short
King,Seattle,WA,98118.0,2022,TESLA,MODEL Y,Battery Electric Vehicle (BEV),Eligibility unknown as battery range has not been researched,0,37.0,CITY OF SEATTLE - (WA)|CITY OF TACOMA - (WA),0.0,-0.04886954706231235,Unknown/Not Researched
Snohomish,Lynnwood,WA,98087.0,2025,TESLA,MODEL 3,Battery Electric Vehicle (BEV),Eligibility unknown as battery range has not been researched,0,21.0,PUGET SOUND ENERGY INC,0.0,0.9101348319226953,Unknown/Not Researched
King,Bellevue,WA,98007.0,2016,FIAT,500,Battery Electric Vehicle (BEV),Clean Alternative Fuel Vehicle Eligible,84,48.0,PUGET SOUND ENERGY INC||CITY OF TACOMA - (WA),0.28668941979522183,-1.9668783050323277,Medium
Cowlitz,Kalama,WA,98625.0,2017,FORD,FUSION,Plug-in Hybrid Electric Vehicle (PHEV),Not eligible due to low battery range,21,20.0,BONNEVILLE POWER ADMINISTRATION||PUD NO 1 OF COWLITZ COUNTY,0.07167235494880546,-1.647210178703992,Short
King,Duvall,WA,98019.0,2021,NISSAN,LEAF,Battery Electric Vehicle (BEV),Eligibility unknown as battery range has not been researched,0,45.0,PUGET SOUND ENERGY INC||CITY OF TACOMA - (WA),0.0,-0.36853767339064825,Unknown/Not Researched
Clark,Vancouver,WA,98664.0,2024,HONDA,PROLOGUE,Battery Electric Vehicle (BEV),Eligibility unknown as battery range has not been researched,0,49.0,BONNEVILLE POWER ADMINISTRATION||PUD NO 1 OF CLARK COUNTY - (WA),0.0,0.5904667055943594,Unknown/Not Researched
King,Bellevue,WA,98006.0,2020,TESLA,MODEL Y,Battery Electric Vehicle (BEV),Clean Alternative Fuel Vehicle Eligible,291,41.0,PUGET SOUND ENERGY INC||CITY OF TACOMA - (WA),0.9931740614334471,-0.6882057997189841,Long
Clark,Vancouver,WA,98685.0,2021,TESLA,MODEL 3,Battery Electric Vehicle (BEV),Eligibility unknown as battery range has not been researched,0,49.0,BONNEVILLE POWER ADMINISTRATION||PUD NO 1 OF CLARK COUNTY - (WA),0.0,-0.36853767339064825,Unknown/Not Researched
King,Seattle,WA,98103.0,2023,CHEVROLET,BOLT EUV,Battery Electric Vehicle (BEV),Eligibility unknown as battery range has not been researched,0,43.0,CITY OF SEATTLE - (WA)|CITY OF TACOMA - (WA),0.0,0.2707985792660235,Unknown/Not Researched
Clark,Ridgefield,WA,98642.0,2023,TESLA,MODEL X,Battery Electric Vehicle (BEV),Eligibility unknown as battery range has not been researched,0,18.0,BONNEVILLE POWER ADMINISTRATION||PUD NO 1 OF CLARK COUNTY - (WA),0.0,0.2707985792660235,Unknown/Not Researched
King,Seattle,WA,98102.0,2019,CHEVROLET,BOLT EV,Battery Electric Vehicle (BEV),Clean Alternative Fuel Vehicle Eligible,238,43.0,CITY OF SEATTLE - (WA)|CITY OF TACOMA - (WA),0.8122866894197952,-1.00787392604732,Long
King,Kirkland,WA,98033.0,2023,TESLA,MODEL Y,Battery Electric Vehicle (BEV),Eligibility unknown as battery range has not been researched,0,48.0,PUGET SOUND ENERGY INC||CITY OF TACOMA - (WA),0.0,0.2707985792660235,Unknown/Not Researched
Thurston,Olympia,WA,98501.0,2017,CHEVROLET,BOLT EV,Battery Electric Vehicle (BEV),Clean Alternative Fuel Vehicle Eligible,238,22.0,PUGET SOUND ENERGY INC,0.8122866894197952,-1.647210178703992,Long
King,Redmond,WA,98052.0,2018,TESLA,MODEL X,Battery Electric Vehicle (BEV),Clean Alternative Fuel Vehicle Eligible,238,45.0,PUGET SOUND ENERGY INC||CITY OF TACOMA - (WA),0.8122866894197952,-1.3275420523756558,Long
King,Issaquah,WA,98029.0,2026,RIVIAN,R1S,Battery Electric Vehicle (BEV),Eligibility unknown as battery range has not been researched,0,5.0,PUGET SOUND ENERGY INC||CITY OF TACOMA - (WA),0.0,1.2298029582510313,Unknown/Not Researched
King,Seattle,WA,98112.0,2024,VOLVO,V60,Plug-in Hybrid Electric Vehicle (PHEV),Clean Alternative Fuel Vehicle Eligible,41,43.0,CITY OF SEATTLE - (WA)|CITY OF TACOMA - (WA),0.13993174061433447,0.5904667055943594,Short
King,Bellevue,WA,98005.0,2026,BMW,X5,Plug-in Hybrid Electric Vehicle (PHEV),Clean Alternative Fuel Vehicle Eligible,38,48.0,PUGET SOUND ENERGY INC||CITY OF TACOMA - (WA),0.1296928327645051,1.2298029582510313,Short
Clark,Vancouver,WA,98685.0,2020,CHEVROLET,BOLT EV,Battery Electric Vehicle (BEV),Clean Alternative Fuel Vehicle Eligible,259,49.0,BONNEVILLE POWER ADMINISTRATION||PUD NO 1 OF CLARK COUNTY - (WA),0.8839590443686007,-0.6882057997189841,Long
King,Seattle,WA,98125.0,2013,NISSAN,LEAF,Battery Electric Vehicle (BEV),Clean Alternative Fuel Vehicle Eligible,75,46.0,CITY OF SEATTLE - (WA)|CITY OF TACOMA - (WA),0.25597269624573377,-2.9258826840173353,Medium
King,Bellevue,WA,98008.0,2024,TESLA,MODEL Y,Battery Electric Vehicle (BEV),Eligibility unknown as battery range has not been researched,0,48.0,PUGET SOUND ENERGY INC||CITY OF TACOMA - (WA),0.0,0.5904667055943594,Unknown/Not Researched
Kitsap,Bainbridge Island,WA,98110.0,2024,AUDI,Q5 E,Plug-in Hybrid Electric Vehicle (PHEV),Not eligible due to low battery range,23,23.0,PUGET SOUND ENERGY INC,0.07849829351535836,0.5904667055943594,Short
King,Redmond,WA,98052.0,2016,NISSAN,LEAF,Battery Electric Vehicle (BEV),Clean Alternative Fuel Vehicle Eligible,84,48.0,PUGET SOUND ENERGY INC||CITY OF TACOMA - (WA),0.28668941979522183,-1.9668783050323277,Medium
King,Woodinville,WA,98072.0,2024,CADILLAC,LYRIQ,Battery Electric Vehicle (BEV),Eligibility unknown as battery range has not been researched,0,45.0,PUGET SOUND ENERGY INC||CITY OF TACOMA - (WA),0.0,0.5904667055943594,Unknown/Not Researched
King,Seattle,WA,98125.0,2024,TESLA,MODEL Y,Battery Electric Vehicle (BEV),Eligibility unknown as battery range has not been researched,0,46.0,CITY OF SEATTLE - (WA)|CITY OF TACOMA - (WA),0.0,0.5904667055943594,Unknown/Not Researched
King,Seattle,WA,98125.0,2024,KIA,NIRO,Battery Electric Vehicle (BEV),Eligibility unknown as battery range has not been researched,0,46.0,CITY OF SEATTLE - (WA)|CITY OF TACOMA - (WA),0.0,0.5904667055943594,Unknown/Not Researched
King,Bellevue,WA,98004.0,2024,TESLA,MODEL Y,Battery Electric Vehicle (BEV),Eligibility unknown as battery range has not been researched,0,41.0,PUGET SOUND ENERGY INC||CITY OF TACOMA - (WA),0.0,0.5904667055943594,Unknown/Not Researched
King,Seattle,WA,98177.0,2023,HYUNDAI,IONIQ 5,Battery Electric Vehicle (BEV),Eligibility unknown as battery range has not been researched,0,32.0,CITY OF SEATTLE - (WA)|CITY OF TACOMA - (WA),0.0,0.2707985792660235,Unknown/Not Researched
King,Bothell,WA,98011.0,2015,NISSAN,LEAF,Battery Electric Vehicle (BEV),Clean Alternative Fuel Vehicle Eligible,84,1.0,PUGET SOUND ENERGY INC||CITY OF TACOMA - (WA),0.28668941979522183,-2.2865464313606636,Medium
King,Seattle,WA,98107.0,2022,TESLA,MODEL 3,Battery Electric Vehicle (BEV),Eligibility unknown as battery range has not been researched,0,43.0,CITY OF SEATTLE - (WA)|CITY OF TACOMA - (WA),0.0,-0.04886954706231235,Unknown/Not Researched
King,Kirkland,WA,98034.0,2023,TESLA,MODEL Y,Battery Electric Vehicle (BEV),Eligibility unknown as battery range has not been researched,0,1.0,PUGET SOUND ENERGY INC||CITY OF TACOMA - (WA),0.0,0.2707985792660235,Unknown/Not Researched
Snohomish,Arlington,WA,98223.0,2025,TESLA,MODEL 3,Battery Electric Vehicle (BEV),Eligibility unknown as battery range has not been researched,0,39.0,PUGET SOUND ENERGY INC,0.0,0.9101348319226953,Unknown/Not Researched
King,Kirkland,WA,98034.0,2025,GENESIS,GV70,Battery Electric Vehicle (BEV),Eligibility unknown as battery range has not been researched,0,45.0,PUGET SOUND ENERGY INC||CITY OF TACOMA - (WA),0.0,0.9101348319226953,Unknown/Not Researched
King,Seattle,WA,98119.0,2025,TESLA,MODEL Y,Battery Electric Vehicle (BEV),Eligibility unknown as battery range has not been researched,0,36.0,CITY OF SEATTLE - (WA)|CITY OF TACOMA - (WA),0.0,0.9101348319226953,Unknown/Not Researched
Thurston,Olympia,WA,98506.0,2023,HYUNDAI,KONA,Battery Electric Vehicle (BEV),Eligibility unknown as battery range has not been researched,0,22.0,PUGET SOUND ENERGY INC,0.0,0.2707985792660235,Unknown/Not Researched
King,Seattle,WA,98146.0,2023,CHEVROLET,BOLT EUV,Battery Electric Vehicle (BEV),Eligibility unknown as battery range has not been researched,0,34.0,CITY OF SEATTLE - (WA)|CITY OF TACOMA - (WA),0.0,0.2707985792660235,Unknown/Not Researched
King,Tukwila,WA,98178.0,2023,TESLA,MODEL 3,Battery Electric Vehicle (BEV),Eligibility unknown as battery range has not been researched,0,11.0,CITY OF SEATTLE - (WA)|CITY OF TACOMA - (WA),0.0,0.2707985792660235,Unknown/Not Researched
King,Renton,WA,98057.0,2024,FORD,MUSTANG MACH-E,Battery Electric Vehicle (BEV),Eligibility unknown as battery range has not been researched,0,11.0,PUGET SOUND ENERGY INC||CITY OF TACOMA - (WA),0.0,0.5904667055943594,Unknown/Not Researched
King,Redmond,WA,98052.0,2026,MERCEDES-BENZ,GLE-CLASS,Plug-in Hybrid Electric Vehicle (PHEV),Clean Alternative Fuel Vehicle Eligible,49,48.0,PUGET SOUND ENERGY INC||CITY OF TACOMA - (WA),0.16723549488054607,1.2298029582510313,Short
King,Bellevue,WA,98005.0,2023,HYUNDAI,IONIQ 5,Battery Electric Vehicle (BEV),Eligibility unknown as battery range has not been researched,0,41.0,PUGET SOUND ENERGY INC||CITY OF TACOMA - (WA),0.0,0.2707985792660235,Unknown/Not Researched
King,Kenmore,WA,98028.0,2021,VOLVO,XC90,Plug-in Hybrid Electric Vehicle (PHEV),Not eligible due to low battery range,18,46.0,PUGET SOUND ENERGY INC||CITY OF TACOMA - (WA),0.06143344709897611,-0.36853767339064825,Short
King,Bellevue,WA,98008.0,2025,MERCEDES-BENZ,GLE-CLASS,Plug-in Hybrid Electric Vehicle (PHEV),Clean Alternative Fuel Vehicle Eligible,49,48.0,PUGET SOUND ENERGY INC||CITY OF TACOMA - (WA),0.16723549488054607,0.9101348319226953,Short
King,Seattle,WA,98177.0,2022,TESLA,MODEL Y,Battery Electric Vehicle (BEV),Eligibility unknown as battery range has not been researched,0,32.0,CITY OF SEATTLE - (WA)|CITY OF TACOMA - (WA),0.0,-0.04886954706231235,Unknown/Not Researched
King,Kirkland,WA,98033.0,2023,TESLA,MODEL 3,Battery Electric Vehicle (BEV),Eligibility unknown as battery range has not been researched,0,48.0,PUGET SOUND ENERGY INC||CITY OF TACOMA - (WA),0.0,0.2707985792660235,Unknown/Not Researched
King,Shoreline,WA,98155.0,2019,CHEVROLET,BOLT EV,Battery Electric Vehicle (BEV),Clean Alternative Fuel Vehicle Eligible,238,32.0,CITY OF SEATTLE - (WA)|CITY OF TACOMA - (WA),0.8122866894197952,-1.00787392604732,Long
King,Seattle,WA,98112.0,2024,AUDI,Q4,Battery Electric Vehicle (BEV),Eligibility unknown as battery range has not been researched,0,43.0,CITY OF SEATTLE - (WA)|CITY OF TACOMA - (WA),0.0,0.5904667055943594,Unknown/Not Researched
King,Redmond,WA,98052.0,2024,TESLA,MODEL 3,Battery Electric Vehicle (BEV),Eligibility unknown as battery range has not been researched,0,45.0,PUGET SOUND ENERGY INC||CITY OF TACOMA - (WA),0.0,0.5904667055943594,Unknown/Not Researched
Thurston,Olympia,WA,98501.0,2025,FORD,F-150,Battery Electric Vehicle (BEV),Eligibility unknown as battery range has not been researched,0,22.0,PUGET SOUND ENERGY INC,0.0,0.9101348319226953,Unknown/Not Researched
King,Seattle,WA,98112.0,2018,TESLA,MODEL 3,Battery Electric Vehicle (BEV),Clean Alternative Fuel Vehicle Eligible,215,43.0,CITY OF SEATTLE - (WA)|CITY OF TACOMA - (WA),0.7337883959044369,-1.3275420523756558,Long
King,Renton,WA,98056.0,2018,TESLA,MODEL 3,Battery Electric Vehicle (BEV),Clean Alternative Fuel Vehicle Eligible,215,11.0,PUGET SOUND ENERGY INC||CITY OF TACOMA - (WA),0.7337883959044369,-1.3275420523756558,Long
King,Seattle,WA,98107.0,2025,RIVIAN,R1S,Battery Electric Vehicle (BEV),Eligibility unknown as battery range has not been researched,0,43.0,CITY OF SEATTLE - (WA)|CITY OF TACOMA - (WA),0.0,0.9101348319226953,Unknown/Not Researched
King,Renton,WA,98056.0,2024,CHEVROLET,BLAZER,Battery Electric Vehicle (BEV),Eligibility unknown as battery range has not been researched,0,11.0,PUGET SOUND ENERGY INC||CITY OF TACOMA - (WA),0.0,0.5904667055943594,Unknown/Not Researched
King,Bellevue,WA,98006.0,2025,FORD,MUSTANG MACH-E,Battery Electric Vehicle (BEV),Eligibility unknown as battery range has not been researched,0,41.0,PUGET SOUND ENERGY INC||CITY OF TACOMA - (WA),0.0,0.9101348319226953,Unknown/Not Researched
Clark,Camas,WA,98607.0,2024,NISSAN,LEAF,Battery Electric Vehicle (BEV),Eligibility unknown as battery range has not been researched,0,18.0,BONNEVILLE POWER ADMINISTRATION||PUD NO 1 OF CLARK COUNTY - (WA),0.0,0.5904667055943594,Unknown/Not Researched
King,Renton,WA,98055.0,2013,NISSAN,LEAF,Battery Electric Vehicle (BEV),Clean Alternative Fuel Vehicle Eligible,75,11.0,PUGET SOUND ENERGY INC||CITY OF TACOMA - (WA),0.25597269624573377,-2.9258826840173353,Medium
King,Seattle,WA,98103.0,2024,DODGE,HORNET,Plug-in Hybrid Electric Vehicle (PHEV),Clean Alternative Fuel Vehicle Eligible,32,43.0,CITY OF SEATTLE - (WA)|CITY OF TACOMA - (WA),0.10921501706484642,0.5904667055943594,Short
King,Issaquah,WA,98027.0,2021,BMW,330E,Plug-in Hybrid Electric Vehicle (PHEV),Not eligible due to low battery range,20,5.0,PUGET SOUND ENERGY INC||CITY OF TACOMA - (WA),0.06825938566552901,-0.36853767339064825,Short
King,Lake Forest Park,WA,98155.0,2022,JEEP,GRAND CHEROKEE,Plug-in Hybrid Electric Vehicle (PHEV),Not eligible due to low battery range,25,46.0,CITY OF SEATTLE - (WA)|CITY OF TACOMA - (WA),0.08532423208191127,-0.04886954706231235,Short
Snohomish,Bothell,WA,98012.0,2026,RIVIAN,R1T,Battery Electric Vehicle (BEV),Eligibility unknown as battery range has not been researched,0,1.0,PUGET SOUND ENERGY INC,0.0,1.2298029582510313,Unknown/Not Researched
Clark,Battle Ground,WA,98604.0,2022,FORD,TRANSIT,Battery Electric Vehicle (BEV),Eligibility unknown as battery range has not been researched,0,17.0,BONNEVILLE POWER ADMINISTRATION||PUD NO 1 OF CLARK COUNTY - (WA),0.0,-0.04886954706231235,Unknown/Not Researched
King,Seattle,WA,98178.0,2025,LEXUS,RX,Plug-in Hybrid Electric Vehicle (PHEV),Clean Alternative Fuel Vehicle Eligible,37,37.0,PUGET SOUND ENERGY INC||CITY OF TACOMA - (WA),0.12627986348122866,0.9101348319226953,Short
King,Kirkland,WA,98034.0,2025,VOLKSWAGEN,ID.4,Battery Electric Vehicle (BEV),Eligibility unknown as battery range has not been researched,0,45.0,PUGET SOUND ENERGY INC||CITY OF TACOMA - (WA),0.0,0.9101348319226953,Unknown/Not Researched
King,Bellevue,WA,98005.0,2026,TESLA,MODEL Y,Battery Electric Vehicle (BEV),Eligibility unknown as battery range has not been researched,0,41.0,PUGET SOUND ENERGY INC||CITY OF TACOMA - (WA),0.0,1.2298029582510313,Unknown/Not Researched
King,Seattle,WA,98103.0,2023,TESLA,MODEL Y,Battery Electric Vehicle (BEV),Eligibility unknown as battery range has not been researched,0,46.0,CITY OF SEATTLE - (WA)|CITY OF TACOMA - (WA),0.0,0.2707985792660235,Unknown/Not Researched
Jefferson,Port Hadlock,WA,98339.0,2017,CHEVROLET,VOLT,Plug-in Hybrid Electric Vehicle (PHEV),Clean Alternative Fuel Vehicle Eligible,53,24.0,BONNEVILLE POWER ADMINISTRATION||PUGET SOUND ENERGY INC||PUD NO 1 OF JEFFERSON COUNTY,0.18088737201365188,-1.647210178703992,Medium
King,Kirkland,WA,98034.0,2015,BMW,I3,Plug-in Hybrid Electric Vehicle (PHEV),Clean Alternative Fuel Vehicle Eligible,72,45.0,PUGET SOUND ENERGY INC||CITY OF TACOMA - (WA),0.24573378839590443,-2.2865464313606636,Medium
King,Redmond,WA,98052.0,2025,MERCEDES-BENZ,GLE-CLASS,Plug-in Hybrid Electric Vehicle (PHEV),Clean Alternative Fuel Vehicle Eligible,49,48.0,PUGET SOUND ENERGY INC||CITY OF TACOMA - (WA),0.16723549488054607,0.9101348319226953,Short
Clark,Vancouver,WA,98685.0,2023,TESLA,MODEL Y,Battery Electric Vehicle (BEV),Eligibility unknown as battery range has not been researched,0,18.0,BONNEVILLE POWER ADMINISTRATION||PUD NO 1 OF CLARK COUNTY - (WA),0.0,0.2707985792660235,Unknown/Not Researched
Yakima,Zillah,WA,98953.0,2025,FORD,MUSTANG MACH-E,Battery Electric Vehicle (BEV),Eligibility unknown as battery range has not been researched,0,15.0,PACIFICORP,0.0,0.9101348319226953,Unknown/Not Researched
Kitsap,Olalla,WA,98359.0,2014,CHEVROLET,VOLT,Plug-in Hybrid Electric Vehicle (PHEV),Clean Alternative Fuel Vehicle Eligible,38,26.0,PUGET SOUND ENERGY INC,0.1296928327645051,-2.6062145576889995,Short
King,Bellevue,WA,98008.0,2025,TESLA,MODEL Y,Battery Electric Vehicle (BEV),Eligibility unknown as battery range has not been researched,0,48.0,PUGET SOUND ENERGY INC||CITY OF TACOMA - (WA),0.0,0.9101348319226953,Unknown/Not Researched
Thurston,Tumwater,WA,98501.0,2023,POLESTAR,PS2,Battery Electric Vehicle (BEV),Eligibility unknown as battery range has not been researched,0,22.0,PUGET SOUND ENERGY INC,0.0,0.2707985792660235,Unknown/Not Researched
King,Seattle,WA,98125.0,2026,TESLA,MODEL Y,Battery Electric Vehicle (BEV),Eligibility unknown as battery range has not been researched,0,46.0,CITY OF SEATTLE - (WA)|CITY OF TACOMA - (WA),0.0,1.2298029582510313,Unknown/Not Researched
King,Redmond,WA,98052.0,2025,HYUNDAI,IONIQ 5,Battery Electric Vehicle (BEV),Eligibility unknown as battery range has not been researched,0,45.0,PUGET SOUND ENERGY INC||CITY OF TACOMA - (WA),0.0,0.9101348319226953,Unknown/Not Researched
King,Clyde Hill,WA,98004.0,2022,CHEVROLET,BOLT EUV,Battery Electric Vehicle (BEV),Eligibility unknown as battery range has not been researched,0,48.0,PUGET SOUND ENERGY INC||CITY OF TACOMA - (WA),0.0,-0.04886954706231235,Unknown/Not Researched
King,Redmond,WA,98052.0,2018,TESLA,MODEL S,Battery Electric Vehicle (BEV),Clean Alternative Fuel Vehicle Eligible,249,45.0,PUGET SOUND ENERGY INC||CITY OF TACOMA - (WA),0.8498293515358362,-1.3275420523756558,Long
King,Seatac,WA,98168.0,2024,VOLVO,XC90,Plug-in Hybrid Electric Vehicle (PHEV),Clean Alternative Fuel Vehicle Eligible,32,33.0,CITY OF SEATTLE - (WA)|CITY OF TACOMA - (WA),0.10921501706484642,0.5904667055943594,Short
King,Burien,WA,98166.0,2023,AUDI,Q4,Battery Electric Vehicle (BEV),Eligibility unknown as battery range has not been researched,0,34.0,PUGET SOUND ENERGY INC||CITY OF TACOMA - (WA),0.0,0.2707985792660235,Unknown/Not Researched
King,Seattle,WA,98122.0,2024,RIVIAN,R1S,Battery Electric Vehicle (BEV),Eligibility unknown as battery range has not been researched,0,37.0,CITY OF SEATTLE - (WA)|CITY OF TACOMA - (WA),0.0,0.5904667055943594,Unknown/Not Researched
King,Seattle,WA,98115.0,2026,HYUNDAI,IONIQ 5,Battery Electric Vehicle (BEV),Eligibility unknown as battery range has not been researched,0,43.0,CITY OF SEATTLE - (WA)|CITY OF TACOMA - (WA),0.0,1.2298029582510313,Unknown/Not Researched
King,Kirkland,WA,98034.0,2023,KIA,NIRO,Battery Electric Vehicle (BEV),Eligibility unknown as battery range has not been researched,0,45.0,PUGET SOUND ENERGY INC||CITY OF TACOMA - (WA),0.0,0.2707985792660235,Unknown/Not Researched
King,Kirkland,WA,98033.0,2024,HYUNDAI,IONIQ 5,Battery Electric Vehicle (BEV),Eligibility unknown as battery range has not been researched,0,45.0,PUGET SOUND ENERGY INC||CITY OF TACOMA - (WA),0.0,0.5904667055943594,Unknown/Not Researched
Thurston,Lacey,WA,98503.0,2016,CHEVROLET,VOLT,Plug-in Hybrid Electric Vehicle (PHEV),Clean Alternative Fuel Vehicle Eligible,53,22.0,PUGET SOUND ENERGY INC,0.18088737201365188,-1.9668783050323277,Medium
King,Kent,WA,98031.0,2025,FORD,F-150,Battery Electric Vehicle (BEV),Eligibility unknown as battery range has not been researched,0,47.0,PUGET SOUND ENERGY INC||CITY OF TACOMA - (WA),0.0,0.9101348319226953,Unknown/Not Researched
King,Bellevue,WA,98008.0,2023,TESLA,MODEL X,Battery Electric Vehicle (BEV),Eligibility unknown as battery range has not been researched,0,48.0,PUGET SOUND ENERGY INC||CITY OF TACOMA - (WA),0.0,0.2707985792660235,Unknown/Not Researched
Snohomish,Bothell,WA,98012.0,2025,VOLVO,XC90,Plug-in Hybrid Electric Vehicle (PHEV),Clean Alternative Fuel Vehicle Eligible,32,44.0,PUGET SOUND ENERGY INC,0.10921501706484642,0.9101348319226953,Short
King,Des Moines,WA,98198.0,2017,TOYOTA,PRIUS PRIME (PHEV),Plug-in Hybrid Electric Vehicle (PHEV),Not eligible due to low battery range,25,33.0,PUGET SOUND ENERGY INC||CITY OF TACOMA - (WA),0.08532423208191127,-1.647210178703992,Short
King,Bellevue,WA,98004.0,2025,TESLA,MODEL 3,Battery Electric Vehicle (BEV),Eligibility unknown as battery range has not been researched,0,41.0,PUGET SOUND ENERGY INC||CITY OF TACOMA - (WA),0.0,0.9101348319226953,Unknown/Not Researched
King,Kirkland,WA,98033.0,2018,BMW,330E,Plug-in Hybrid Electric Vehicle (PHEV),Not eligible due to low battery range,14,45.0,PUGET SOUND ENERGY INC||CITY OF TACOMA - (WA),0.04778156996587031,-1.3275420523756558,Short
King,Bellevue,WA,98005.0,2025,BMW,IX,Battery Electric Vehicle (BEV),Eligibility unknown as battery range has not been researched,0,41.0,PUGET SOUND ENERGY INC||CITY OF TACOMA - (WA),0.0,0.9101348319226953,Unknown/Not Researched
Cowlitz,Longview,WA,98632.0,2012,TOYOTA,PRIUS,Plug-in Hybrid Electric Vehicle (PHEV),Not eligible due to low battery range,6,19.0,BONNEVILLE POWER ADMINISTRATION||PUD NO 1 OF COWLITZ COUNTY,0.020477815699658702,-3.245550810345671,Short
Kitsap,Port Orchard,WA,98367.0,2022,TESLA,MODEL 3,Battery Electric Vehicle (BEV),Eligibility unknown as battery range has not been researched,0,26.0,PUGET SOUND ENERGY INC,0.0,-0.04886954706231235,Unknown/Not Researched
Clark,Vancouver,WA,98660.0,2024,HONDA,PROLOGUE,Battery Electric Vehicle (BEV),Eligibility unknown as battery range has not been researched,0,49.0,BONNEVILLE POWER ADMINISTRATION||PUD NO 1 OF CLARK COUNTY - (WA),0.0,0.5904667055943594,Unknown/Not Researched
King,Bellevue,WA,98008.0,2023,JEEP,WRANGLER,Plug-in Hybrid Electric Vehicle (PHEV),Not eligible due to low battery range,21,48.0,PUGET SOUND ENERGY INC||CITY OF TACOMA - (WA),0.07167235494880546,0.2707985792660235,Short
King,Kent,WA,98031.0,2024,TESLA,MODEL Y,Battery Electric Vehicle (BEV),Eligibility unknown as battery range has not been researched,0,47.0,PUGET SOUND ENERGY INC||CITY OF TACOMA - (WA),0.0,0.5904667055943594,Unknown/Not Researched
King,Seattle,WA,98103.0,2023,FORD,F-150,Battery Electric Vehicle (BEV),Eligibility unknown as battery range has not been researched,0,43.0,CITY OF SEATTLE - (WA)|CITY OF TACOMA - (WA),0.0,0.2707985792660235,Unknown/Not Researched
Snohomish,Lynnwood,WA,98087.0,2025,KIA,EV9,Battery Electric Vehicle (BEV),Eligibility unknown as battery range has not been researched,0,21.0,PUGET SOUND ENERGY INC,0.0,0.9101348319226953,Unknown/Not Researched
King,Seattle,WA,98177.0,2023,BMW,X5,Plug-in Hybrid Electric Vehicle (PHEV),Clean Alternative Fuel Vehicle Eligible,30,36.0,CITY OF SEATTLE - (WA)|CITY OF TACOMA - (WA),0.10238907849829351,0.2707985792660235,Short
King,Bellevue,WA,98004.0,2010,TESLA,ROADSTER,Battery Electric Vehicle (BEV),Clean Alternative Fuel Vehicle Eligible,245,48.0,PUGET SOUND ENERGY INC||CITY OF TACOMA - (WA),0.8361774744027304,-3.884887063002343,Long
King,Kirkland,WA,98033.0,2026,KIA,SORENTO,Plug-in Hybrid Electric Vehicle (PHEV),Clean Alternative Fuel Vehicle Eligible,30,48.0,PUGET SOUND ENERGY INC||CITY OF TACOMA - (WA),0.10238907849829351,1.2298029582510313,Short
Snohomish,Bothell,WA,98012.0,2023,TESLA,MODEL Y,Battery Electric Vehicle (BEV),Eligibility unknown as battery range has not been researched,0,44.0,PUGET SOUND ENERGY INC,0.0,0.2707985792660235,Unknown/Not Researched
Clark,Vancouver,WA,98685.0,2026,TESLA,MODEL 3,Battery Electric Vehicle (BEV),Eligibility unknown as battery range has not been researched,0,49.0,BONNEVILLE POWER ADMINISTRATION||PUD NO 1 OF CLARK COUNTY - (WA),0.0,1.2298029582510313,Unknown/Not Researched
Kitsap,Poulsbo,WA,98370.0,2021,TESLA,MODEL 3,Battery Electric Vehicle (BEV),Eligibility unknown as battery range has not been researched,0,23.0,PUGET SOUND ENERGY INC,0.0,-0.36853767339064825,Unknown/Not Researched
King,Seattle,WA,98102.0,2023,TESLA,MODEL 3,Battery Electric Vehicle (BEV),Eligibility unknown as battery range has not been researched,0,43.0,CITY OF SEATTLE - (WA)|CITY OF TACOMA - (WA),0.0,0.2707985792660235,Unknown/Not Researched
King,Auburn,WA,98092.0,2023,TESLA,MODEL 3,Battery Electric Vehicle (BEV),Eligibility unknown as battery range has not been researched,0,47.0,PUGET SOUND ENERGY INC||CITY OF TACOMA - (WA),0.0,0.2707985792660235,Unknown/Not Researched
Yakima,Sunnyside,WA,98944.0,2019,TESLA,MODEL 3,Battery Electric Vehicle (BEV),Clean Alternative Fuel Vehicle Eligible,220,15.0,BONNEVILLE POWER ADMINISTRATION||PACIFICORP||BENTON RURAL ELECTRIC ASSN,0.7508532423208191,-1.00787392604732,Long
King,Kenmore,WA,98028.0,2026,TESLA,MODEL Y,Battery Electric Vehicle (BEV),Eligibility unknown as battery range has not been researched,0,46.0,PUGET SOUND ENERGY INC||CITY OF TACOMA - (WA),0.0,1.2298029582510313,Unknown/Not Researched
Clark,Vancouver,WA,98662.0,2023,TOYOTA,RAV4 PRIME (PHEV),Plug-in Hybrid Electric Vehicle (PHEV),Clean Alternative Fuel Vehicle Eligible,42,17.0,BONNEVILLE POWER ADMINISTRATION||PUD NO 1 OF CLARK COUNTY - (WA),0.14334470989761092,0.2707985792660235,Short
Snohomish,Arlington,WA,98223.0,2024,JEEP,GRAND CHEROKEE,Plug-in Hybrid Electric Vehicle (PHEV),Not eligible due to low battery range,25,39.0,BONNEVILLE POWER ADMINISTRATION||PUD 1 OF SNOHOMISH COUNTY,0.08532423208191127,0.5904667055943594,Short
King,Seattle,WA,98178.0,2018,HONDA,CLARITY,Plug-in Hybrid Electric Vehicle (PHEV),Clean Alternative Fuel Vehicle Eligible,47,37.0,CITY OF SEATTLE - (WA)|CITY OF TACOMA - (WA),0.16040955631399317,-1.3275420523756558,Short
King,Seattle,WA,98101.0,2021,VOLVO,XC90,Plug-in Hybrid Electric Vehicle (PHEV),Not eligible due to low battery range,18,43.0,CITY OF SEATTLE - (WA)|CITY OF TACOMA - (WA),0.06143344709897611,-0.36853767339064825,Short
King,Redmond,WA,98052.0,2023,TESLA,MODEL 3,Battery Electric Vehicle (BEV),Eligibility unknown as battery range has not been researched,0,48.0,PUGET SOUND ENERGY INC||CITY OF TACOMA - (WA),0.0,0.2707985792660235,Unknown/Not Researched
Clark,Camas,WA,98607.0,2025,AUDI,Q5 E,Plug-in Hybrid Electric Vehicle (PHEV),Not eligible due to low battery range,28,18.0,BONNEVILLE POWER ADMINISTRATION||PUD NO 1 OF CLARK COUNTY - (WA),0.09556313993174062,0.9101348319226953,Short
King,Seattle,WA,98119.0,2013,NISSAN,LEAF,Battery Electric Vehicle (BEV),Clean Alternative Fuel Vehicle Eligible,75,36.0,CITY OF SEATTLE - (WA)|CITY OF TACOMA - (WA),0.25597269624573377,-2.9258826840173353,Medium
King,Bellevue,WA,98006.0,2024,TESLA,MODEL Y,Battery Electric Vehicle (BEV),Eligibility unknown as battery range has not been researched,0,41.0,PUGET SOUND ENERGY INC||CITY OF TACOMA - (WA),0.0,0.5904667055943594,Unknown/Not Researched
King,Seattle,WA,98146.0,2022,HYUNDAI,IONIQ 5,Battery Electric Vehicle (BEV),Eligibility unknown as battery range has not been researched,0,34.0,CITY OF SEATTLE - (WA)|CITY OF TACOMA - (WA),0.0,-0.04886954706231235,Unknown/Not Researched
King,Seattle,WA,98177.0,2021,TESLA,MODEL 3,Battery Electric Vehicle (BEV),Eligibility unknown as battery range has not been researched,0,32.0,CITY OF SEATTLE - (WA)|CITY OF TACOMA - (WA),0.0,-0.36853767339064825,Unknown/Not Researched
Clark,Vancouver,WA,98686.0,2023,TESLA,MODEL Y,Battery Electric Vehicle (BEV),Eligibility unknown as battery range has not been researched,0,17.0,BONNEVILLE POWER ADMINISTRATION||PUD NO 1 OF CLARK COUNTY - (WA),0.0,0.2707985792660235,Unknown/Not Researched
Clark,Ridgefield,WA,98642.0,2024,TESLA,CYBERTRUCK,Battery Electric Vehicle (BEV),Eligibility unknown as battery range has not been researched,0,18.0,BONNEVILLE POWER ADMINISTRATION||PUD NO 1 OF CLARK COUNTY - (WA),0.0,0.5904667055943594,Unknown/Not Researched
Clark,Ridgefield,WA,98642.0,2024,TESLA,MODEL 3,Battery Electric Vehicle (BEV),Eligibility unknown as battery range has not been researched,0,18.0,BONNEVILLE POWER ADMINISTRATION||PUD NO 1 OF CLARK COUNTY - (WA),0.0,0.5904667055943594,Unknown/Not Researched
King,Seattle,WA,98109.0,2024,HONDA,PROLOGUE,Battery Electric Vehicle (BEV),Eligibility unknown as battery range has not been researched,0,36.0,CITY OF SEATTLE - (WA)|CITY OF TACOMA - (WA),0.0,0.5904667055943594,Unknown/Not Researched
King,Bellevue,WA,98004.0,2025,TESLA,MODEL Y,Battery Electric Vehicle (BEV),Eligibility unknown as battery range has not been researched,0,41.0,PUGET SOUND ENERGY INC||CITY OF TACOMA - (WA),0.0,0.9101348319226953,Unknown/Not Researched
King,Seattle,WA,98125.0,2022,TESLA,MODEL 3,Battery Electric Vehicle (BEV),Eligibility unknown as battery range has not been researched,0,46.0,CITY OF SEATTLE - (WA)|CITY OF TACOMA - (WA),0.0,-0.04886954706231235,Unknown/Not Researched
King,Seattle,WA,98146.0,2022,KIA,EV6,Battery Electric Vehicle (BEV),Eligibility unknown as battery range has not been researched,0,34.0,CITY OF SEATTLE - (WA)|CITY OF TACOMA - (WA),0.0,-0.04886954706231235,Unknown/Not Researched
Yakima,Selah,WA,98942.0,2023,TESLA,MODEL Y,Battery Electric Vehicle (BEV),Eligibility unknown as battery range has not been researched,0,15.0,PACIFICORP,0.0,0.2707985792660235,Unknown/Not Researched
Clark,Vancouver,WA,98686.0,2026,HYUNDAI,IONIQ 5,Battery Electric Vehicle (BEV),Eligibility unknown as battery range has not been researched,0,17.0,BONNEVILLE POWER ADMINISTRATION||PUD NO 1 OF CLARK COUNTY - (WA),0.0,1.2298029582510313,Unknown/Not Researched
King,Seattle,WA,98125.0,2024,VOLKSWAGEN,ID.4,Battery Electric Vehicle (BEV),Eligibility unknown as battery range has not been researched,0,46.0,CITY OF SEATTLE - (WA)|CITY OF TACOMA - (WA),0.0,0.5904667055943594,Unknown/Not Researched
King,Kirkland,WA,98034.0,2022,CHEVROLET,BOLT EUV,Battery Electric Vehicle (BEV),Eligibility unknown as battery range has not been researched,0,45.0,PUGET SOUND ENERGY INC||CITY OF TACOMA - (WA),0.0,-0.04886954706231235,Unknown/Not Researched
King,Kirkland,WA,98034.0,2024,KIA,NIRO,Battery Electric Vehicle (BEV),Eligibility unknown as battery range has not been researched,0,45.0,PUGET SOUND ENERGY INC||CITY OF TACOMA - (WA),0.0,0.5904667055943594,Unknown/Not Researched
King,Seattle,WA,98125.0,2026,TESLA,MODEL Y,Battery Electric Vehicle (BEV),Eligibility unknown as battery range has not been researched,0,46.0,CITY OF SEATTLE - (WA)|CITY OF TACOMA - (WA),0.0,1.2298029582510313,Unknown/Not Researched
King,Renton,WA,98056.0,2023,TESLA,MODEL Y,Battery Electric Vehicle (BEV),Eligibility unknown as battery range has not been researched,0,41.0,PUGET SOUND ENERGY INC||CITY OF TACOMA - (WA),0.0,0.2707985792660235,Unknown/Not Researched
King,Kent,WA,98031.0,2023,MITSUBISHI,OUTLANDER,Plug-in Hybrid Electric Vehicle (PHEV),Clean Alternative Fuel Vehicle Eligible,38,47.0,PUGET SOUND ENERGY INC||CITY OF TACOMA - (WA),0.1296928327645051,0.2707985792660235,Short
King,Seattle,WA,98112.0,2025,RIVIAN,R1S,Battery Electric Vehicle (BEV),Eligibility unknown as battery range has not been researched,0,43.0,CITY OF SEATTLE - (WA)|CITY OF TACOMA - (WA),0.0,0.9101348319226953,Unknown/Not Researched
King,Bothell,WA,98011.0,2026,HYUNDAI,IONIQ 9,Battery Electric Vehicle (BEV),Eligibility unknown as battery range has not been researched,0,1.0,PUGET SOUND ENERGY INC||CITY OF TACOMA - (WA),0.0,1.2298029582510313,Unknown/Not Researched
King,Kirkland,WA,98034.0,2023,GENESIS,GV60,Battery Electric Vehicle (BEV),Eligibility unknown as battery range has not been researched,0,1.0,PUGET SOUND ENERGY INC||CITY OF TACOMA - (WA),0.0,0.2707985792660235,Unknown/Not Researched
King,Kirkland,WA,98033.0,2022,AUDI,E-TRON,Battery Electric Vehicle (BEV),Eligibility unknown as battery range has not been researched,0,45.0,PUGET SOUND ENERGY INC||CITY OF TACOMA - (WA),0.0,-0.04886954706231235,Unknown/Not Researched
King,Seattle,WA,98125.0,2025,TESLA,MODEL 3,Battery Electric Vehicle (BEV),Eligibility unknown as battery range has not been researched,0,46.0,CITY OF SEATTLE - (WA)|CITY OF TACOMA - (WA),0.0,0.9101348319226953,Unknown/Not Researched
King,Renton,WA,98056.0,2023,CHRYSLER,PACIFICA,Plug-in Hybrid Electric Vehicle (PHEV),Clean Alternative Fuel Vehicle Eligible,32,11.0,PUGET SOUND ENERGY INC||CITY OF TACOMA - (WA),0.10921501706484642,0.2707985792660235,Short
Snohomish,Lake Stevens,WA,98258.0,2024,TESLA,MODEL Y,Battery Electric Vehicle (BEV),Eligibility unknown as battery range has not been researched,0,44.0,PUGET SOUND ENERGY INC,0.0,0.5904667055943594,Unknown/Not Researched
King,Seattle,WA,98125.0,2015,NISSAN,LEAF,Battery Electric Vehicle (BEV),Clean Alternative Fuel Vehicle Eligible,84,46.0,CITY OF SEATTLE - (WA)|CITY OF TACOMA - (WA),0.28668941979522183,-2.2865464313606636,Medium
King,Redmond,WA,98052.0,2022,TESLA,MODEL 3,Battery Electric Vehicle (BEV),Eligibility unknown as battery range has not been researched,0,45.0,PUGET SOUND ENERGY INC||CITY OF TACOMA - (WA),0.0,-0.04886954706231235,Unknown/Not Researched
Clark,Battle Ground,WA,98604.0,2024,HONDA,PROLOGUE,Battery Electric Vehicle (BEV),Eligibility unknown as battery range has not been researched,0,18.0,BONNEVILLE POWER ADMINISTRATION||PUD NO 1 OF CLARK COUNTY - (WA),0.0,0.5904667055943594,Unknown/Not Researched
Clark,Vancouver,WA,98664.0,2018,TESLA,MODEL X,Battery Electric Vehicle (BEV),Clean Alternative Fuel Vehicle Eligible,238,49.0,BONNEVILLE POWER ADMINISTRATION||PUD NO 1 OF CLARK COUNTY - (WA),0.8122866894197952,-1.3275420523756558,Long
King,Kirkland,WA,98034.0,2018,TESLA,MODEL 3,Battery Electric Vehicle (BEV),Clean Alternative Fuel Vehicle Eligible,215,45.0,PUGET SOUND ENERGY INC||CITY OF TACOMA - (WA),0.7337883959044369,-1.3275420523756558,Long
King,Bellevue,WA,98004.0,2026,TESLA,MODEL Y,Battery Electric Vehicle (BEV),Eligibility unknown as battery range has not been researched,0,48.0,PUGET SOUND ENERGY INC||CITY OF TACOMA - (WA),0.0,1.2298029582510313,Unknown/Not Researched
King,Redmond,WA,98052.0,2024,BMW,IX,Battery Electric Vehicle (BEV),Eligibility unknown as battery range has not been researched,0,45.0,PUGET SOUND ENERGY INC||CITY OF TACOMA - (WA),0.0,0.5904667055943594,Unknown/Not Researched
King,Woodinville,WA,98072.0,2025,AUDI,Q6,Battery Electric Vehicle (BEV),Eligibility unknown as battery range has not been researched,0,45.0,PUGET SOUND ENERGY INC||CITY OF TACOMA - (WA),0.0,0.9101348319226953,Unknown/Not Researched
Clark,Vancouver,WA,98682.0,2026,TESLA,MODEL Y,Battery Electric Vehicle (BEV),Eligibility unknown as battery range has not been researched,0,17.0,BONNEVILLE POWER ADMINISTRATION||PUD NO 1 OF CLARK COUNTY - (WA),0.0,1.2298029582510313,Unknown/Not Researched
Clark,Ridgefield,WA,98642.0,2026,CHEVROLET,EQUINOX,Battery Electric Vehicle (BEV),Eligibility unknown as battery range has not been researched,0,18.0,BONNEVILLE POWER ADMINISTRATION||PUD NO 1 OF CLARK COUNTY - (WA),0.0,1.2298029582510313,Unknown/Not Researched
Cowlitz,Castle Rock,WA,98611.0,2021,TESLA,MODEL Y,Battery Electric Vehicle (BEV),Eligibility unknown as battery range has not been researched,0,20.0,BONNEVILLE POWER ADMINISTRATION||PUD NO 1 OF COWLITZ COUNTY,0.0,-0.36853767339064825,Unknown/Not Researched
King,Seattle,WA,98125.0,2025,TESLA,MODEL 3,Battery Electric Vehicle (BEV),Eligibility unknown as battery range has not been researched,0,46.0,CITY OF SEATTLE - (WA)|CITY OF TACOMA - (WA),0.0,0.9101348319226953,Unknown/Not Researched
King,Sammamish,WA,98075.0,2024,TESLA,MODEL Y,Battery Electric Vehicle (BEV),Eligibility unknown as battery range has not been researched,0,41.0,PUGET SOUND ENERGY INC||CITY OF TACOMA - (WA),0.0,0.5904667055943594,Unknown/Not Researched
King,Kent,WA,98031.0,2025,HYUNDAI,IONIQ 5,Battery Electric Vehicle (BEV),Eligibility unknown as battery range has not been researched,0,33.0,PUGET SOUND ENERGY INC||CITY OF TACOMA - (WA),0.0,0.9101348319226953,Unknown/Not Researched
King,Sammamish,WA,98075.0,2023,TESLA,MODEL Y,Battery Electric Vehicle (BEV),Eligibility unknown as battery range has not been researched,0,41.0,PUGET SOUND ENERGY INC||CITY OF TACOMA - (WA),0.0,0.2707985792660235,Unknown/Not Researched
King,Kirkland,WA,98033.0,2023,BMW,I4,Battery Electric Vehicle (BEV),Eligibility unknown as battery range has not been researched,0,45.0,PUGET SOUND ENERGY INC||CITY OF TACOMA - (WA),0.0,0.2707985792660235,Unknown/Not Researched
Thurston,Olympia,WA,98501.0,2022,CHEVROLET,BOLT EV,Battery Electric Vehicle (BEV),Eligibility unknown as battery range has not been researched,0,22.0,PUGET SOUND ENERGY INC,0.0,-0.04886954706231235,Unknown/Not Researched
Snohomish,Arlington,WA,98223.0,2023,RIVIAN,R1T,Battery Electric Vehicle (BEV),Eligibility unknown as battery range has not been researched,0,39.0,PUGET SOUND ENERGY INC,0.0,0.2707985792660235,Unknown/Not Researched
King,Normandy Park,WA,98166.0,2019,TESLA,MODEL S,Battery Electric Vehicle (BEV),Clean Alternative Fuel Vehicle Eligible,270,33.0,PUGET SOUND ENERGY INC||CITY OF TACOMA - (WA),0.9215017064846417,-1.00787392604732,Long
King,Bellevue,WA,98004.0,2025,MERCEDES-BENZ,EQS-CLASS SUV,Battery Electric Vehicle (BEV),Eligibility unknown as battery range has not been researched,0,41.0,PUGET SOUND ENERGY INC||CITY OF TACOMA - (WA),0.0,0.9101348319226953,Unknown/Not Researched
King,Bellevue,WA,98004.0,2023,TESLA,MODEL 3,Battery Electric Vehicle (BEV),Eligibility unknown as battery range has not been researched,0,41.0,PUGET SOUND ENERGY INC||CITY OF TACOMA - (WA),0.0,0.2707985792660235,Unknown/Not Researched
King,Bellevue,WA,98005.0,2024,TESLA,MODEL X,Battery Electric Vehicle (BEV),Eligibility unknown as battery range has not been researched,0,41.0,PUGET SOUND ENERGY INC||CITY OF TACOMA - (WA),0.0,0.5904667055943594,Unknown/Not Researched
King,Bellevue,WA,98004.0,2022,TESLA,MODEL Y,Battery Electric Vehicle (BEV),Eligibility unknown as battery range has not been researched,0,48.0,PUGET SOUND ENERGY INC||CITY OF TACOMA - (WA),0.0,-0.04886954706231235,Unknown/Not Researched
King,Kirkland,WA,98034.0,2019,BMW,I3,Battery Electric Vehicle (BEV),Clean Alternative Fuel Vehicle Eligible,153,45.0,PUGET SOUND ENERGY INC||CITY OF TACOMA - (WA),0.5221843003412969,-1.00787392604732,Long
King,Seattle,WA,98144.0,2013,NISSAN,LEAF,Battery Electric Vehicle (BEV),Clean Alternative Fuel Vehicle Eligible,75,37.0,CITY OF SEATTLE - (WA)|CITY OF TACOMA - (WA),0.25597269624573377,-2.9258826840173353,Medium
King,Bellevue,WA,98004.0,2020,TESLA,MODEL X,Battery Electric Vehicle (BEV),Clean Alternative Fuel Vehicle Eligible,293,48.0,PUGET SOUND ENERGY INC||CITY OF TACOMA - (WA),1.0,-0.6882057997189841,Long
King,Kirkland,WA,98034.0,2022,AUDI,Q5,Plug-in Hybrid Electric Vehicle (PHEV),Not eligible due to low battery range,22,45.0,PUGET SOUND ENERGY INC||CITY OF TACOMA - (WA),0.07508532423208192,-0.04886954706231235,Short
King,Bellevue,WA,98004.0,2021,TESLA,MODEL X,Battery Electric Vehicle (BEV),Eligibility unknown as battery range has not been researched,0,48.0,PUGET SOUND ENERGY INC||CITY OF TACOMA - (WA),0.0,-0.36853767339064825,Unknown/Not Researched
King,Kirkland,WA,98034.0,2025,BMW,I4,Battery Electric Vehicle (BEV),Eligibility unknown as battery range has not been researched,0,1.0,PUGET SOUND ENERGY INC||CITY OF TACOMA - (WA),0.0,0.9101348319226953,Unknown/Not Researched
Kitsap,Bremerton,WA,98312.0,2019,KIA,NIRO,Plug-in Hybrid Electric Vehicle (PHEV),Not eligible due to low battery range,26,26.0,PUGET SOUND ENERGY INC,0.08873720136518772,-1.00787392604732,Short
King,Renton,WA,98055.0,2020,TESLA,MODEL Y,Battery Electric Vehicle (BEV),Clean Alternative Fuel Vehicle Eligible,291,11.0,PUGET SOUND ENERGY INC||CITY OF TACOMA - (WA),0.9931740614334471,-0.6882057997189841,Long
Kitsap,Bremerton,WA,98310.0,2025,VOLVO,XC90,Plug-in Hybrid Electric Vehicle (PHEV),Clean Alternative Fuel Vehicle Eligible,32,23.0,PUGET SOUND ENERGY INC,0.10921501706484642,0.9101348319226953,Short
Clark,Vancouver,WA,98685.0,2023,CHEVROLET,BOLT EUV,Battery Electric Vehicle (BEV),Eligibility unknown as battery range has not been researched,0,18.0,BONNEVILLE POWER ADMINISTRATION||PUD NO 1 OF CLARK COUNTY - (WA),0.0,0.2707985792660235,Unknown/Not Researched
King,Redmond,WA,98052.0,2024,TESLA,MODEL Y,Battery Electric Vehicle (BEV),Eligibility unknown as battery range has not been researched,0,45.0,PUGET SOUND ENERGY INC||CITY OF TACOMA - (WA),0.0,0.5904667055943594,Unknown/Not Researched
King,Bellevue,WA,98004.0,2022,TESLA,MODEL 3,Battery Electric Vehicle (BEV),Eligibility unknown as battery range has not been researched,0,41.0,PUGET SOUND ENERGY INC||CITY OF TACOMA - (WA),0.0,-0.04886954706231235,Unknown/Not Researched
King,Seattle,WA,98125.0,2018,TESLA,MODEL S,Battery Electric Vehicle (BEV),Clean Alternative Fuel Vehicle Eligible,249,46.0,CITY OF SEATTLE - (WA)|CITY OF TACOMA - (WA),0.8498293515358362,-1.3275420523756558,Long
King,Newcastle,WA,98056.0,2021,TESLA,MODEL Y,Battery Electric Vehicle (BEV),Eligibility unknown as battery range has not been researched,0,41.0,PUGET SOUND ENERGY INC||CITY OF TACOMA - (WA),0.0,-0.36853767339064825,Unknown/Not Researched
Kitsap,Bainbridge Island,WA,98110.0,2024,BMW,I4,Battery Electric Vehicle (BEV),Eligibility unknown as battery range has not been researched,0,23.0,PUGET SOUND ENERGY INC,0.0,0.5904667055943594,Unknown/Not Researched
King,Sammamish,WA,98075.0,2024,RIVIAN,R1S,Battery Electric Vehicle (BEV),Eligibility unknown as battery range has not been researched,0,41.0,PUGET SOUND ENERGY INC||CITY OF TACOMA - (WA),0.0,0.5904667055943594,Unknown/Not Researched
King,Lake Forest Park,WA,98155.0,2024,FORD,F-150,Battery Electric Vehicle (BEV),Eligibility unknown as battery range has not been researched,0,46.0,CITY OF SEATTLE - (WA)|CITY OF TACOMA - (WA),0.0,0.5904667055943594,Unknown/Not Researched
King,Kirkland,WA,98033.0,2024,AUDI,Q4,Battery Electric Vehicle (BEV),Eligibility unknown as battery range has not been researched,0,48.0,PUGET SOUND ENERGY INC||CITY OF TACOMA - (WA),0.0,0.5904667055943594,Unknown/Not Researched
Clark,Vancouver,WA,98684.0,2023,BMW,I4,Battery Electric Vehicle (BEV),Eligibility unknown as battery range has not been researched,0,17.0,BONNEVILLE POWER ADMINISTRATION||PUD NO 1 OF CLARK COUNTY - (WA),0.0,0.2707985792660235,Unknown/Not Researched
King,Burien,WA,98166.0,2023,BMW,X5,Plug-in Hybrid Electric Vehicle (PHEV),Clean Alternative Fuel Vehicle Eligible,30,34.0,PUGET SOUND ENERGY INC||CITY OF TACOMA - (WA),0.10238907849829351,0.2707985792660235,Short
Cowlitz,Castle Rock,WA,98611.0,2021,TOYOTA,RAV4 PRIME (PHEV),Plug-in Hybrid Electric Vehicle (PHEV),Clean Alternative Fuel Vehicle Eligible,42,20.0,BONNEVILLE POWER ADMINISTRATION||PUD NO 1 OF COWLITZ COUNTY,0.14334470989761092,-0.36853767339064825,Short
King,Bellevue,WA,98006.0,2026,TESLA,MODEL Y,Battery Electric Vehicle (BEV),Eligibility unknown as battery range has not been researched,0,41.0,PUGET SOUND ENERGY INC||CITY OF TACOMA - (WA),0.0,1.2298029582510313,Unknown/Not Researched
King,Kirkland,WA,98033.0,2018,TESLA,MODEL 3,Battery Electric Vehicle (BEV),Clean Alternative Fuel Vehicle Eligible,215,48.0,PUGET SOUND ENERGY INC||CITY OF TACOMA - (WA),0.7337883959044369,-1.3275420523756558,Long
King,Kent,WA,98030.0,2022,TESLA,MODEL Y,Battery Electric Vehicle (BEV),Eligibility unknown as battery range has not been researched,0,47.0,PUGET SOUND ENERGY INC||CITY OF TACOMA - (WA),0.0,-0.04886954706231235,Unknown/Not Researched
King,Federal Way,WA,98003.0,2022,TESLA,MODEL Y,Battery Electric Vehicle (BEV),Eligibility unknown as battery range has not been researched,0,30.0,PUGET SOUND ENERGY INC||CITY OF TACOMA - (WA),0.0,-0.04886954706231235,Unknown/Not Researched
King,Woodinville,WA,98072.0,2023,TESLA,MODEL Y,Battery Electric Vehicle (BEV),Eligibility unknown as battery range has not been researched,0,45.0,PUGET SOUND ENERGY INC||CITY OF TACOMA - (WA),0.0,0.2707985792660235,Unknown/Not Researched
King,Renton,WA,98055.0,2022,KIA,EV6,Battery Electric Vehicle (BEV),Eligibility unknown as battery range has not been researched,0,11.0,PUGET SOUND ENERGY INC||CITY OF TACOMA - (WA),0.0,-0.04886954706231235,Unknown/Not Researched
King,Kirkland,WA,98033.0,2025,TESLA,MODEL Y,Battery Electric Vehicle (BEV),Eligibility unknown as battery range has not been researched,0,45.0,PUGET SOUND ENERGY INC||CITY OF TACOMA - (WA),0.0,0.9101348319226953,Unknown/Not Researched
King,Renton,WA,98058.0,2022,MINI,HARDTOP,Battery Electric Vehicle (BEV),Eligibility unknown as battery range has not been researched,0,11.0,PUGET SOUND ENERGY INC||CITY OF TACOMA - (WA),0.0,-0.04886954706231235,Unknown/Not Researched
Cowlitz,Kelso,WA,98626.0,2024,CHEVROLET,EQUINOX,Battery Electric Vehicle (BEV),Eligibility unknown as battery range has not been researched,0,19.0,BONNEVILLE POWER ADMINISTRATION||PUD NO 1 OF COWLITZ COUNTY,0.0,0.5904667055943594,Unknown/Not Researched
King,Redmond,WA,98052.0,2024,BMW,X5,Plug-in Hybrid Electric Vehicle (PHEV),Clean Alternative Fuel Vehicle Eligible,39,45.0,PUGET SOUND ENERGY INC||CITY OF TACOMA - (WA),0.13310580204778158,0.5904667055943594,Short
King,Seattle,WA,98146.0,2023,FORD,MUSTANG MACH-E,Battery Electric Vehicle (BEV),Eligibility unknown as battery range has not been researched,0,34.0,CITY OF SEATTLE - (WA)|CITY OF TACOMA - (WA),0.0,0.2707985792660235,Unknown/Not Researched
King,Bellevue,WA,98005.0,2026,BMW,IX,Battery Electric Vehicle (BEV),Eligibility unknown as battery range has not been researched,0,48.0,PUGET SOUND ENERGY INC||CITY OF TACOMA - (WA),0.0,1.2298029582510313,Unknown/Not Researched
King,Sammamish,WA,98074.0,2020,NISSAN,LEAF,Battery Electric Vehicle (BEV),Clean Alternative Fuel Vehicle Eligible,215,45.0,PUGET SOUND ENERGY INC||CITY OF TACOMA - (WA),0.7337883959044369,-0.6882057997189841,Long
King,Bellevue,WA,98004.0,2023,TESLA,MODEL 3,Battery Electric Vehicle (BEV),Eligibility unknown as battery range has not been researched,0,41.0,PUGET SOUND ENERGY INC||CITY OF TACOMA - (WA),0.0,0.2707985792660235,Unknown/Not Researched
Snohomish,Snohomish,WA,98296.0,2022,TESLA,MODEL Y,Battery Electric Vehicle (BEV),Eligibility unknown as battery range has not been researched,0,44.0,PUGET SOUND ENERGY INC,0.0,-0.04886954706231235,Unknown/Not Researched
King,Kirkland,WA,98033.0,2013,TESLA,MODEL S,Battery Electric Vehicle (BEV),Clean Alternative Fuel Vehicle Eligible,208,45.0,PUGET SOUND ENERGY INC||CITY OF TACOMA - (WA),0.7098976109215017,-2.9258826840173353,Long
Clark,Vancouver,WA,98682.0,2022,LEXUS,NX,Plug-in Hybrid Electric Vehicle (PHEV),Clean Alternative Fuel Vehicle Eligible,37,17.0,BONNEVILLE POWER ADMINISTRATION||PUD NO 1 OF CLARK COUNTY - (WA),0.12627986348122866,-0.04886954706231235,Short
King,Auburn,WA,98092.0,2025,HYUNDAI,IONIQ 6,Battery Electric Vehicle (BEV),Eligibility unknown as battery range has not been researched,0,47.0,PUGET SOUND ENERGY INC||CITY OF TACOMA - (WA),0.0,0.9101348319226953,Unknown/Not Researched
King,Bellevue,WA,98004.0,2024,TESLA,CYBERTRUCK,Battery Electric Vehicle (BEV),Eligibility unknown as battery range has not been researched,0,48.0,PUGET SOUND ENERGY INC||CITY OF TACOMA - (WA),0.0,0.5904667055943594,Unknown/Not Researched
King,Seatac,WA,98188.0,2023,CHRYSLER,PACIFICA,Plug-in Hybrid Electric Vehicle (PHEV),Clean Alternative Fuel Vehicle Eligible,32,33.0,PUGET SOUND ENERGY INC||CITY OF TACOMA - (WA),0.10921501706484642,0.2707985792660235,Short
King,Redmond,WA,98052.0,2023,TESLA,MODEL Y,Battery Electric Vehicle (BEV),Eligibility unknown as battery range has not been researched,0,48.0,PUGET SOUND ENERGY INC||CITY OF TACOMA - (WA),0.0,0.2707985792660235,Unknown/Not Researched
King,Bellevue,WA,98008.0,2024,TESLA,CYBERTRUCK,Battery Electric Vehicle (BEV),Eligibility unknown as battery range has not been researched,0,48.0,PUGET SOUND ENERGY INC||CITY OF TACOMA - (WA),0.0,0.5904667055943594,Unknown/Not Researched
King,Kent,WA,98031.0,2024,TESLA,MODEL Y,Battery Electric Vehicle (BEV),Eligibility unknown as battery range has not been researched,0,47.0,PUGET SOUND ENERGY INC||CITY OF TACOMA - (WA),0.0,0.5904667055943594,Unknown/Not Researched
King,Renton,WA,98058.0,2023,TESLA,MODEL Y,Battery Electric Vehicle (BEV),Eligibility unknown as battery range has not been researched,0,11.0,PUGET SOUND ENERGY INC||CITY OF TACOMA - (WA),0.0,0.2707985792660235,Unknown/Not Researched
King,Seattle,WA,98101.0,2024,TESLA,MODEL 3,Battery Electric Vehicle (BEV),Eligibility unknown as battery range has not been researched,0,43.0,CITY OF SEATTLE - (WA)|CITY OF TACOMA - (WA),0.0,0.5904667055943594,Unknown/Not Researched
King,Bellevue,WA,98004.0,2026,TESLA,MODEL Y,Battery Electric Vehicle (BEV),Eligibility unknown as battery range has not been researched,0,41.0,PUGET SOUND ENERGY INC||CITY OF TACOMA - (WA),0.0,1.2298029582510313,Unknown/Not Researched
King,Kirkland,WA,98034.0,2023,HYUNDAI,IONIQ 6,Battery Electric Vehicle (BEV),Eligibility unknown as battery range has not been researched,0,45.0,PUGET SOUND ENERGY INC||CITY OF TACOMA - (WA),0.0,0.2707985792660235,Unknown/Not Researched
King,Bellevue,WA,98007.0,2025,NISSAN,LEAF,Battery Electric Vehicle (BEV),Eligibility unknown as battery range has not been researched,0,48.0,PUGET SOUND ENERGY INC||CITY OF TACOMA - (WA),0.0,0.9101348319226953,Unknown/Not Researched
King,Kirkland,WA,98034.0,2023,TESLA,MODEL Y,Battery Electric Vehicle (BEV),Eligibility unknown as battery range has not been researched,0,45.0,PUGET SOUND ENERGY INC||CITY OF TACOMA - (WA),0.0,0.2707985792660235,Unknown/Not Researched
Thurston,Olympia,WA,98506.0,2019,TESLA,MODEL 3,Battery Electric Vehicle (BEV),Clean Alternative Fuel Vehicle Eligible,220,22.0,PUGET SOUND ENERGY INC,0.7508532423208191,-1.00787392604732,Long
King,Kirkland,WA,98033.0,2020,BMW,X3,Plug-in Hybrid Electric Vehicle (PHEV),Not eligible due to low battery range,17,48.0,PUGET SOUND ENERGY INC||CITY OF TACOMA - (WA),0.05802047781569966,-0.6882057997189841,Short
King,Bellevue,WA,98005.0,2026,CADILLAC,LYRIQ,Battery Electric Vehicle (BEV),Eligibility unknown as battery range has not been researched,0,41.0,PUGET SOUND ENERGY INC||CITY OF TACOMA - (WA),0.0,1.2298029582510313,Unknown/Not Researched
King,Kent,WA,98031.0,2024,TESLA,MODEL Y,Battery Electric Vehicle (BEV),Eligibility unknown as battery range has not been researched,0,47.0,PUGET SOUND ENERGY INC||CITY OF TACOMA - (WA),0.0,0.5904667055943594,Unknown/Not Researched
King,Bothell,WA,98011.0,2018,TESLA,MODEL 3,Battery Electric Vehicle (BEV),Clean Alternative Fuel Vehicle Eligible,215,1.0,PUGET SOUND ENERGY INC||CITY OF TACOMA - (WA),0.7337883959044369,-1.3275420523756558,Long
King,Redmond,WA,98052.0,2021,TESLA,MODEL Y,Battery Electric Vehicle (BEV),Eligibility unknown as battery range has not been researched,0,45.0,PUGET SOUND ENERGY INC||CITY OF TACOMA - (WA),0.0,-0.36853767339064825,Unknown/Not Researched
King,Kent,WA,98030.0,2018,CHEVROLET,BOLT EV,Battery Electric Vehicle (BEV),Clean Alternative Fuel Vehicle Eligible,238,47.0,PUGET SOUND ENERGY INC||CITY OF TACOMA - (WA),0.8122866894197952,-1.3275420523756558,Long
Snohomish,Lake Stevens,WA,98258.0,2020,CHEVROLET,BOLT EV,Battery Electric Vehicle (BEV),Clean Alternative Fuel Vehicle Eligible,259,44.0,PUGET SOUND ENERGY INC,0.8839590443686007,-0.6882057997189841,Long
Clark,Vancouver,WA,98686.0,2022,FORD,MUSTANG MACH-E,Battery Electric Vehicle (BEV),Eligibility unknown as battery range has not been researched,0,49.0,BONNEVILLE POWER ADMINISTRATION||PUD NO 1 OF CLARK COUNTY - (WA),0.0,-0.04886954706231235,Unknown/Not Researched
King,Seattle,WA,98178.0,2023,CHRYSLER,PACIFICA,Plug-in Hybrid Electric Vehicle (PHEV),Clean Alternative Fuel Vehicle Eligible,32,37.0,CITY OF SEATTLE - (WA)|CITY OF TACOMA - (WA),0.10921501706484642,0.2707985792660235,Short
King,Kirkland,WA,98033.0,2023,TESLA,MODEL Y,Battery Electric Vehicle (BEV),Eligibility unknown as battery range has not been researched,0,48.0,PUGET SOUND ENERGY INC||CITY OF TACOMA - (WA),0.0,0.2707985792660235,Unknown/Not Researched
King,Seattle,WA,98125.0,2016,KIA,SOUL,Battery Electric Vehicle (BEV),Clean Alternative Fuel Vehicle Eligible,93,46.0,CITY OF SEATTLE - (WA)|CITY OF TACOMA - (WA),0.3174061433447099,-1.9668783050323277,Medium
Clark,Vancouver,WA,98664.0,2024,FORD,MUSTANG MACH-E,Battery Electric Vehicle (BEV),Eligibility unknown as battery range has not been researched,0,49.0,BONNEVILLE POWER ADMINISTRATION||PUD NO 1 OF CLARK COUNTY - (WA),0.0,0.5904667055943594,Unknown/Not Researched
King,Redmond,WA,98052.0,2023,TESLA,MODEL Y,Battery Electric Vehicle (BEV),Eligibility unknown as battery range has not been researched,0,48.0,PUGET SOUND ENERGY INC||CITY OF TACOMA - (WA),0.0,0.2707985792660235,Unknown/Not Researched
King,Sammamish,WA,98075.0,2018,TESLA,MODEL 3,Battery Electric Vehicle (BEV),Clean Alternative Fuel Vehicle Eligible,215,41.0,PUGET SOUND ENERGY INC||CITY OF TACOMA - (WA),0.7337883959044369,-1.3275420523756558,Long
Clark,Vancouver,WA,98686.0,2024,TOYOTA,BZ4X,Battery Electric Vehicle (BEV),Eligibility unknown as battery range has not been researched,0,17.0,BONNEVILLE POWER ADMINISTRATION||PUD NO 1 OF CLARK COUNTY - (WA),0.0,0.5904667055943594,Unknown/Not Researched
King,Seattle,WA,98107.0,2023,TESLA,MODEL Y,Battery Electric Vehicle (BEV),Eligibility unknown as battery range has not been researched,0,36.0,CITY OF SEATTLE - (WA)|CITY OF TACOMA - (WA),0.0,0.2707985792660235,Unknown/Not Researched
King,Seattle,WA,98125.0,2024,VOLVO,XC90,Plug-in Hybrid Electric Vehicle (PHEV),Clean Alternative Fuel Vehicle Eligible,32,46.0,CITY OF SEATTLE - (WA)|CITY OF TACOMA - (WA),0.10921501706484642,0.5904667055943594,Short
Thurston,Olympia,WA,98502.0,2024,CADILLAC,LYRIQ,Battery Electric Vehicle (BEV),Eligibility unknown as battery range has not been researched,0,35.0,PUGET SOUND ENERGY INC,0.0,0.5904667055943594,Unknown/Not Researched
King,Issaquah,WA,98029.0,2016,BMW,X5,Plug-in Hybrid Electric Vehicle (PHEV),Not eligible due to low battery range,14,5.0,PUGET SOUND ENERGY INC||CITY OF TACOMA - (WA),0.04778156996587031,-1.9668783050323277,Short
Clark,Vancouver,WA,98685.0,2019,TESLA,MODEL 3,Battery Electric Vehicle (BEV),Clean Alternative Fuel Vehicle Eligible,220,18.0,BONNEVILLE POWER ADMINISTRATION||PUD NO 1 OF CLARK COUNTY - (WA),0.7508532423208191,-1.00787392604732,Long
Clark,Vancouver,WA,98682.0,2023,TESLA,MODEL Y,Battery Electric Vehicle (BEV),Eligibility unknown as battery range has not been researched,0,17.0,BONNEVILLE POWER ADMINISTRATION||PUD NO 1 OF CLARK COUNTY - (WA),0.0,0.2707985792660235,Unknown/Not Researched
King,Kent,WA,98031.0,2022,TESLA,MODEL Y,Battery Electric Vehicle (BEV),Eligibility unknown as battery range has not been researched,0,47.0,PUGET SOUND ENERGY INC||CITY OF TACOMA - (WA),0.0,-0.04886954706231235,Unknown/Not Researched
Kitsap,Seabeck,WA,98380.0,2023,AUDI,Q4,Battery Electric Vehicle (BEV),Eligibility unknown as battery range has not been researched,0,35.0,PUGET SOUND ENERGY INC,0.0,0.2707985792660235,Unknown/Not Researched
King,Kirkland,WA,98033.0,2018,TESLA,MODEL 3,Battery Electric Vehicle (BEV),Clean Alternative Fuel Vehicle Eligible,215,48.0,PUGET SOUND ENERGY INC||CITY OF TACOMA - (WA),0.7337883959044369,-1.3275420523756558,Long
King,Federal Way,WA,98003.0,2025,AUDI,Q5 E,Plug-in Hybrid Electric Vehicle (PHEV),Not eligible due to low battery range,28,30.0,PUGET SOUND ENERGY INC||CITY OF TACOMA - (WA),0.09556313993174062,0.9101348319226953,Short
King,Kirkland,WA,98033.0,2025,PORSCHE,CAYENNE,Plug-in Hybrid Electric Vehicle (PHEV),Not eligible due to low battery range,29,48.0,PUGET SOUND ENERGY INC||CITY OF TACOMA - (WA),0.09897610921501707,0.9101348319226953,Short
King,Enumclaw,WA,98022.0,2018,HONDA,CLARITY,Plug-in Hybrid Electric Vehicle (PHEV),Clean Alternative Fuel Vehicle Eligible,47,31.0,PUGET SOUND ENERGY INC||CITY OF TACOMA - (WA),0.16040955631399317,-1.3275420523756558,Short
Clark,Vancouver,WA,98682.0,2022,FORD,MUSTANG MACH-E,Battery Electric Vehicle (BEV),Eligibility unknown as battery range has not been researched,0,17.0,BONNEVILLE POWER ADMINISTRATION||PUD NO 1 OF CLARK COUNTY - (WA),0.0,-0.04886954706231235,Unknown/Not Researched
King,Kent,WA,98042.0,2023,FORD,MUSTANG MACH-E,Battery Electric Vehicle (BEV),Eligibility unknown as battery range has not been researched,0,47.0,PUGET SOUND ENERGY INC||CITY OF TACOMA - (WA),0.0,0.2707985792660235,Unknown/Not Researched
King,Seattle,WA,98109.0,2026,TESLA,MODEL Y,Battery Electric Vehicle (BEV),Eligibility unknown as battery range has not been researched,0,36.0,CITY OF SEATTLE - (WA)|CITY OF TACOMA - (WA),0.0,1.2298029582510313,Unknown/Not Researched
King,Seattle,WA,98125.0,2023,CHEVROLET,BOLT EUV,Battery Electric Vehicle (BEV),Eligibility unknown as battery range has not been researched,0,46.0,CITY OF SEATTLE - (WA)|CITY OF TACOMA - (WA),0.0,0.2707985792660235,Unknown/Not Researched
King,Bellevue,WA,98008.0,2022,VOLKSWAGEN,ID.4,Battery Electric Vehicle (BEV),Eligibility unknown as battery range has not been researched,0,48.0,PUGET SOUND ENERGY INC||CITY OF TACOMA - (WA),0.0,-0.04886954706231235,Unknown/Not Researched
Jefferson,Port Townsend,WA,98368.0,2027,CHEVROLET,BOLT,Battery Electric Vehicle (BEV),Eligibility unknown as battery range has not been researched,0,24.0,BONNEVILLE POWER ADMINISTRATION||PUGET SOUND ENERGY INC||PUD NO 1 OF JEFFERSON COUNTY,0.0,1.549471084579367,Unknown/Not Researched
King,Shoreline,WA,98133.0,2023,HYUNDAI,IONIQ 5,Battery Electric Vehicle (BEV),Eligibility unknown as battery range has not been researched,0,32.0,CITY OF SEATTLE - (WA)|CITY OF TACOMA - (WA),0.0,0.2707985792660235,Unknown/Not Researched
King,Seattle,WA,98125.0,2024,HYUNDAI,TUCSON,Plug-in Hybrid Electric Vehicle (PHEV),Clean Alternative Fuel Vehicle Eligible,33,46.0,CITY OF SEATTLE - (WA)|CITY OF TACOMA - (WA),0.11262798634812286,0.5904667055943594,Short
Clark,Vancouver,WA,98685.0,2023,RIVIAN,R1T,Battery Electric Vehicle (BEV),Eligibility unknown as battery range has not been researched,0,18.0,BONNEVILLE POWER ADMINISTRATION||PUD NO 1 OF CLARK COUNTY - (WA),0.0,0.2707985792660235,Unknown/Not Researched
Thurston,Olympia,WA,98501.0,2018,KIA,NIRO,Plug-in Hybrid Electric Vehicle (PHEV),Not eligible due to low battery range,26,22.0,PUGET SOUND ENERGY INC,0.08873720136518772,-1.3275420523756558,Short
King,Redmond,WA,98052.0,2024,TESLA,MODEL Y,Battery Electric Vehicle (BEV),Eligibility unknown as battery range has not been researched,0,45.0,PUGET SOUND ENERGY INC||CITY OF TACOMA - (WA),0.0,0.5904667055943594,Unknown/Not Researched
King,Auburn,WA,98002.0,2024,KIA,EV9,Battery Electric Vehicle (BEV),Eligibility unknown as battery range has not been researched,0,47.0,PUGET SOUND ENERGY INC||CITY OF TACOMA - (WA),0.0,0.5904667055943594,Unknown/Not Researched
Thurston,Yelm,WA,98597.0,2018,NISSAN,LEAF,Battery Electric Vehicle (BEV),Clean Alternative Fuel Vehicle Eligible,151,2.0,PUGET SOUND ENERGY INC,0.515358361774744,-1.3275420523756558,Long
King,Seattle,WA,98177.0,2017,TOYOTA,PRIUS PRIME (PHEV),Plug-in Hybrid Electric Vehicle (PHEV),Not eligible due to low battery range,25,32.0,CITY OF SEATTLE - (WA)|CITY OF TACOMA - (WA),0.08532423208191127,-1.647210178703992,Short
King,Auburn,WA,98092.0,2026,TESLA,MODEL Y,Battery Electric Vehicle (BEV),Eligibility unknown as battery range has not been researched,0,47.0,PUGET SOUND ENERGY INC||CITY OF TACOMA - (WA),0.0,1.2298029582510313,Unknown/Not Researched
King,Seattle,WA,98104.0,2019,TESLA,MODEL 3,Battery Electric Vehicle (BEV),Clean Alternative Fuel Vehicle Eligible,220,43.0,CITY OF SEATTLE - (WA)|CITY OF TACOMA - (WA),0.7508532423208191,-1.00787392604732,Long
King,Newcastle,WA,98059.0,2026,TESLA,MODEL Y,Battery Electric Vehicle (BEV),Eligibility unknown as battery range has not been researched,0,41.0,PUGET SOUND ENERGY INC||CITY OF TACOMA - (WA),0.0,1.2298029582510313,Unknown/Not Researched
King,Seattle,WA,98101.0,2024,TESLA,MODEL Y,Battery Electric Vehicle (BEV),Eligibility unknown as battery range has not been researched,0,43.0,CITY OF SEATTLE - (WA)|CITY OF TACOMA - (WA),0.0,0.5904667055943594,Unknown/Not Researched
King,Kirkland,WA,98034.0,2024,TOYOTA,RAV4 PRIME (PHEV),Plug-in Hybrid Electric Vehicle (PHEV),Clean Alternative Fuel Vehicle Eligible,42,1.0,PUGET SOUND ENERGY INC||CITY OF TACOMA - (WA),0.14334470989761092,0.5904667055943594,Short
King,Redmond,WA,98052.0,2020,TESLA,MODEL X,Battery Electric Vehicle (BEV),Clean Alternative Fuel Vehicle Eligible,293,48.0,PUGET SOUND ENERGY INC||CITY OF TACOMA - (WA),1.0,-0.6882057997189841,Long
King,Bellevue,WA,98004.0,2021,PORSCHE,TAYCAN,Battery Electric Vehicle (BEV),Clean Alternative Fuel Vehicle Eligible,203,48.0,PUGET SOUND ENERGY INC||CITY OF TACOMA - (WA),0.6928327645051194,-0.36853767339064825,Long
Snohomish,Snohomish,WA,98296.0,2024,TESLA,MODEL Y,Battery Electric Vehicle (BEV),Eligibility unknown as battery range has not been researched,0,1.0,PUGET SOUND ENERGY INC,0.0,0.5904667055943594,Unknown/Not Researched
King,Kirkland,WA,98034.0,2021,BMW,X3,Plug-in Hybrid Electric Vehicle (PHEV),Not eligible due to low battery range,17,45.0,PUGET SOUND ENERGY INC||CITY OF TACOMA - (WA),0.05802047781569966,-0.36853767339064825,Short
King,Seattle,WA,98122.0,2025,KIA,NIRO,Battery Electric Vehicle (BEV),Eligibility unknown as battery range has not been researched,0,37.0,CITY OF SEATTLE - (WA)|CITY OF TACOMA - (WA),0.0,0.9101348319226953,Unknown/Not Researched
King,Seattle,WA,98144.0,2026,VOLVO,EX30 CC,Battery Electric Vehicle (BEV),Eligibility unknown as battery range has not been researched,0,37.0,CITY OF SEATTLE - (WA)|CITY OF TACOMA - (WA),0.0,1.2298029582510313,Unknown/Not Researched
King,Seattle,WA,98112.0,2023,TESLA,MODEL X,Battery Electric Vehicle (BEV),Eligibility unknown as battery range has not been researched,0,43.0,CITY OF SEATTLE - (WA)|CITY OF TACOMA - (WA),0.0,0.2707985792660235,Unknown/Not Researched
King,Kirkland,WA,98033.0,2022,TESLA,MODEL S,Battery Electric Vehicle (BEV),Eligibility unknown as battery range has not been researched,0,48.0,PUGET SOUND ENERGY INC||CITY OF TACOMA - (WA),0.0,-0.04886954706231235,Unknown/Not Researched
King,Redmond,WA,98052.0,2022,NISSAN,LEAF,Battery Electric Vehicle (BEV),Eligibility unknown as battery range has not been researched,0,48.0,PUGET SOUND ENERGY INC||CITY OF TACOMA - (WA),0.0,-0.04886954706231235,Unknown/Not Researched
Clark,Vancouver,WA,98660.0,2023,CHEVROLET,BOLT EUV,Battery Electric Vehicle (BEV),Eligibility unknown as battery range has not been researched,0,49.0,BONNEVILLE POWER ADMINISTRATION||PUD NO 1 OF CLARK COUNTY - (WA),0.0,0.2707985792660235,Unknown/Not Researched
King,Seattle,WA,98133.0,2018,TOYOTA,PRIUS PRIME (PHEV),Plug-in Hybrid Electric Vehicle (PHEV),Not eligible due to low battery range,25,32.0,CITY OF SEATTLE - (WA)|CITY OF TACOMA - (WA),0.08532423208191127,-1.3275420523756558,Short
Clark,Camas,WA,98607.0,2022,AUDI,Q5,Plug-in Hybrid Electric Vehicle (PHEV),Not eligible due to low battery range,23,18.0,BONNEVILLE POWER ADMINISTRATION||PUD NO 1 OF CLARK COUNTY - (WA),0.07849829351535836,-0.04886954706231235,Short
Snohomish,Snohomish,WA,98296.0,2025,BMW,IX,Battery Electric Vehicle (BEV),Eligibility unknown as battery range has not been researched,0,1.0,PUGET SOUND ENERGY INC,0.0,0.9101348319226953,Unknown/Not Researched
King,Duvall,WA,98019.0,2024,NISSAN,LEAF,Battery Electric Vehicle (BEV),Eligibility unknown as battery range has not been researched,0,45.0,PUGET SOUND ENERGY INC||CITY OF TACOMA - (WA),0.0,0.5904667055943594,Unknown/Not Researched
King,Seattle,WA,98107.0,2026,TESLA,MODEL Y,Battery Electric Vehicle (BEV),Eligibility unknown as battery range has not been researched,0,36.0,CITY OF SEATTLE - (WA)|CITY OF TACOMA - (WA),0.0,1.2298029582510313,Unknown/Not Researched
King,Seattle,WA,98107.0,2023,HYUNDAI,IONIQ 5,Battery Electric Vehicle (BEV),Eligibility unknown as battery range has not been researched,0,36.0,CITY OF SEATTLE - (WA)|CITY OF TACOMA - (WA),0.0,0.2707985792660235,Unknown/Not Researched
King,Auburn,WA,98002.0,2024,SUBARU,SOLTERRA,Battery Electric Vehicle (BEV),Eligibility unknown as battery range has not been researched,0,31.0,PUGET SOUND ENERGY INC||CITY OF TACOMA - (WA),0.0,0.5904667055943594,Unknown/Not Researched
Clark,Vancouver,WA,98684.0,2024,TESLA,MODEL Y,Battery Electric Vehicle (BEV),Eligibility unknown as battery range has not been researched,0,17.0,BONNEVILLE POWER ADMINISTRATION||PUD NO 1 OF CLARK COUNTY - (WA),0.0,0.5904667055943594,Unknown/Not Researched
King,Bellevue,WA,98004.0,2024,TESLA,MODEL Y,Battery Electric Vehicle (BEV),Eligibility unknown as battery range has not been researched,0,48.0,PUGET SOUND ENERGY INC||CITY OF TACOMA - (WA),0.0,0.5904667055943594,Unknown/Not Researched
Snohomish,Everett,WA,98204.0,2023,TESLA,MODEL S,Battery Electric Vehicle (BEV),Eligibility unknown as battery range has not been researched,0,21.0,PUGET SOUND ENERGY INC,0.0,0.2707985792660235,Unknown/Not Researched
King,Seattle,WA,98122.0,2023,TESLA,MODEL 3,Battery Electric Vehicle (BEV),Eligibility unknown as battery range has not been researched,0,37.0,CITY OF SEATTLE - (WA)|CITY OF TACOMA - (WA),0.0,0.2707985792660235,Unknown/Not Researched
King,Seattle,WA,98119.0,2023,CHEVROLET,BOLT EUV,Battery Electric Vehicle (BEV),Eligibility unknown as battery range has not been researched,0,36.0,CITY OF SEATTLE - (WA)|CITY OF TACOMA - (WA),0.0,0.2707985792660235,Unknown/Not Researched
Kitsap,Bainbridge Island,WA,98110.0,2023,NISSAN,ARIYA HATCHBACK,Battery Electric Vehicle (BEV),Eligibility unknown as battery range has not been researched,0,23.0,PUGET SOUND ENERGY INC,0.0,0.2707985792660235,Unknown/Not Researched
Island,Oak Harbor,WA,98277.0,2021,BMW,X3,Plug-in Hybrid Electric Vehicle (PHEV),Not eligible due to low battery range,17,10.0,PUGET SOUND ENERGY INC,0.05802047781569966,-0.36853767339064825,Short
King,Seattle,WA,98115.0,2023,LEXUS,RZ,Battery Electric Vehicle (BEV),Eligibility unknown as battery range has not been researched,0,43.0,CITY OF SEATTLE - (WA)|CITY OF TACOMA - (WA),0.0,0.2707985792660235,Unknown/Not Researched
King,Kirkland,WA,98033.0,2026,TESLA,MODEL Y,Battery Electric Vehicle (BEV),Eligibility unknown as battery range has not been researched,0,45.0,PUGET SOUND ENERGY INC||CITY OF TACOMA - (WA),0.0,1.2298029582510313,Unknown/Not Researched
King,Seattle,WA,98125.0,2022,VOLKSWAGEN,ID.4,Battery Electric Vehicle (BEV),Eligibility unknown as battery range has not been researched,0,46.0,CITY OF SEATTLE - (WA)|CITY OF TACOMA - (WA),0.0,-0.04886954706231235,Unknown/Not Researched
Yakima,Toppenish,WA,98948.0,2024,FORD,F-150,Battery Electric Vehicle (BEV),Eligibility unknown as battery range has not been researched,0,15.0,PACIFICORP,0.0,0.5904667055943594,Unknown/Not Researched
King,Kent,WA,98030.0,2022,TESLA,MODEL 3,Battery Electric Vehicle (BEV),Eligibility unknown as battery range has not been researched,0,47.0,PUGET SOUND ENERGY INC||CITY OF TACOMA - (WA),0.0,-0.04886954706231235,Unknown/Not Researched
King,Kirkland,WA,98033.0,2023,TESLA,MODEL Y,Battery Electric Vehicle (BEV),Eligibility unknown as battery range has not been researched,0,48.0,PUGET SOUND ENERGY INC||CITY OF TACOMA - (WA),0.0,0.2707985792660235,Unknown/Not Researched
King,Newcastle,WA,98056.0,2026,TESLA,MODEL Y,Battery Electric Vehicle (BEV),Eligibility unknown as battery range has not been researched,0,41.0,PUGET SOUND ENERGY INC||CITY OF TACOMA - (WA),0.0,1.2298029582510313,Unknown/Not Researched
Clark,Vancouver,WA,98685.0,2016,KIA,SOUL,Battery Electric Vehicle (BEV),Clean Alternative Fuel Vehicle Eligible,93,49.0,BONNEVILLE POWER ADMINISTRATION||PUD NO 1 OF CLARK COUNTY - (WA),0.3174061433447099,-1.9668783050323277,Medium
King,Bellevue,WA,98004.0,2018,VOLVO,XC90,Plug-in Hybrid Electric Vehicle (PHEV),Not eligible due to low battery range,19,48.0,PUGET SOUND ENERGY INC||CITY OF TACOMA - (WA),0.06484641638225255,-1.3275420523756558,Short
King,Redmond,WA,98052.0,2024,TESLA,MODEL Y,Battery Electric Vehicle (BEV),Eligibility unknown as battery range has not been researched,0,45.0,PUGET SOUND ENERGY INC||CITY OF TACOMA - (WA),0.0,0.5904667055943594,Unknown/Not Researched
King,Kirkland,WA,98034.0,2021,TESLA,MODEL 3,Battery Electric Vehicle (BEV),Eligibility unknown as battery range has not been researched,0,45.0,PUGET SOUND ENERGY INC||CITY OF TACOMA - (WA),0.0,-0.36853767339064825,Unknown/Not Researched
Clark,Vancouver,WA,98685.0,2016,TESLA,MODEL X,Battery Electric Vehicle (BEV),Clean Alternative Fuel Vehicle Eligible,200,18.0,BONNEVILLE POWER ADMINISTRATION||PUD NO 1 OF CLARK COUNTY - (WA),0.6825938566552902,-1.9668783050323277,Long
King,Kirkland,WA,98034.0,2023,KIA,EV6,Battery Electric Vehicle (BEV),Eligibility unknown as battery range has not been researched,0,45.0,PUGET SOUND ENERGY INC||CITY OF TACOMA - (WA),0.0,0.2707985792660235,Unknown/Not Researched
Kitsap,Port Orchard,WA,98367.0,2018,TESLA,MODEL S,Battery Electric Vehicle (BEV),Clean Alternative Fuel Vehicle Eligible,249,26.0,PUGET SOUND ENERGY INC,0.8498293515358362,-1.3275420523756558,Long
King,Bellevue,WA,98006.0,2022,TESLA,MODEL Y,Battery Electric Vehicle (BEV),Eligibility unknown as battery range has not been researched,0,41.0,PUGET SOUND ENERGY INC||CITY OF TACOMA - (WA),0.0,-0.04886954706231235,Unknown/Not Researched
King,Renton,WA,98058.0,2024,TESLA,MODEL Y,Battery Electric Vehicle (BEV),Eligibility unknown as battery range has not been researched,0,11.0,PUGET SOUND ENERGY INC||CITY OF TACOMA - (WA),0.0,0.5904667055943594,Unknown/Not Researched
King,Auburn,WA,98001.0,2025,RIVIAN,R1S,Battery Electric Vehicle (BEV),Eligibility unknown as battery range has not been researched,0,47.0,PUGET SOUND ENERGY INC||CITY OF TACOMA - (WA),0.0,0.9101348319226953,Unknown/Not Researched
Clark,Vancouver,WA,98685.0,2024,MAZDA,CX-90,Plug-in Hybrid Electric Vehicle (PHEV),Not eligible due to low battery range,26,18.0,BONNEVILLE POWER ADMINISTRATION||PUD NO 1 OF CLARK COUNTY - (WA),0.08873720136518772,0.5904667055943594,Short
Cowlitz,Longview,WA,98632.0,2017,CHEVROLET,VOLT,Plug-in Hybrid Electric Vehicle (PHEV),Clean Alternative Fuel Vehicle Eligible,53,19.0,BONNEVILLE POWER ADMINISTRATION||PUD NO 1 OF COWLITZ COUNTY,0.18088737201365188,-1.647210178703992,Medium
King,Kent,WA,98030.0,2024,TESLA,MODEL Y,Battery Electric Vehicle (BEV),Eligibility unknown as battery range has not been researched,0,47.0,PUGET SOUND ENERGY INC||CITY OF TACOMA - (WA),0.0,0.5904667055943594,Unknown/Not Researched
King,Redmond,WA,98052.0,2022,TESLA,MODEL Y,Battery Electric Vehicle (BEV),Eligibility unknown as battery range has not been researched,0,45.0,PUGET SOUND ENERGY INC||CITY OF TACOMA - (WA),0.0,-0.04886954706231235,Unknown/Not Researched
Jefferson,Port Ludlow,WA,98365.0,2023,NISSAN,LEAF,Battery Electric Vehicle (BEV),Eligibility unknown as battery range has not been researched,0,24.0,BONNEVILLE POWER ADMINISTRATION||PUGET SOUND ENERGY INC||PUD NO 1 OF JEFFERSON COUNTY,0.0,0.2707985792660235,Unknown/Not Researched
King,Bothell,WA,98011.0,2019,KIA,NIRO,Plug-in Hybrid Electric Vehicle (PHEV),Not eligible due to low battery range,26,1.0,PUGET SOUND ENERGY INC||CITY OF TACOMA - (WA),0.08873720136518772,-1.00787392604732,Short
Snohomish,Bothell,WA,98012.0,2020,CHRYSLER,PACIFICA,Plug-in Hybrid Electric Vehicle (PHEV),Clean Alternative Fuel Vehicle Eligible,32,21.0,PUGET SOUND ENERGY INC,0.10921501706484642,-0.6882057997189841,Short
Cowlitz,Silverlake,WA,98645.0,2024,RIVIAN,R1S,Battery Electric Vehicle (BEV),Eligibility unknown as battery range has not been researched,0,20.0,BONNEVILLE POWER ADMINISTRATION||PUD NO 1 OF COWLITZ COUNTY,0.0,0.5904667055943594,Unknown/Not Researched
King,Bellevue,WA,98006.0,2023,RIVIAN,R1T,Battery Electric Vehicle (BEV),Eligibility unknown as battery range has not been researched,0,41.0,PUGET SOUND ENERGY INC||CITY OF TACOMA - (WA),0.0,0.2707985792660235,Unknown/Not Researched
King,Seattle,WA,98125.0,2023,TESLA,MODEL 3,Battery Electric Vehicle (BEV),Eligibility unknown as battery range has not been researched,0,46.0,CITY OF SEATTLE - (WA)|CITY OF TACOMA - (WA),0.0,0.2707985792660235,Unknown/Not Researched
King,Kirkland,WA,98034.0,2020,BMW,I3,Battery Electric Vehicle (BEV),Clean Alternative Fuel Vehicle Eligible,153,45.0,PUGET SOUND ENERGY INC||CITY OF TACOMA - (WA),0.5221843003412969,-0.6882057997189841,Long
King,Seattle,WA,98125.0,2022,POLESTAR,PS2,Battery Electric Vehicle (BEV),Eligibility unknown as battery range has not been researched,0,46.0,CITY OF SEATTLE - (WA)|CITY OF TACOMA - (WA),0.0,-0.04886954706231235,Unknown/Not Researched
King,Burien,WA,98146.0,2024,VOLVO,XC60,Plug-in Hybrid Electric Vehicle (PHEV),Clean Alternative Fuel Vehicle Eligible,35,34.0,CITY OF SEATTLE - (WA)|CITY OF TACOMA - (WA),0.11945392491467577,0.5904667055943594,Short
King,Kirkland,WA,98033.0,2025,VOLVO,XC90,Plug-in Hybrid Electric Vehicle (PHEV),Clean Alternative Fuel Vehicle Eligible,32,48.0,PUGET SOUND ENERGY INC||CITY OF TACOMA - (WA),0.10921501706484642,0.9101348319226953,Short
Thurston,Yelm,WA,98597.0,2024,TESLA,MODEL Y,Battery Electric Vehicle (BEV),Eligibility unknown as battery range has not been researched,0,2.0,PUGET SOUND ENERGY INC,0.0,0.5904667055943594,Unknown/Not Researched
King,Kirkland,WA,98033.0,2022,VOLKSWAGEN,ID.4,Battery Electric Vehicle (BEV),Eligibility unknown as battery range has not been researched,0,45.0,PUGET SOUND ENERGY INC||CITY OF TACOMA - (WA),0.0,-0.04886954706231235,Unknown/Not Researched
King,Kirkland,WA,98033.0,2024,AUDI,Q5 E,Plug-in Hybrid Electric Vehicle (PHEV),Not eligible due to low battery range,23,48.0,PUGET SOUND ENERGY INC||CITY OF TACOMA - (WA),0.07849829351535836,0.5904667055943594,Short
Cowlitz,Kalama,WA,98625.0,2017,TESLA,MODEL S,Battery Electric Vehicle (BEV),Clean Alternative Fuel Vehicle Eligible,210,20.0,BONNEVILLE POWER ADMINISTRATION||PUD NO 1 OF COWLITZ COUNTY,0.7167235494880546,-1.647210178703992,Long
King,Redmond,WA,98052.0,2022,TESLA,MODEL Y,Battery Electric Vehicle (BEV),Eligibility unknown as battery range has not been researched,0,48.0,PUGET SOUND ENERGY INC||CITY OF TACOMA - (WA),0.0,-0.04886954706231235,Unknown/Not Researched
King,Bellevue,WA,98006.0,2025,HYUNDAI,IONIQ 5,Battery Electric Vehicle (BEV),Eligibility unknown as battery range has not been researched,0,41.0,PUGET SOUND ENERGY INC||CITY OF TACOMA - (WA),0.0,0.9101348319226953,Unknown/Not Researched
Kitsap,Bainbridge Island,WA,98110.0,2025,VOLKSWAGEN,ID. BUZZ,Battery Electric Vehicle (BEV),Eligibility unknown as battery range has not been researched,0,23.0,PUGET SOUND ENERGY INC,0.0,0.9101348319226953,Unknown/Not Researched
King,Shoreline,WA,98155.0,2022,CHEVROLET,BOLT EV,Battery Electric Vehicle (BEV),Eligibility unknown as battery range has not been researched,0,32.0,CITY OF SEATTLE - (WA)|CITY OF TACOMA - (WA),0.0,-0.04886954706231235,Unknown/Not Researched
King,Bellevue,WA,98004.0,2023,VOLVO,C40,Battery Electric Vehicle (BEV),Eligibility unknown as battery range has not been researched,0,48.0,PUGET SOUND ENERGY INC||CITY OF TACOMA - (WA),0.0,0.2707985792660235,Unknown/Not Researched
King,Beaux Arts,WA,98004.0,2018,TESLA,MODEL 3,Battery Electric Vehicle (BEV),Clean Alternative Fuel Vehicle Eligible,215,41.0,PUGET SOUND ENERGY INC||CITY OF TACOMA - (WA),0.7337883959044369,-1.3275420523756558,Long
King,Seattle,WA,98125.0,2021,CHEVROLET,BOLT EV,Battery Electric Vehicle (BEV),Eligibility unknown as battery range has not been researched,0,46.0,PUGET SOUND ENERGY INC||CITY OF TACOMA - (WA),0.0,-0.36853767339064825,Unknown/Not Researched
King,Kirkland,WA,98033.0,2026,TESLA,MODEL Y,Battery Electric Vehicle (BEV),Eligibility unknown as battery range has not been researched,0,48.0,PUGET SOUND ENERGY INC||CITY OF TACOMA - (WA),0.0,1.2298029582510313,Unknown/Not Researched
King,Bellevue,WA,98005.0,2011,NISSAN,LEAF,Battery Electric Vehicle (BEV),Clean Alternative Fuel Vehicle Eligible,73,48.0,PUGET SOUND ENERGY INC||CITY OF TACOMA - (WA),0.24914675767918087,-3.565218936674007,Medium
Clark,Vancouver,WA,98684.0,2019,HYUNDAI,KONA,Battery Electric Vehicle (BEV),Clean Alternative Fuel Vehicle Eligible,258,17.0,BONNEVILLE POWER ADMINISTRATION||PUD NO 1 OF CLARK COUNTY - (WA),0.8805460750853242,-1.00787392604732,Long
King,Bellevue,WA,98005.0,2026,TESLA,MODEL Y,Battery Electric Vehicle (BEV),Eligibility unknown as battery range has not been researched,0,48.0,PUGET SOUND ENERGY INC||CITY OF TACOMA - (WA),0.0,1.2298029582510313,Unknown/Not Researched
King,Bellevue,WA,98004.0,2026,TESLA,MODEL 3,Battery Electric Vehicle (BEV),Eligibility unknown as battery range has not been researched,0,41.0,PUGET SOUND ENERGY INC||CITY OF TACOMA - (WA),0.0,1.2298029582510313,Unknown/Not Researched
King,Bellevue,WA,98004.0,2023,NISSAN,LEAF,Battery Electric Vehicle (BEV),Eligibility unknown as battery range has not been researched,0,48.0,PUGET SOUND ENERGY INC||CITY OF TACOMA - (WA),0.0,0.2707985792660235,Unknown/Not Researched
King,Bellevue,WA,98005.0,2019,VOLKSWAGEN,E-GOLF,Battery Electric Vehicle (BEV),Clean Alternative Fuel Vehicle Eligible,125,41.0,PUGET SOUND ENERGY INC||CITY OF TACOMA - (WA),0.42662116040955633,-1.00787392604732,Medium
King,Bellevue,WA,98004.0,2025,TESLA,MODEL 3,Battery Electric Vehicle (BEV),Eligibility unknown as battery range has not been researched,0,41.0,PUGET SOUND ENERGY INC||CITY OF TACOMA - (WA),0.0,0.9101348319226953,Unknown/Not Researched
Clark,Vancouver,WA,98683.0,2024,KIA,EV6,Battery Electric Vehicle (BEV),Eligibility unknown as battery range has not been researched,0,18.0,BONNEVILLE POWER ADMINISTRATION||PUD NO 1 OF CLARK COUNTY - (WA),0.0,0.5904667055943594,Unknown/Not Researched
Kitsap,Poulsbo,WA,98370.0,2023,TESLA,MODEL Y,Battery Electric Vehicle (BEV),Eligibility unknown as battery range has not been researched,0,23.0,PUGET SOUND ENERGY INC,0.0,0.2707985792660235,Unknown/Not Researched
King,Seattle,WA,98133.0,2019,CHEVROLET,BOLT EV,Battery Electric Vehicle (BEV),Clean Alternative Fuel Vehicle Eligible,238,46.0,CITY OF SEATTLE - (WA)|CITY OF TACOMA - (WA),0.8122866894197952,-1.00787392604732,Long
Snohomish,Bothell,WA,98012.0,2025,TESLA,MODEL Y,Battery Electric Vehicle (BEV),Eligibility unknown as battery range has not been researched,0,1.0,PUGET SOUND ENERGY INC,0.0,0.9101348319226953,Unknown/Not Researched
Clark,Vancouver,WA,98685.0,2024,CHEVROLET,SILVERADO,Battery Electric Vehicle (BEV),Eligibility unknown as battery range has not been researched,0,18.0,BONNEVILLE POWER ADMINISTRATION||PUD NO 1 OF CLARK COUNTY - (WA),0.0,0.5904667055943594,Unknown/Not Researched
King,Kirkland,WA,98034.0,2017,TOYOTA,PRIUS PRIME (PHEV),Plug-in Hybrid Electric Vehicle (PHEV),Not eligible due to low battery range,25,45.0,PUGET SOUND ENERGY INC||CITY OF TACOMA - (WA),0.08532423208191127,-1.647210178703992,Short
King,Seattle,WA,98146.0,2021,TOYOTA,RAV4 PRIME (PHEV),Plug-in Hybrid Electric Vehicle (PHEV),Clean Alternative Fuel Vehicle Eligible,42,34.0,CITY OF SEATTLE - (WA)|CITY OF TACOMA - (WA),0.14334470989761092,-0.36853767339064825,Short
King,Seattle,WA,98177.0,2022,KIA,NIRO,Battery Electric Vehicle (BEV),Eligibility unknown as battery range has not been researched,0,36.0,CITY OF SEATTLE - (WA)|CITY OF TACOMA - (WA),0.0,-0.04886954706231235,Unknown/Not Researched
Clark,Vancouver,WA,98662.0,2022,TESLA,MODEL X,Battery Electric Vehicle (BEV),Eligibility unknown as battery range has not been researched,0,17.0,BONNEVILLE POWER ADMINISTRATION||PUD NO 1 OF CLARK COUNTY - (WA),0.0,-0.04886954706231235,Unknown/Not Researched
King,Renton,WA,98056.0,2024,VOLVO,XC40,Battery Electric Vehicle (BEV),Eligibility unknown as battery range has not been researched,0,41.0,PUGET SOUND ENERGY INC||CITY OF TACOMA - (WA),0.0,0.5904667055943594,Unknown/Not Researched
Yakima,Yakima,WA,98908.0,2024,TESLA,CYBERTRUCK,Battery Electric Vehicle (BEV),Eligibility unknown as battery range has not been researched,0,14.0,PACIFICORP,0.0,0.5904667055943594,Unknown/Not Researched
King,North Bend,WA,98045.0,2022,KIA,SORENTO,Plug-in Hybrid Electric Vehicle (PHEV),Clean Alternative Fuel Vehicle Eligible,32,5.0,PUGET SOUND ENERGY INC||CITY OF TACOMA - (WA),0.10921501706484642,-0.04886954706231235,Short
King,Seattle,WA,98103.0,2018,TESLA,MODEL 3,Battery Electric Vehicle (BEV),Clean Alternative Fuel Vehicle Eligible,215,43.0,CITY OF SEATTLE - (WA)|CITY OF TACOMA - (WA),0.7337883959044369,-1.3275420523756558,Long
King,Seattle,WA,98122.0,2023,TESLA,MODEL 3,Battery Electric Vehicle (BEV),Eligibility unknown as battery range has not been researched,0,37.0,CITY OF SEATTLE - (WA)|CITY OF TACOMA - (WA),0.0,0.2707985792660235,Unknown/Not Researched
Kitsap,Port Orchard,WA,98367.0,2019,NISSAN,LEAF,Battery Electric Vehicle (BEV),Clean Alternative Fuel Vehicle Eligible,150,35.0,PUGET SOUND ENERGY INC,0.5119453924914675,-1.00787392604732,Medium
King,Kirkland,WA,98033.0,2023,KIA,SPORTAGE,Plug-in Hybrid Electric Vehicle (PHEV),Clean Alternative Fuel Vehicle Eligible,34,48.0,PUGET SOUND ENERGY INC||CITY OF TACOMA - (WA),0.11604095563139932,0.2707985792660235,Short
King,Woodinville,WA,98072.0,2026,TESLA,MODEL Y,Battery Electric Vehicle (BEV),Eligibility unknown as battery range has not been researched,0,45.0,PUGET SOUND ENERGY INC||CITY OF TACOMA - (WA),0.0,1.2298029582510313,Unknown/Not Researched
King,Redmond,WA,98052.0,2018,TESLA,MODEL S,Battery Electric Vehicle (BEV),Clean Alternative Fuel Vehicle Eligible,249,45.0,PUGET SOUND ENERGY INC||CITY OF TACOMA - (WA),0.8498293515358362,-1.3275420523756558,Long
King,Bellevue,WA,98008.0,2023,TESLA,MODEL 3,Battery Electric Vehicle (BEV),Eligibility unknown as battery range has not been researched,0,48.0,PUGET SOUND ENERGY INC||CITY OF TACOMA - (WA),0.0,0.2707985792660235,Unknown/Not Researched
Clark,Vancouver,WA,98683.0,2022,KIA,NIRO,Plug-in Hybrid Electric Vehicle (PHEV),Not eligible due to low battery range,26,17.0,BONNEVILLE POWER ADMINISTRATION||PUD NO 1 OF CLARK COUNTY - (WA),0.08873720136518772,-0.04886954706231235,Short
King,Seattle,WA,98117.0,2023,NISSAN,LEAF,Battery Electric Vehicle (BEV),Eligibility unknown as battery range has not been researched,0,36.0,CITY OF SEATTLE - (WA)|CITY OF TACOMA - (WA),0.0,0.2707985792660235,Unknown/Not Researched
King,Kirkland,WA,98034.0,2023,TESLA,MODEL 3,Battery Electric Vehicle (BEV),Eligibility unknown as battery range has not been researched,0,45.0,PUGET SOUND ENERGY INC||CITY OF TACOMA - (WA),0.0,0.2707985792660235,Unknown/Not Researched
King,Kirkland,WA,98034.0,2025,FORD,MUSTANG MACH-E,Battery Electric Vehicle (BEV),Eligibility unknown as battery range has not been researched,0,45.0,PUGET SOUND ENERGY INC||CITY OF TACOMA - (WA),0.0,0.9101348319226953,Unknown/Not Researched
King,Bellevue,WA,98004.0,2025,KIA,EV9,Battery Electric Vehicle (BEV),Eligibility unknown as battery range has not been researched,0,41.0,PUGET SOUND ENERGY INC||CITY OF TACOMA - (WA),0.0,0.9101348319226953,Unknown/Not Researched
King,Seattle,WA,98112.0,2020,TESLA,MODEL Y,Battery Electric Vehicle (BEV),Clean Alternative Fuel Vehicle Eligible,291,43.0,CITY OF SEATTLE - (WA)|CITY OF TACOMA - (WA),0.9931740614334471,-0.6882057997189841,Long
King,Pacific,WA,98047.0,2024,FORD,F-150,Battery Electric Vehicle (BEV),Eligibility unknown as battery range has not been researched,0,30.0,PUGET SOUND ENERGY INC||CITY OF TACOMA - (WA),0.0,0.5904667055943594,Unknown/Not Researched
King,Bellevue,WA,98008.0,2018,TESLA,MODEL 3,Battery Electric Vehicle (BEV),Clean Alternative Fuel Vehicle Eligible,215,48.0,PUGET SOUND ENERGY INC||CITY OF TACOMA - (WA),0.7337883959044369,-1.3275420523756558,Long
Thurston,Olympia,WA,98512.0,2021,VOLKSWAGEN,ID.4,Battery Electric Vehicle (BEV),Eligibility unknown as battery range has not been researched,0,35.0,PUGET SOUND ENERGY INC,0.0,-0.36853767339064825,Unknown/Not Researched
King,Kirkland,WA,98033.0,2023,HYUNDAI,KONA,Battery Electric Vehicle (BEV),Eligibility unknown as battery range has not been researched,0,45.0,PUGET SOUND ENERGY INC||CITY OF TACOMA - (WA),0.0,0.2707985792660235,Unknown/Not Researched
Clark,Battle Ground,WA,98604.0,2023,VOLKSWAGEN,ID.4,Battery Electric Vehicle (BEV),Eligibility unknown as battery range has not been researched,0,18.0,BONNEVILLE POWER ADMINISTRATION||PUD NO 1 OF CLARK COUNTY - (WA),0.0,0.2707985792660235,Unknown/Not Researched
Thurston,Olympia,WA,98506.0,2024,TOYOTA,RAV4 PRIME (PHEV),Plug-in Hybrid Electric Vehicle (PHEV),Clean Alternative Fuel Vehicle Eligible,42,22.0,PUGET SOUND ENERGY INC,0.14334470989761092,0.5904667055943594,Short
King,Redmond,WA,98052.0,2023,TESLA,MODEL Y,Battery Electric Vehicle (BEV),Eligibility unknown as battery range has not been researched,0,48.0,PUGET SOUND ENERGY INC||CITY OF TACOMA - (WA),0.0,0.2707985792660235,Unknown/Not Researched
King,Renton,WA,98056.0,2026,TESLA,MODEL Y,Battery Electric Vehicle (BEV),Eligibility unknown as battery range has not been researched,0,41.0,PUGET SOUND ENERGY INC||CITY OF TACOMA - (WA),0.0,1.2298029582510313,Unknown/Not Researched
King,Kirkland,WA,98034.0,2018,TESLA,MODEL X,Battery Electric Vehicle (BEV),Clean Alternative Fuel Vehicle Eligible,238,45.0,PUGET SOUND ENERGY INC||CITY OF TACOMA - (WA),0.8122866894197952,-1.3275420523756558,Long
King,Tukwila,WA,98168.0,2021,TESLA,MODEL 3,Battery Electric Vehicle (BEV),Eligibility unknown as battery range has not been researched,0,11.0,CITY OF SEATTLE - (WA)|CITY OF TACOMA - (WA),0.0,-0.36853767339064825,Unknown/Not Researched
King,Seattle,WA,98146.0,2020,TESLA,MODEL Y,Battery Electric Vehicle (BEV),Clean Alternative Fuel Vehicle Eligible,291,34.0,CITY OF SEATTLE - (WA)|CITY OF TACOMA - (WA),0.9931740614334471,-0.6882057997189841,Long
King,Burien,WA,98166.0,2023,KIA,NIRO,Plug-in Hybrid Electric Vehicle (PHEV),Clean Alternative Fuel Vehicle Eligible,33,34.0,PUGET SOUND ENERGY INC||CITY OF TACOMA - (WA),0.11262798634812286,0.2707985792660235,Short
King,Sammamish,WA,98074.0,2019,TESLA,MODEL S,Battery Electric Vehicle (BEV),Clean Alternative Fuel Vehicle Eligible,270,45.0,PUGET SOUND ENERGY INC||CITY OF TACOMA - (WA),0.9215017064846417,-1.00787392604732,Long
King,Seattle,WA,98177.0,2024,MINI,HARDTOP,Battery Electric Vehicle (BEV),Eligibility unknown as battery range has not been researched,0,32.0,CITY OF SEATTLE - (WA)|CITY OF TACOMA - (WA),0.0,0.5904667055943594,Unknown/Not Researched
Clark,Battle Ground,WA,98604.0,2025,TOYOTA,RAV4 PRIME (PHEV),Plug-in Hybrid Electric Vehicle (PHEV),Clean Alternative Fuel Vehicle Eligible,42,18.0,BONNEVILLE POWER ADMINISTRATION||PUD NO 1 OF CLARK COUNTY - (WA),0.14334470989761092,0.9101348319226953,Short
King,Renton,WA,98059.0,2023,TESLA,MODEL 3,Battery Electric Vehicle (BEV),Eligibility unknown as battery range has not been researched,0,11.0,PUGET SOUND ENERGY INC||CITY OF TACOMA - (WA),0.0,0.2707985792660235,Unknown/Not Researched
Thurston,Olympia,WA,98502.0,2024,TESLA,MODEL 3,Battery Electric Vehicle (BEV),Eligibility unknown as battery range has not been researched,0,22.0,PUGET SOUND ENERGY INC,0.0,0.5904667055943594,Unknown/Not Researched
King,Shoreline,WA,98177.0,2018,TESLA,MODEL 3,Battery Electric Vehicle (BEV),Clean Alternative Fuel Vehicle Eligible,215,32.0,CITY OF SEATTLE - (WA)|CITY OF TACOMA - (WA),0.7337883959044369,-1.3275420523756558,Long
King,Seattle,WA,98125.0,2018,TESLA,MODEL 3,Battery Electric Vehicle (BEV),Clean Alternative Fuel Vehicle Eligible,215,46.0,CITY OF SEATTLE - (WA)|CITY OF TACOMA - (WA),0.7337883959044369,-1.3275420523756558,Long
Cowlitz,Kelso,WA,98626.0,2025,CHEVROLET,EQUINOX,Battery Electric Vehicle (BEV),Eligibility unknown as battery range has not been researched,0,20.0,BONNEVILLE POWER ADMINISTRATION||PUD NO 1 OF COWLITZ COUNTY,0.0,0.9101348319226953,Unknown/Not Researched
Snohomish,Edmonds,WA,98020.0,2022,RIVIAN,R1T,Battery Electric Vehicle (BEV),Eligibility unknown as battery range has not been researched,0,21.0,PUGET SOUND ENERGY INC,0.0,-0.04886954706231235,Unknown/Not Researched
King,Seattle,WA,98125.0,2024,HYUNDAI,IONIQ 5,Battery Electric Vehicle (BEV),Eligibility unknown as battery range has not been researched,0,46.0,CITY OF SEATTLE - (WA)|CITY OF TACOMA - (WA),0.0,0.5904667055943594,Unknown/Not Researched
King,Federal Way,WA,98023.0,2025,TESLA,CYBERTRUCK,Battery Electric Vehicle (BEV),Eligibility unknown as battery range has not been researched,0,30.0,PUGET SOUND ENERGY INC||CITY OF TACOMA - (WA),0.0,0.9101348319226953,Unknown/Not Researched
King,Duvall,WA,98019.0,2023,RIVIAN,R1S,Battery Electric Vehicle (BEV),Eligibility unknown as battery range has not been researched,0,45.0,PUGET SOUND ENERGY INC||CITY OF TACOMA - (WA),0.0,0.2707985792660235,Unknown/Not Researched
Clark,Washougal,WA,98671.0,2023,CHEVROLET,BOLT EUV,Battery Electric Vehicle (BEV),Eligibility unknown as battery range has not been researched,0,18.0,BONNEVILLE POWER ADMINISTRATION||PUD NO 1 OF CLARK COUNTY - (WA),0.0,0.2707985792660235,Unknown/Not Researched
King,Bellevue,WA,98008.0,2025,HYUNDAI,IONIQ 5 N,Battery Electric Vehicle (BEV),Eligibility unknown as battery range has not been researched,0,48.0,PUGET SOUND ENERGY INC||CITY OF TACOMA - (WA),0.0,0.9101348319226953,Unknown/Not Researched
King,Bellevue,WA,98008.0,2023,TESLA,MODEL Y,Battery Electric Vehicle (BEV),Eligibility unknown as battery range has not been researched,0,48.0,PUGET SOUND ENERGY INC||CITY OF TACOMA - (WA),0.0,0.2707985792660235,Unknown/Not Researched
Kitsap,Silverdale,WA,98383.0,2022,FORD,MUSTANG MACH-E,Battery Electric Vehicle (BEV),Eligibility unknown as battery range has not been researched,0,23.0,PUGET SOUND ENERGY INC,0.0,-0.04886954706231235,Unknown/Not Researched
King,Kirkland,WA,98033.0,2023,MERCEDES-BENZ,EQS-CLASS SUV,Battery Electric Vehicle (BEV),Eligibility unknown as battery range has not been researched,0,48.0,PUGET SOUND ENERGY INC||CITY OF TACOMA - (WA),0.0,0.2707985792660235,Unknown/Not Researched
Kitsap,Bremerton,WA,98312.0,2026,CHEVROLET,EQUINOX,Battery Electric Vehicle (BEV),Eligibility unknown as battery range has not been researched,0,26.0,PUGET SOUND ENERGY INC,0.0,1.2298029582510313,Unknown/Not Researched
King,Redmond,WA,98052.0,2026,TESLA,MODEL Y,Battery Electric Vehicle (BEV),Eligibility unknown as battery range has not been researched,0,45.0,PUGET SOUND ENERGY INC||CITY OF TACOMA - (WA),0.0,1.2298029582510313,Unknown/Not Researched
Clark,Vancouver,WA,98685.0,2024,GENESIS,GV60,Battery Electric Vehicle (BEV),Eligibility unknown as battery range has not been researched,0,18.0,BONNEVILLE POWER ADMINISTRATION||PUD NO 1 OF CLARK COUNTY - (WA),0.0,0.5904667055943594,Unknown/Not Researched
King,Redmond,WA,98052.0,2026,BMW,IX,Battery Electric Vehicle (BEV),Eligibility unknown as battery range has not been researched,0,45.0,PUGET SOUND ENERGY INC||CITY OF TACOMA - (WA),0.0,1.2298029582510313,Unknown/Not Researched
King,Seattle,WA,98112.0,2014,FORD,C-MAX,Plug-in Hybrid Electric Vehicle (PHEV),Not eligible due to low battery range,19,43.0,CITY OF SEATTLE - (WA)|CITY OF TACOMA - (WA),0.06484641638225255,-2.6062145576889995,Short
King,Redmond,WA,98052.0,2024,TESLA,MODEL Y,Battery Electric Vehicle (BEV),Eligibility unknown as battery range has not been researched,0,45.0,PUGET SOUND ENERGY INC||CITY OF TACOMA - (WA),0.0,0.5904667055943594,Unknown/Not Researched
King,Bellevue,WA,98007.0,2024,TESLA,MODEL Y,Battery Electric Vehicle (BEV),Eligibility unknown as battery range has not been researched,0,48.0,PUGET SOUND ENERGY INC||CITY OF TACOMA - (WA),0.0,0.5904667055943594,Unknown/Not Researched
King,Bellevue,WA,98008.0,2023,TESLA,MODEL Y,Battery Electric Vehicle (BEV),Eligibility unknown as battery range has not been researched,0,48.0,PUGET SOUND ENERGY INC||CITY OF TACOMA - (WA),0.0,0.2707985792660235,Unknown/Not Researched
King,Kirkland,WA,98034.0,2019,TESLA,MODEL 3,Battery Electric Vehicle (BEV),Clean Alternative Fuel Vehicle Eligible,220,45.0,PUGET SOUND ENERGY INC||CITY OF TACOMA - (WA),0.7508532423208191,-1.00787392604732,Long
King,Kirkland,WA,98034.0,2020,TESLA,MODEL Y,Battery Electric Vehicle (BEV),Clean Alternative Fuel Vehicle Eligible,291,45.0,PUGET SOUND ENERGY INC||CITY OF TACOMA - (WA),0.9931740614334471,-0.6882057997189841,Long
Clark,Vancouver,WA,98685.0,2023,AUDI,Q4,Battery Electric Vehicle (BEV),Eligibility unknown as battery range has not been researched,0,18.0,BONNEVILLE POWER ADMINISTRATION||PUD NO 1 OF CLARK COUNTY - (WA),0.0,0.2707985792660235,Unknown/Not Researched
Clark,Vancouver,WA,98662.0,2024,TESLA,MODEL Y,Battery Electric Vehicle (BEV),Eligibility unknown as battery range has not been researched,0,17.0,BONNEVILLE POWER ADMINISTRATION||PUD NO 1 OF CLARK COUNTY - (WA),0.0,0.5904667055943594,Unknown/Not Researched
Snohomish,Everett,WA,98208.0,2016,NISSAN,LEAF,Battery Electric Vehicle (BEV),Clean Alternative Fuel Vehicle Eligible,84,21.0,PUGET SOUND ENERGY INC,0.28668941979522183,-1.9668783050323277,Medium
King,Newcastle,WA,98056.0,2022,VOLKSWAGEN,ID.4,Battery Electric Vehicle (BEV),Eligibility unknown as battery range has not been researched,0,41.0,PUGET SOUND ENERGY INC||CITY OF TACOMA - (WA),0.0,-0.04886954706231235,Unknown/Not Researched
Kitsap,Silverdale,WA,98383.0,2025,VOLVO,XC90,Plug-in Hybrid Electric Vehicle (PHEV),Clean Alternative Fuel Vehicle Eligible,32,23.0,PUGET SOUND ENERGY INC,0.10921501706484642,0.9101348319226953,Short
Clark,Vancouver,WA,98683.0,2022,MINI,HARDTOP,Battery Electric Vehicle (BEV),Eligibility unknown as battery range has not been researched,0,18.0,BONNEVILLE POWER ADMINISTRATION||PUD NO 1 OF CLARK COUNTY - (WA),0.0,-0.04886954706231235,Unknown/Not Researched
Thurston,Olympia,WA,98502.0,2021,TESLA,MODEL 3,Battery Electric Vehicle (BEV),Eligibility unknown as battery range has not been researched,0,22.0,PUGET SOUND ENERGY INC,0.0,-0.36853767339064825,Unknown/Not Researched
Snohomish,Edmonds,WA,98026.0,2016,TESLA,MODEL S,Battery Electric Vehicle (BEV),Clean Alternative Fuel Vehicle Eligible,210,21.0,PUGET SOUND ENERGY INC,0.7167235494880546,-1.9668783050323277,Long
King,Sammamish,WA,98074.0,2024,NISSAN,LEAF,Battery Electric Vehicle (BEV),Eligibility unknown as battery range has not been researched,0,45.0,PUGET SOUND ENERGY INC||CITY OF TACOMA - (WA),0.0,0.5904667055943594,Unknown/Not Researched
King,Seattle,WA,98103.0,2022,TESLA,MODEL 3,Battery Electric Vehicle (BEV),Eligibility unknown as battery range has not been researched,0,46.0,CITY OF SEATTLE - (WA)|CITY OF TACOMA - (WA),0.0,-0.04886954706231235,Unknown/Not Researched
King,Bellevue,WA,98004.0,2023,TESLA,MODEL Y,Battery Electric Vehicle (BEV),Eligibility unknown as battery range has not been researched,0,41.0,PUGET SOUND ENERGY INC||CITY OF TACOMA - (WA),0.0,0.2707985792660235,Unknown/Not Researched
King,Kirkland,WA,98034.0,2021,TESLA,MODEL Y,Battery Electric Vehicle (BEV),Eligibility unknown as battery range has not been researched,0,1.0,PUGET SOUND ENERGY INC||CITY OF TACOMA - (WA),0.0,-0.36853767339064825,Unknown/Not Researched
King,Renton,WA,98059.0,2025,BMW,IX,Battery Electric Vehicle (BEV),Eligibility unknown as battery range has not been researched,0,11.0,PUGET SOUND ENERGY INC||CITY OF TACOMA - (WA),0.0,0.9101348319226953,Unknown/Not Researched
King,Seattle,WA,98117.0,2021,TESLA,MODEL Y,Battery Electric Vehicle (BEV),Eligibility unknown as battery range has not been researched,0,36.0,CITY OF SEATTLE - (WA)|CITY OF TACOMA - (WA),0.0,-0.36853767339064825,Unknown/Not Researched
King,Auburn,WA,98092.0,2018,TESLA,MODEL 3,Battery Electric Vehicle (BEV),Clean Alternative Fuel Vehicle Eligible,215,47.0,PUGET SOUND ENERGY INC||CITY OF TACOMA - (WA),0.7337883959044369,-1.3275420523756558,Long
Cowlitz,Woodland,WA,98674.0,2023,JEEP,WRANGLER,Plug-in Hybrid Electric Vehicle (PHEV),Not eligible due to low battery range,21,20.0,BONNEVILLE POWER ADMINISTRATION||PUD NO 1 OF COWLITZ COUNTY,0.07167235494880546,0.2707985792660235,Short
King,Seattle,WA,98178.0,2024,TESLA,MODEL 3,Battery Electric Vehicle (BEV),Eligibility unknown as battery range has not been researched,0,37.0,CITY OF SEATTLE - (WA)|CITY OF TACOMA - (WA),0.0,0.5904667055943594,Unknown/Not Researched
Kitsap,Port Orchard,WA,98366.0,2021,CHEVROLET,BOLT EV,Battery Electric Vehicle (BEV),Eligibility unknown as battery range has not been researched,0,26.0,PUGET SOUND ENERGY INC,0.0,-0.36853767339064825,Unknown/Not Researched
Yakima,Yakima,WA,98901.0,2023,HYUNDAI,TUCSON,Plug-in Hybrid Electric Vehicle (PHEV),Clean Alternative Fuel Vehicle Eligible,33,15.0,PACIFICORP,0.11262798634812286,0.2707985792660235,Short
King,Seatac,WA,98188.0,2023,TESLA,MODEL Y,Battery Electric Vehicle (BEV),Eligibility unknown as battery range has not been researched,0,33.0,PUGET SOUND ENERGY INC||CITY OF TACOMA - (WA),0.0,0.2707985792660235,Unknown/Not Researched
King,Bellevue,WA,98004.0,2024,TESLA,MODEL X,Battery Electric Vehicle (BEV),Eligibility unknown as battery range has not been researched,0,48.0,PUGET SOUND ENERGY INC||CITY OF TACOMA - (WA),0.0,0.5904667055943594,Unknown/Not Researched
King,Seattle,WA,98125.0,2024,TESLA,MODEL Y,Battery Electric Vehicle (BEV),Eligibility unknown as battery range has not been researched,0,46.0,CITY OF SEATTLE - (WA)|CITY OF TACOMA - (WA),0.0,0.5904667055943594,Unknown/Not Researched
King,Shoreline,WA,98133.0,2026,TESLA,MODEL Y,Battery Electric Vehicle (BEV),Eligibility unknown as battery range has not been researched,0,32.0,CITY OF SEATTLE - (WA)|CITY OF TACOMA - (WA),0.0,1.2298029582510313,Unknown/Not Researched
Clark,Battle Ground,WA,98604.0,2023,TESLA,MODEL 3,Battery Electric Vehicle (BEV),Eligibility unknown as battery range has not been researched,0,17.0,BONNEVILLE POWER ADMINISTRATION||PUD NO 1 OF CLARK COUNTY - (WA),0.0,0.2707985792660235,Unknown/Not Researched
Clark,Battle Ground,WA,98604.0,2024,FORD,MUSTANG MACH-E,Battery Electric Vehicle (BEV),Eligibility unknown as battery range has not been researched,0,18.0,BONNEVILLE POWER ADMINISTRATION||PUD NO 1 OF CLARK COUNTY - (WA),0.0,0.5904667055943594,Unknown/Not Researched
King,Kirkland,WA,98033.0,2023,TESLA,MODEL Y,Battery Electric Vehicle (BEV),Eligibility unknown as battery range has not been researched,0,48.0,PUGET SOUND ENERGY INC||CITY OF TACOMA - (WA),0.0,0.2707985792660235,Unknown/Not Researched
King,Kirkland,WA,98034.0,2022,KIA,SORENTO,Plug-in Hybrid Electric Vehicle (PHEV),Clean Alternative Fuel Vehicle Eligible,32,45.0,PUGET SOUND ENERGY INC||CITY OF TACOMA - (WA),0.10921501706484642,-0.04886954706231235,Short
King,Bellevue,WA,98005.0,2023,POLESTAR,PS2,Battery Electric Vehicle (BEV),Eligibility unknown as battery range has not been researched,0,41.0,PUGET SOUND ENERGY INC||CITY OF TACOMA - (WA),0.0,0.2707985792660235,Unknown/Not Researched
King,Kirkland,WA,98033.0,2023,FORD,F-150,Battery Electric Vehicle (BEV),Eligibility unknown as battery range has not been researched,0,45.0,PUGET SOUND ENERGY INC||CITY OF TACOMA - (WA),0.0,0.2707985792660235,Unknown/Not Researched
Kitsap,Bremerton,WA,98312.0,2024,VOLVO,XC90,Plug-in Hybrid Electric Vehicle (PHEV),Clean Alternative Fuel Vehicle Eligible,32,35.0,PUGET SOUND ENERGY INC,0.10921501706484642,0.5904667055943594,Short
Yakima,Selah,WA,98942.0,2025,CHEVROLET,BLAZER,Battery Electric Vehicle (BEV),Eligibility unknown as battery range has not been researched,0,15.0,PACIFICORP,0.0,0.9101348319226953,Unknown/Not Researched
King,Kirkland,WA,98034.0,2023,POLESTAR,PS2,Battery Electric Vehicle (BEV),Eligibility unknown as battery range has not been researched,0,45.0,PUGET SOUND ENERGY INC||CITY OF TACOMA - (WA),0.0,0.2707985792660235,Unknown/Not Researched
King,Kirkland,WA,98033.0,2024,CHEVROLET,BLAZER,Battery Electric Vehicle (BEV),Eligibility unknown as battery range has not been researched,0,45.0,PUGET SOUND ENERGY INC||CITY OF TACOMA - (WA),0.0,0.5904667055943594,Unknown/Not Researched
Kitsap,Bainbridge Island,WA,98110.0,2023,CHEVROLET,BOLT EUV,Battery Electric Vehicle (BEV),Eligibility unknown as battery range has not been researched,0,23.0,PUGET SOUND ENERGY INC,0.0,0.2707985792660235,Unknown/Not Researched
Snohomish,Lynnwood,WA,98037.0,2023,JEEP,GRAND CHEROKEE,Plug-in Hybrid Electric Vehicle (PHEV),Not eligible due to low battery range,25,21.0,PUGET SOUND ENERGY INC,0.08532423208191127,0.2707985792660235,Short
Kitsap,Bremerton,WA,98337.0,2026,TESLA,MODEL Y,Battery Electric Vehicle (BEV),Eligibility unknown as battery range has not been researched,0,26.0,PUGET SOUND ENERGY INC,0.0,1.2298029582510313,Unknown/Not Researched
Kitsap,Bainbridge Island,WA,98110.0,2026,KIA,EV9,Battery Electric Vehicle (BEV),Eligibility unknown as battery range has not been researched,0,23.0,PUGET SOUND ENERGY INC,0.0,1.2298029582510313,Unknown/Not Researched
King,Redmond,WA,98052.0,2013,FORD,FUSION,Plug-in Hybrid Electric Vehicle (PHEV),Not eligible due to low battery range,19,48.0,PUGET SOUND ENERGY INC||CITY OF TACOMA - (WA),0.06484641638225255,-2.9258826840173353,Short
Snohomish,Everett,WA,98208.0,2026,RIVIAN,R1T,Battery Electric Vehicle (BEV),Eligibility unknown as battery range has not been researched,0,44.0,PUGET SOUND ENERGY INC,0.0,1.2298029582510313,Unknown/Not Researched
King,Bellevue,WA,98005.0,2026,CADILLAC,LYRIQ,Battery Electric Vehicle (BEV),Eligibility unknown as battery range has not been researched,0,41.0,PUGET SOUND ENERGY INC||CITY OF TACOMA - (WA),0.0,1.2298029582510313,Unknown/Not Researched
King,Seattle,WA,98125.0,2023,TESLA,MODEL Y,Battery Electric Vehicle (BEV),Eligibility unknown as battery range has not been researched,0,46.0,CITY OF SEATTLE - (WA)|CITY OF TACOMA - (WA),0.0,0.2707985792660235,Unknown/Not Researched
King,Bellevue,WA,98005.0,2026,BMW,I5,Battery Electric Vehicle (BEV),Eligibility unknown as battery range has not been researched,0,48.0,PUGET SOUND ENERGY INC||CITY OF TACOMA - (WA),0.0,1.2298029582510313,Unknown/Not Researched
King,Bellevue,WA,98005.0,2021,TESLA,MODEL S,Battery Electric Vehicle (BEV),Eligibility unknown as battery range has not been researched,0,48.0,PUGET SOUND ENERGY INC||CITY OF TACOMA - (WA),0.0,-0.36853767339064825,Unknown/Not Researched
Clark,Vancouver,WA,98685.0,2018,HONDA,CLARITY,Plug-in Hybrid Electric Vehicle (PHEV),Clean Alternative Fuel Vehicle Eligible,47,49.0,BONNEVILLE POWER ADMINISTRATION||PUD NO 1 OF CLARK COUNTY - (WA),0.16040955631399317,-1.3275420523756558,Short
King,Bellevue,WA,98004.0,2025,HYUNDAI,IONIQ 5,Battery Electric Vehicle (BEV),Eligibility unknown as battery range has not been researched,0,48.0,PUGET SOUND ENERGY INC||CITY OF TACOMA - (WA),0.0,0.9101348319226953,Unknown/Not Researched
Clark,Vancouver,WA,98683.0,2023,TESLA,MODEL 3,Battery Electric Vehicle (BEV),Eligibility unknown as battery range has not been researched,0,18.0,BONNEVILLE POWER ADMINISTRATION||PUD NO 1 OF CLARK COUNTY - (WA),0.0,0.2707985792660235,Unknown/Not Researched
King,Renton,WA,98055.0,2014,TOYOTA,PRIUS,Plug-in Hybrid Electric Vehicle (PHEV),Not eligible due to low battery range,6,11.0,PUGET SOUND ENERGY INC||CITY OF TACOMA - (WA),0.020477815699658702,-2.6062145576889995,Short
King,Kenmore,WA,98028.0,2023,FORD,MUSTANG MACH-E,Battery Electric Vehicle (BEV),Eligibility unknown as battery range has not been researched,0,46.0,PUGET SOUND ENERGY INC||CITY OF TACOMA - (WA),0.0,0.2707985792660235,Unknown/Not Researched
King,Bellevue,WA,98004.0,2026,TESLA,MODEL Y,Battery Electric Vehicle (BEV),Eligibility unknown as battery range has not been researched,0,48.0,PUGET SOUND ENERGY INC||CITY OF TACOMA - (WA),0.0,1.2298029582510313,Unknown/Not Researched
King,Redmond,WA,98052.0,2026,TESLA,MODEL 3,Battery Electric Vehicle (BEV),Eligibility unknown as battery range has not been researched,0,45.0,PUGET SOUND ENERGY INC||CITY OF TACOMA - (WA),0.0,1.2298029582510313,Unknown/Not Researched
King,Seattle,WA,98117.0,2023,CHRYSLER,PACIFICA,Plug-in Hybrid Electric Vehicle (PHEV),Clean Alternative Fuel Vehicle Eligible,32,36.0,CITY OF SEATTLE - (WA)|CITY OF TACOMA - (WA),0.10921501706484642,0.2707985792660235,Short
King,Bellevue,WA,98004.0,2021,TESLA,MODEL Y,Battery Electric Vehicle (BEV),Eligibility unknown as battery range has not been researched,0,48.0,PUGET SOUND ENERGY INC||CITY OF TACOMA - (WA),0.0,-0.36853767339064825,Unknown/Not Researched
King,Seattle,WA,98122.0,2022,RIVIAN,R1T,Battery Electric Vehicle (BEV),Eligibility unknown as battery range has not been researched,0,37.0,CITY OF SEATTLE - (WA)|CITY OF TACOMA - (WA),0.0,-0.04886954706231235,Unknown/Not Researched
Thurston,Olympia,WA,98501.0,2021,CHEVROLET,BOLT EV,Battery Electric Vehicle (BEV),Eligibility unknown as battery range has not been researched,0,22.0,PUGET SOUND ENERGY INC,0.0,-0.36853767339064825,Unknown/Not Researched
Thurston,Olympia,WA,98506.0,2015,FIAT,500,Battery Electric Vehicle (BEV),Clean Alternative Fuel Vehicle Eligible,87,22.0,PUGET SOUND ENERGY INC,0.29692832764505117,-2.2865464313606636,Medium
Clark,Vancouver,WA,98664.0,2017,FORD,C-MAX,Plug-in Hybrid Electric Vehicle (PHEV),Not eligible due to low battery range,20,49.0,BONNEVILLE POWER ADMINISTRATION||PUD NO 1 OF CLARK COUNTY - (WA),0.06825938566552901,-1.647210178703992,Short
King,Bellevue,WA,98006.0,2023,LEXUS,RZ,Battery Electric Vehicle (BEV),Eligibility unknown as battery range has not been researched,0,41.0,PUGET SOUND ENERGY INC||CITY OF TACOMA - (WA),0.0,0.2707985792660235,Unknown/Not Researched
Clark,Camas,WA,98607.0,2025,RIVIAN,R1S,Battery Electric Vehicle (BEV),Eligibility unknown as battery range has not been researched,0,18.0,BONNEVILLE POWER ADMINISTRATION||PUD NO 1 OF CLARK COUNTY - (WA),0.0,0.9101348319226953,Unknown/Not Researched
King,Seattle,WA,98125.0,2017,MERCEDES-BENZ,GLE-CLASS,Plug-in Hybrid Electric Vehicle (PHEV),Not eligible due to low battery range,10,46.0,CITY OF SEATTLE - (WA)|CITY OF TACOMA - (WA),0.034129692832764506,-1.647210178703992,Short
Clark,Battle Ground,WA,98604.0,2023,TESLA,MODEL 3,Battery Electric Vehicle (BEV),Eligibility unknown as battery range has not been researched,0,18.0,BONNEVILLE POWER ADMINISTRATION||PUD NO 1 OF CLARK COUNTY - (WA),0.0,0.2707985792660235,Unknown/Not Researched
King,Redmond,WA,98052.0,2026,TESLA,MODEL Y,Battery Electric Vehicle (BEV),Eligibility unknown as battery range has not been researched,0,48.0,PUGET SOUND ENERGY INC||CITY OF TACOMA - (WA),0.0,1.2298029582510313,Unknown/Not Researched
King,Auburn,WA,98092.0,2023,RIVIAN,R1S,Battery Electric Vehicle (BEV),Eligibility unknown as battery range has not been researched,0,47.0,PUGET SOUND ENERGY INC||CITY OF TACOMA - (WA),0.0,0.2707985792660235,Unknown/Not Researched
King,Seattle,WA,98146.0,2026,LEXUS,RX,Plug-in Hybrid Electric Vehicle (PHEV),Clean Alternative Fuel Vehicle Eligible,38,34.0,CITY OF SEATTLE - (WA)|CITY OF TACOMA - (WA),0.1296928327645051,1.2298029582510313,Short
Snohomish,Lake Stevens,WA,98258.0,2021,TESLA,MODEL Y,Battery Electric Vehicle (BEV),Eligibility unknown as battery range has not been researched,0,44.0,PUGET SOUND ENERGY INC,0.0,-0.36853767339064825,Unknown/Not Researched
King,Kirkland,WA,98033.0,2026,TESLA,CYBERTRUCK,Battery Electric Vehicle (BEV),Eligibility unknown as battery range has not been researched,0,48.0,PUGET SOUND ENERGY INC||CITY OF TACOMA - (WA),0.0,1.2298029582510313,Unknown/Not Researched
King,Kirkland,WA,98034.0,2025,MAZDA,CX-70,Plug-in Hybrid Electric Vehicle (PHEV),Not eligible due to low battery range,26,45.0,PUGET SOUND ENERGY INC||CITY OF TACOMA - (WA),0.08873720136518772,0.9101348319226953,Short
King,Seattle,WA,98125.0,2019,AUDI,E-TRON,Battery Electric Vehicle (BEV),Clean Alternative Fuel Vehicle Eligible,204,46.0,CITY OF SEATTLE - (WA)|CITY OF TACOMA - (WA),0.6962457337883959,-1.00787392604732,Long
King,Kirkland,WA,98034.0,2022,TESLA,MODEL Y,Battery Electric Vehicle (BEV),Eligibility unknown as battery range has not been researched,0,45.0,PUGET SOUND ENERGY INC||CITY OF TACOMA - (WA),0.0,-0.04886954706231235,Unknown/Not Researched
Snohomish,Everett,WA,98208.0,2014,FORD,C-MAX,Plug-in Hybrid Electric Vehicle (PHEV),Not eligible due to low battery range,19,21.0,PUGET SOUND ENERGY INC,0.06484641638225255,-2.6062145576889995,Short
King,Seattle,WA,98133.0,2023,CHEVROLET,BOLT EV,Battery Electric Vehicle (BEV),Eligibility unknown as battery range has not been researched,0,46.0,CITY OF SEATTLE - (WA)|CITY OF TACOMA - (WA),0.0,0.2707985792660235,Unknown/Not Researched
King,Seattle,WA,98112.0,2021,BMW,I3,Battery Electric Vehicle (BEV),Eligibility unknown as battery range has not been researched,0,43.0,CITY OF SEATTLE - (WA)|CITY OF TACOMA - (WA),0.0,-0.36853767339064825,Unknown/Not Researched
King,Kirkland,WA,98034.0,2023,TESLA,MODEL 3,Battery Electric Vehicle (BEV),Eligibility unknown as battery range has not been researched,0,45.0,PUGET SOUND ENERGY INC||CITY OF TACOMA - (WA),0.0,0.2707985792660235,Unknown/Not Researched
King,Seattle,WA,98177.0,2021,TESLA,MODEL 3,Battery Electric Vehicle (BEV),Eligibility unknown as battery range has not been researched,0,32.0,CITY OF SEATTLE - (WA)|CITY OF TACOMA - (WA),0.0,-0.36853767339064825,Unknown/Not Researched
Clark,Vancouver,WA,98686.0,2025,HONDA,PROLOGUE,Battery Electric Vehicle (BEV),Eligibility unknown as battery range has not been researched,0,17.0,BONNEVILLE POWER ADMINISTRATION||PUD NO 1 OF CLARK COUNTY - (WA),0.0,0.9101348319226953,Unknown/Not Researched
King,Seattle,WA,98107.0,2025,RIVIAN,R1T,Battery Electric Vehicle (BEV),Eligibility unknown as battery range has not been researched,0,43.0,CITY OF SEATTLE - (WA)|CITY OF TACOMA - (WA),0.0,0.9101348319226953,Unknown/Not Researched
King,Seattle,WA,98144.0,2022,AUDI,Q4,Battery Electric Vehicle (BEV),Eligibility unknown as battery range has not been researched,0,37.0,CITY OF SEATTLE - (WA)|CITY OF TACOMA - (WA),0.0,-0.04886954706231235,Unknown/Not Researched
King,Kirkland,WA,98034.0,2023,TESLA,MODEL Y,Battery Electric Vehicle (BEV),Eligibility unknown as battery range has not been researched,0,1.0,PUGET SOUND ENERGY INC||CITY OF TACOMA - (WA),0.0,0.2707985792660235,Unknown/Not Researched
King,Seattle,WA,98178.0,2025,VOLVO,XC90,Plug-in Hybrid Electric Vehicle (PHEV),Clean Alternative Fuel Vehicle Eligible,32,37.0,PUGET SOUND ENERGY INC||CITY OF TACOMA - (WA),0.10921501706484642,0.9101348319226953,Short
King,Bellevue,WA,98004.0,2023,TESLA,MODEL S,Battery Electric Vehicle (BEV),Eligibility unknown as battery range has not been researched,0,41.0,PUGET SOUND ENERGY INC||CITY OF TACOMA - (WA),0.0,0.2707985792660235,Unknown/Not Researched
King,Seattle,WA,98144.0,2025,MERCEDES-BENZ,GLC-CLASS,Plug-in Hybrid Electric Vehicle (PHEV),Clean Alternative Fuel Vehicle Eligible,54,37.0,CITY OF SEATTLE - (WA)|CITY OF TACOMA - (WA),0.18430034129692832,0.9101348319226953,Medium
King,Burien,WA,98166.0,2018,CHRYSLER,PACIFICA,Plug-in Hybrid Electric Vehicle (PHEV),Clean Alternative Fuel Vehicle Eligible,33,34.0,PUGET SOUND ENERGY INC||CITY OF TACOMA - (WA),0.11262798634812286,-1.3275420523756558,Short
King,Seattle,WA,98107.0,2024,PORSCHE,MACAN,Battery Electric Vehicle (BEV),Clean Alternative Fuel Vehicle Eligible,288,36.0,CITY OF SEATTLE - (WA)|CITY OF TACOMA - (WA),0.9829351535836177,0.5904667055943594,Long
Snohomish,Lake Stevens,WA,98258.0,2024,TESLA,MODEL Y,Battery Electric Vehicle (BEV),Eligibility unknown as battery range has not been researched,0,44.0,PUGET SOUND ENERGY INC,0.0,0.5904667055943594,Unknown/Not Researched
Kitsap,Bainbridge Island,WA,98110.0,2023,TESLA,MODEL 3,Battery Electric Vehicle (BEV),Eligibility unknown as battery range has not been researched,0,23.0,PUGET SOUND ENERGY INC,0.0,0.2707985792660235,Unknown/Not Researched
King,Bellevue,WA,98008.0,2024,FORD,MUSTANG MACH-E,Battery Electric Vehicle (BEV),Eligibility unknown as battery range has not been researched,0,48.0,PUGET SOUND ENERGY INC||CITY OF TACOMA - (WA),0.0,0.5904667055943594,Unknown/Not Researched
Thurston,Olympia,WA,98502.0,2023,FORD,F-150,Battery Electric Vehicle (BEV),Eligibility unknown as battery range has not been researched,0,22.0,PUGET SOUND ENERGY INC,0.0,0.2707985792660235,Unknown/Not Researched
King,Bellevue,WA,98004.0,2025,TESLA,MODEL 3,Battery Electric Vehicle (BEV),Eligibility unknown as battery range has not been researched,0,48.0,PUGET SOUND ENERGY INC||CITY OF TACOMA - (WA),0.0,0.9101348319226953,Unknown/Not Researched
Cowlitz,Kalama,WA,98625.0,2026,HYUNDAI,IONIQ 5,Battery Electric Vehicle (BEV),Eligibility unknown as battery range has not been researched,0,20.0,BONNEVILLE POWER ADMINISTRATION||PUD NO 1 OF COWLITZ COUNTY,0.0,1.2298029582510313,Unknown/Not Researched
King,Kirkland,WA,98033.0,2025,TESLA,MODEL 3,Battery Electric Vehicle (BEV),Eligibility unknown as battery range has not been researched,0,48.0,PUGET SOUND ENERGY INC||CITY OF TACOMA - (WA),0.0,0.9101348319226953,Unknown/Not Researched
King,Seattle,WA,98177.0,2023,VOLKSWAGEN,ID.4,Battery Electric Vehicle (BEV),Eligibility unknown as battery range has not been researched,0,36.0,CITY OF SEATTLE - (WA)|CITY OF TACOMA - (WA),0.0,0.2707985792660235,Unknown/Not Researched
Kitsap,Poulsbo,WA,98370.0,2021,TESLA,MODEL 3,Battery Electric Vehicle (BEV),Eligibility unknown as battery range has not been researched,0,23.0,PUGET SOUND ENERGY INC,0.0,-0.36853767339064825,Unknown/Not Researched
Snohomish,Lynnwood,WA,98087.0,2024,TESLA,MODEL Y,Battery Electric Vehicle (BEV),Eligibility unknown as battery range has not been researched,0,21.0,PUGET SOUND ENERGY INC,0.0,0.5904667055943594,Unknown/Not Researched
King,Bellevue,WA,98008.0,2016,TESLA,MODEL X,Battery Electric Vehicle (BEV),Clean Alternative Fuel Vehicle Eligible,200,48.0,PUGET SOUND ENERGY INC||CITY OF TACOMA - (WA),0.6825938566552902,-1.9668783050323277,Long
King,Seattle,WA,98102.0,2025,PORSCHE,TAYCAN,Battery Electric Vehicle (BEV),Eligibility unknown as battery range has not been researched,0,43.0,CITY OF SEATTLE - (WA)|CITY OF TACOMA - (WA),0.0,0.9101348319226953,Unknown/Not Researched
King,Redmond,WA,98052.0,2023,TESLA,MODEL 3,Battery Electric Vehicle (BEV),Eligibility unknown as battery range has not been researched,0,45.0,PUGET SOUND ENERGY INC||CITY OF TACOMA - (WA),0.0,0.2707985792660235,Unknown/Not Researched
King,Clyde Hill,WA,98004.0,2025,NISSAN,LEAF,Battery Electric Vehicle (BEV),Eligibility unknown as battery range has not been researched,0,48.0,PUGET SOUND ENERGY INC||CITY OF TACOMA - (WA),0.0,0.9101348319226953,Unknown/Not Researched
Clark,Vancouver,WA,98682.0,2020,TESLA,MODEL Y,Battery Electric Vehicle (BEV),Clean Alternative Fuel Vehicle Eligible,291,17.0,BONNEVILLE POWER ADMINISTRATION||PUD NO 1 OF CLARK COUNTY - (WA),0.9931740614334471,-0.6882057997189841,Long
King,Redmond,WA,98052.0,2024,TESLA,MODEL 3,Battery Electric Vehicle (BEV),Eligibility unknown as battery range has not been researched,0,45.0,PUGET SOUND ENERGY INC||CITY OF TACOMA - (WA),0.0,0.5904667055943594,Unknown/Not Researched
King,Seattle,WA,98133.0,2025,TESLA,MODEL 3,Battery Electric Vehicle (BEV),Eligibility unknown as battery range has not been researched,0,46.0,CITY OF SEATTLE - (WA)|CITY OF TACOMA - (WA),0.0,0.9101348319226953,Unknown/Not Researched
King,Carnation,WA,98014.0,2023,TESLA,MODEL X,Battery Electric Vehicle (BEV),Eligibility unknown as battery range has not been researched,0,5.0,CITY OF TACOMA - (WA)||TANNER ELECTRIC COOP,0.0,0.2707985792660235,Unknown/Not Researched
Kitsap,Poulsbo,WA,98370.0,2024,KIA,SPORTAGE,Plug-in Hybrid Electric Vehicle (PHEV),Clean Alternative Fuel Vehicle Eligible,34,23.0,PUGET SOUND ENERGY INC,0.11604095563139932,0.5904667055943594,Short
Kitsap,Bremerton,WA,98310.0,2024,TOYOTA,PRIUS PRIME (PHEV),Plug-in Hybrid Electric Vehicle (PHEV),Clean Alternative Fuel Vehicle Eligible,39,23.0,PUGET SOUND ENERGY INC,0.13310580204778158,0.5904667055943594,Short
Kitsap,Bremerton,WA,98312.0,2022,FORD,TRANSIT,Battery Electric Vehicle (BEV),Eligibility unknown as battery range has not been researched,0,26.0,PUGET SOUND ENERGY INC,0.0,-0.04886954706231235,Unknown/Not Researched
King,Burien,WA,98148.0,2024,KIA,EV6,Battery Electric Vehicle (BEV),Eligibility unknown as battery range has not been researched,0,33.0,PUGET SOUND ENERGY INC||CITY OF TACOMA - (WA),0.0,0.5904667055943594,Unknown/Not Researched
King,Seattle,WA,98133.0,2022,TESLA,MODEL Y,Battery Electric Vehicle (BEV),Eligibility unknown as battery range has not been researched,0,46.0,CITY OF SEATTLE - (WA)|CITY OF TACOMA - (WA),0.0,-0.04886954706231235,Unknown/Not Researched
King,Kent,WA,98031.0,2024,HYUNDAI,KONA,Battery Electric Vehicle (BEV),Eligibility unknown as battery range has not been researched,0,47.0,PUGET SOUND ENERGY INC||CITY OF TACOMA - (WA),0.0,0.5904667055943594,Unknown/Not Researched
Clark,Vancouver,WA,98664.0,2016,BMW,X5,Plug-in Hybrid Electric Vehicle (PHEV),Not eligible due to low battery range,14,49.0,BONNEVILLE POWER ADMINISTRATION||PUD NO 1 OF CLARK COUNTY - (WA),0.04778156996587031,-1.9668783050323277,Short
King,Kent,WA,98042.0,2023,BMW,I4,Battery Electric Vehicle (BEV),Eligibility unknown as battery range has not been researched,0,47.0,PUGET SOUND ENERGY INC||CITY OF TACOMA - (WA),0.0,0.2707985792660235,Unknown/Not Researched
King,Kent,WA,98030.0,2019,TESLA,MODEL 3,Battery Electric Vehicle (BEV),Clean Alternative Fuel Vehicle Eligible,220,47.0,PUGET SOUND ENERGY INC||CITY OF TACOMA - (WA),0.7508532423208191,-1.00787392604732,Long
King,Bellevue,WA,98004.0,2025,CHEVROLET,EQUINOX,Battery Electric Vehicle (BEV),Eligibility unknown as battery range has not been researched,0,48.0,PUGET SOUND ENERGY INC||CITY OF TACOMA - (WA),0.0,0.9101348319226953,Unknown/Not Researched
King,Seattle,WA,98117.0,2022,CHEVROLET,BOLT EUV,Battery Electric Vehicle (BEV),Eligibility unknown as battery range has not been researched,0,36.0,CITY OF SEATTLE - (WA)|CITY OF TACOMA - (WA),0.0,-0.04886954706231235,Unknown/Not Researched
King,Renton,WA,98055.0,2024,HYUNDAI,IONIQ 5,Battery Electric Vehicle (BEV),Eligibility unknown as battery range has not been researched,0,11.0,PUGET SOUND ENERGY INC||CITY OF TACOMA - (WA),0.0,0.5904667055943594,Unknown/Not Researched
Yakima,Yakima,WA,98903.0,2016,CHEVROLET,SPARK,Battery Electric Vehicle (BEV),Clean Alternative Fuel Vehicle Eligible,82,14.0,PACIFICORP,0.27986348122866894,-1.9668783050323277,Medium
King,Seattle,WA,98125.0,2018,NISSAN,LEAF,Battery Electric Vehicle (BEV),Clean Alternative Fuel Vehicle Eligible,151,46.0,CITY OF SEATTLE - (WA)|CITY OF TACOMA - (WA),0.515358361774744,-1.3275420523756558,Long
Kitsap,Port Orchard,WA,98366.0,2015,CHEVROLET,VOLT,Plug-in Hybrid Electric Vehicle (PHEV),Clean Alternative Fuel Vehicle Eligible,38,26.0,PUGET SOUND ENERGY INC,0.1296928327645051,-2.2865464313606636,Short
King,Seattle,WA,98109.0,2023,TESLA,MODEL Y,Battery Electric Vehicle (BEV),Eligibility unknown as battery range has not been researched,0,36.0,CITY OF SEATTLE - (WA)|CITY OF TACOMA - (WA),0.0,0.2707985792660235,Unknown/Not Researched
King,Renton,WA,98058.0,2024,TESLA,MODEL 3,Battery Electric Vehicle (BEV),Eligibility unknown as battery range has not been researched,0,11.0,PUGET SOUND ENERGY INC||CITY OF TACOMA - (WA),0.0,0.5904667055943594,Unknown/Not Researched
King,Issaquah,WA,98029.0,2023,RIVIAN,R1S,Battery Electric Vehicle (BEV),Eligibility unknown as battery range has not been researched,0,5.0,PUGET SOUND ENERGY INC||CITY OF TACOMA - (WA),0.0,0.2707985792660235,Unknown/Not Researched
King,Redmond,WA,98052.0,2022,TESLA,MODEL Y,Battery Electric Vehicle (BEV),Eligibility unknown as battery range has not been researched,0,48.0,PUGET SOUND ENERGY INC||CITY OF TACOMA - (WA),0.0,-0.04886954706231235,Unknown/Not Researched
Snohomish,Mill Creek,WA,98012.0,2026,TESLA,MODEL Y,Battery Electric Vehicle (BEV),Eligibility unknown as battery range has not been researched,0,44.0,PUGET SOUND ENERGY INC,0.0,1.2298029582510313,Unknown/Not Researched
King,Bellevue,WA,98005.0,2026,BMW,I7,Battery Electric Vehicle (BEV),Eligibility unknown as battery range has not been researched,0,48.0,PUGET SOUND ENERGY INC||CITY OF TACOMA - (WA),0.0,1.2298029582510313,Unknown/Not Researched
King,Burien,WA,98166.0,2025,HYUNDAI,IONIQ 5,Battery Electric Vehicle (BEV),Eligibility unknown as battery range has not been researched,0,34.0,CITY OF SEATTLE - (WA)|CITY OF TACOMA - (WA),0.0,0.9101348319226953,Unknown/Not Researched
Clark,Vancouver,WA,98685.0,2025,MERCEDES-BENZ,G-CLASS,Battery Electric Vehicle (BEV),Eligibility unknown as battery range has not been researched,0,18.0,BONNEVILLE POWER ADMINISTRATION||PUD NO 1 OF CLARK COUNTY - (WA),0.0,0.9101348319226953,Unknown/Not Researched
Kitsap,Seabeck,WA,98380.0,2021,TESLA,MODEL Y,Battery Electric Vehicle (BEV),Eligibility unknown as battery range has not been researched,0,35.0,PUGET SOUND ENERGY INC,0.0,-0.36853767339064825,Unknown/Not Researched
King,Seattle,WA,98122.0,2013,NISSAN,LEAF,Battery Electric Vehicle (BEV),Clean Alternative Fuel Vehicle Eligible,75,37.0,CITY OF SEATTLE - (WA)|CITY OF TACOMA - (WA),0.25597269624573377,-2.9258826840173353,Medium
King,Shoreline,WA,98133.0,2019,VOLKSWAGEN,E-GOLF,Battery Electric Vehicle (BEV),Clean Alternative Fuel Vehicle Eligible,125,32.0,CITY OF SEATTLE - (WA)|CITY OF TACOMA - (WA),0.42662116040955633,-1.00787392604732,Medium
King,Redmond,WA,98052.0,2022,TOYOTA,PRIUS PRIME (PHEV),Plug-in Hybrid Electric Vehicle (PHEV),Not eligible due to low battery range,25,45.0,PUGET SOUND ENERGY INC||CITY OF TACOMA - (WA),0.08532423208191127,-0.04886954706231235,Short
King,Kirkland,WA,98034.0,2025,KIA,NIRO,Battery Electric Vehicle (BEV),Eligibility unknown as battery range has not been researched,0,1.0,PUGET SOUND ENERGY INC||CITY OF TACOMA - (WA),0.0,0.9101348319226953,Unknown/Not Researched
King,Renton,WA,98056.0,2026,TESLA,MODEL 3,Battery Electric Vehicle (BEV),Eligibility unknown as battery range has not been researched,0,41.0,PUGET SOUND ENERGY INC||CITY OF TACOMA - (WA),0.0,1.2298029582510313,Unknown/Not Researched
King,Bellevue,WA,98004.0,2021,TESLA,MODEL Y,Battery Electric Vehicle (BEV),Eligibility unknown as battery range has not been researched,0,48.0,PUGET SOUND ENERGY INC||CITY OF TACOMA - (WA),0.0,-0.36853767339064825,Unknown/Not Researched
King,Kenmore,WA,98028.0,2019,TESLA,MODEL 3,Battery Electric Vehicle (BEV),Clean Alternative Fuel Vehicle Eligible,220,46.0,PUGET SOUND ENERGY INC||CITY OF TACOMA - (WA),0.7508532423208191,-1.00787392604732,Long
King,Kirkland,WA,98034.0,2024,RIVIAN,R1S,Battery Electric Vehicle (BEV),Eligibility unknown as battery range has not been researched,0,1.0,PUGET SOUND ENERGY INC||CITY OF TACOMA - (WA),0.0,0.5904667055943594,Unknown/Not Researched
King,Redmond,WA,98052.0,2023,TESLA,MODEL Y,Battery Electric Vehicle (BEV),Eligibility unknown as battery range has not been researched,0,45.0,PUGET SOUND ENERGY INC||CITY OF TACOMA - (WA),0.0,0.2707985792660235,Unknown/Not Researched
King,Kent,WA,98030.0,2021,AUDI,E-TRON SPORTBACK,Battery Electric Vehicle (BEV),Clean Alternative Fuel Vehicle Eligible,218,47.0,PUGET SOUND ENERGY INC||CITY OF TACOMA - (WA),0.7440273037542662,-0.36853767339064825,Long
Clark,Vancouver,WA,98662.0,2019,CHEVROLET,BOLT EV,Battery Electric Vehicle (BEV),Clean Alternative Fuel Vehicle Eligible,238,17.0,BONNEVILLE POWER ADMINISTRATION||PUD NO 1 OF CLARK COUNTY - (WA),0.8122866894197952,-1.00787392604732,Long
King,Kirkland,WA,98033.0,2018,TESLA,MODEL 3,Battery Electric Vehicle (BEV),Clean Alternative Fuel Vehicle Eligible,215,48.0,PUGET SOUND ENERGY INC||CITY OF TACOMA - (WA),0.7337883959044369,-1.3275420523756558,Long
King,Kent,WA,98031.0,2019,TESLA,MODEL 3,Battery Electric Vehicle (BEV),Clean Alternative Fuel Vehicle Eligible,220,47.0,PUGET SOUND ENERGY INC||CITY OF TACOMA - (WA),0.7508532423208191,-1.00787392604732,Long
King,Kent,WA,98031.0,2023,TESLA,MODEL Y,Battery Electric Vehicle (BEV),Eligibility unknown as battery range has not been researched,0,47.0,PUGET SOUND ENERGY INC||CITY OF TACOMA - (WA),0.0,0.2707985792660235,Unknown/Not Researched
King,Bellevue,WA,98004.0,2025,BMW,I5,Battery Electric Vehicle (BEV),Eligibility unknown as battery range has not been researched,0,41.0,PUGET SOUND ENERGY INC||CITY OF TACOMA - (WA),0.0,0.9101348319226953,Unknown/Not Researched
King,Kirkland,WA,98033.0,2026,BMW,X5,Plug-in Hybrid Electric Vehicle (PHEV),Clean Alternative Fuel Vehicle Eligible,38,48.0,PUGET SOUND ENERGY INC||CITY OF TACOMA - (WA),0.1296928327645051,1.2298029582510313,Short
Island,Oak Harbor,WA,98277.0,2024,VOLKSWAGEN,ID.4,Battery Electric Vehicle (BEV),Eligibility unknown as battery range has not been researched,0,10.0,PUGET SOUND ENERGY INC,0.0,0.5904667055943594,Unknown/Not Researched
King,Bellevue,WA,98007.0,2025,TESLA,MODEL Y,Battery Electric Vehicle (BEV),Eligibility unknown as battery range has not been researched,0,48.0,PUGET SOUND ENERGY INC||CITY OF TACOMA - (WA),0.0,0.9101348319226953,Unknown/Not Researched
King,Seattle,WA,98125.0,2024,MAZDA,CX-90,Plug-in Hybrid Electric Vehicle (PHEV),Not eligible due to low battery range,26,46.0,CITY OF SEATTLE - (WA)|CITY OF TACOMA - (WA),0.08873720136518772,0.5904667055943594,Short
King,Redmond,WA,98052.0,2020,TESLA,MODEL X,Battery Electric Vehicle (BEV),Clean Alternative Fuel Vehicle Eligible,293,48.0,PUGET SOUND ENERGY INC||CITY OF TACOMA - (WA),1.0,-0.6882057997189841,Long
Kitsap,Silverdale,WA,98383.0,2024,FORD,MUSTANG MACH-E,Battery Electric Vehicle (BEV),Eligibility unknown as battery range has not been researched,0,23.0,PUGET SOUND ENERGY INC,0.0,0.5904667055943594,Unknown/Not Researched
King,Bothell,WA,98011.0,2018,CHEVROLET,VOLT,Plug-in Hybrid Electric Vehicle (PHEV),Clean Alternative Fuel Vehicle Eligible,53,1.0,PUGET SOUND ENERGY INC||CITY OF TACOMA - (WA),0.18088737201365188,-1.3275420523756558,Medium
King,Kirkland,WA,98033.0,2022,TESLA,MODEL 3,Battery Electric Vehicle (BEV),Eligibility unknown as battery range has not been researched,0,45.0,PUGET SOUND ENERGY INC||CITY OF TACOMA - (WA),0.0,-0.04886954706231235,Unknown/Not Researched
King,Shoreline,WA,98133.0,2014,BMW,I3,Battery Electric Vehicle (BEV),Clean Alternative Fuel Vehicle Eligible,81,32.0,CITY OF SEATTLE - (WA)|CITY OF TACOMA - (WA),0.2764505119453925,-2.6062145576889995,Medium
King,Kent,WA,98031.0,2023,TESLA,MODEL Y,Battery Electric Vehicle (BEV),Eligibility unknown as battery range has not been researched,0,47.0,PUGET SOUND ENERGY INC||CITY OF TACOMA - (WA),0.0,0.2707985792660235,Unknown/Not Researched
Clark,Vancouver,WA,98685.0,2022,TESLA,MODEL X,Battery Electric Vehicle (BEV),Eligibility unknown as battery range has not been researched,0,18.0,BONNEVILLE POWER ADMINISTRATION||PUD NO 1 OF CLARK COUNTY - (WA),0.0,-0.04886954706231235,Unknown/Not Researched
Clark,Vancouver,WA,98665.0,2020,TESLA,MODEL Y,Battery Electric Vehicle (BEV),Clean Alternative Fuel Vehicle Eligible,291,49.0,BONNEVILLE POWER ADMINISTRATION||PUD NO 1 OF CLARK COUNTY - (WA),0.9931740614334471,-0.6882057997189841,Long
King,Bellevue,WA,98006.0,2024,TESLA,MODEL 3,Battery Electric Vehicle (BEV),Eligibility unknown as battery range has not been researched,0,41.0,PUGET SOUND ENERGY INC||CITY OF TACOMA - (WA),0.0,0.5904667055943594,Unknown/Not Researched
King,Des Moines,WA,98198.0,2025,CADILLAC,OPTIQ,Battery Electric Vehicle (BEV),Eligibility unknown as battery range has not been researched,0,33.0,PUGET SOUND ENERGY INC||CITY OF TACOMA - (WA),0.0,0.9101348319226953,Unknown/Not Researched
King,Seattle,WA,98112.0,2022,CHEVROLET,BOLT EV,Battery Electric Vehicle (BEV),Eligibility unknown as battery range has not been researched,0,43.0,CITY OF SEATTLE - (WA)|CITY OF TACOMA - (WA),0.0,-0.04886954706231235,Unknown/Not Researched
King,Renton,WA,98055.0,2024,TESLA,MODEL Y,Battery Electric Vehicle (BEV),Eligibility unknown as battery range has not been researched,0,11.0,PUGET SOUND ENERGY INC||CITY OF TACOMA - (WA),0.0,0.5904667055943594,Unknown/Not Researched
King,Seattle,WA,98178.0,2025,TESLA,MODEL 3,Battery Electric Vehicle (BEV),Eligibility unknown as battery range has not been researched,0,37.0,CITY OF SEATTLE - (WA)|CITY OF TACOMA - (WA),0.0,0.9101348319226953,Unknown/Not Researched
King,Kirkland,WA,98033.0,2024,TESLA,CYBERTRUCK,Battery Electric Vehicle (BEV),Eligibility unknown as battery range has not been researched,0,48.0,PUGET SOUND ENERGY INC||CITY OF TACOMA - (WA),0.0,0.5904667055943594,Unknown/Not Researched
King,Kirkland,WA,98033.0,2022,TESLA,MODEL Y,Battery Electric Vehicle (BEV),Eligibility unknown as battery range has not been researched,0,45.0,PUGET SOUND ENERGY INC||CITY OF TACOMA - (WA),0.0,-0.04886954706231235,Unknown/Not Researched
Thurston,Olympia,WA,98506.0,2024,HYUNDAI,IONIQ 5,Battery Electric Vehicle (BEV),Eligibility unknown as battery range has not been researched,0,22.0,PUGET SOUND ENERGY INC,0.0,0.5904667055943594,Unknown/Not Researched
King,Seattle,WA,98125.0,2023,CHEVROLET,BOLT EV,Battery Electric Vehicle (BEV),Eligibility unknown as battery range has not been researched,0,46.0,CITY OF SEATTLE - (WA)|CITY OF TACOMA - (WA),0.0,0.2707985792660235,Unknown/Not Researched
King,Federal Way,WA,98023.0,2018,TESLA,MODEL X,Battery Electric Vehicle (BEV),Clean Alternative Fuel Vehicle Eligible,238,30.0,PUGET SOUND ENERGY INC||CITY OF TACOMA - (WA),0.8122866894197952,-1.3275420523756558,Long
King,Bothell,WA,98011.0,2017,TESLA,MODEL X,Battery Electric Vehicle (BEV),Clean Alternative Fuel Vehicle Eligible,200,1.0,PUGET SOUND ENERGY INC||CITY OF TACOMA - (WA),0.6825938566552902,-1.647210178703992,Long
King,Redmond,WA,98052.0,2023,TESLA,MODEL Y,Battery Electric Vehicle (BEV),Eligibility unknown as battery range has not been researched,0,45.0,PUGET SOUND ENERGY INC||CITY OF TACOMA - (WA),0.0,0.2707985792660235,Unknown/Not Researched
King,Redmond,WA,98052.0,2023,TESLA,MODEL Y,Battery Electric Vehicle (BEV),Eligibility unknown as battery range has not been researched,0,48.0,PUGET SOUND ENERGY INC||CITY OF TACOMA - (WA),0.0,0.2707985792660235,Unknown/Not Researched
King,Redmond,WA,98052.0,2015,TESLA,MODEL S,Battery Electric Vehicle (BEV),Clean Alternative Fuel Vehicle Eligible,208,45.0,PUGET SOUND ENERGY INC||CITY OF TACOMA - (WA),0.7098976109215017,-2.2865464313606636,Long
Snohomish,Mukilteo,WA,98275.0,2019,TESLA,MODEL S,Battery Electric Vehicle (BEV),Clean Alternative Fuel Vehicle Eligible,270,21.0,PUGET SOUND ENERGY INC,0.9215017064846417,-1.00787392604732,Long
King,Renton,WA,98055.0,2023,BMW,X5,Plug-in Hybrid Electric Vehicle (PHEV),Clean Alternative Fuel Vehicle Eligible,30,33.0,PUGET SOUND ENERGY INC||CITY OF TACOMA - (WA),0.10238907849829351,0.2707985792660235,Short
King,Redmond,WA,98052.0,2015,NISSAN,LEAF,Battery Electric Vehicle (BEV),Clean Alternative Fuel Vehicle Eligible,84,45.0,PUGET SOUND ENERGY INC||CITY OF TACOMA - (WA),0.28668941979522183,-2.2865464313606636,Medium
Kitsap,Port Orchard,WA,98367.0,2016,TESLA,MODEL S,Battery Electric Vehicle (BEV),Clean Alternative Fuel Vehicle Eligible,210,26.0,PUGET SOUND ENERGY INC,0.7167235494880546,-1.9668783050323277,Long
King,Bothell,WA,98011.0,2025,CHEVROLET,EQUINOX,Battery Electric Vehicle (BEV),Eligibility unknown as battery range has not been researched,0,1.0,PUGET SOUND ENERGY INC||CITY OF TACOMA - (WA),0.0,0.9101348319226953,Unknown/Not Researched
Kitsap,Bainbridge Island,WA,98110.0,2022,TESLA,MODEL 3,Battery Electric Vehicle (BEV),Eligibility unknown as battery range has not been researched,0,23.0,PUGET SOUND ENERGY INC,0.0,-0.04886954706231235,Unknown/Not Researched
King,Shoreline,WA,98133.0,2024,CHEVROLET,EQUINOX,Battery Electric Vehicle (BEV),Eligibility unknown as battery range has not been researched,0,32.0,CITY OF SEATTLE - (WA)|CITY OF TACOMA - (WA),0.0,0.5904667055943594,Unknown/Not Researched
Thurston,Yelm,WA,98597.0,2025,TESLA,MODEL 3,Battery Electric Vehicle (BEV),Eligibility unknown as battery range has not been researched,0,2.0,PUGET SOUND ENERGY INC,0.0,0.9101348319226953,Unknown/Not Researched
Thurston,Olympia,WA,98513.0,2023,TESLA,MODEL 3,Battery Electric Vehicle (BEV),Eligibility unknown as battery range has not been researched,0,2.0,PUGET SOUND ENERGY INC,0.0,0.2707985792660235,Unknown/Not Researched
King,Seattle,WA,98125.0,2021,AUDI,Q5 E,Plug-in Hybrid Electric Vehicle (PHEV),Not eligible due to low battery range,18,46.0,CITY OF SEATTLE - (WA)|CITY OF TACOMA - (WA),0.06143344709897611,-0.36853767339064825,Short
Clark,Vancouver,WA,98662.0,2023,VOLKSWAGEN,ID.4,Battery Electric Vehicle (BEV),Eligibility unknown as battery range has not been researched,0,17.0,BONNEVILLE POWER ADMINISTRATION||PUD NO 1 OF CLARK COUNTY - (WA),0.0,0.2707985792660235,Unknown/Not Researched
King,Bellevue,WA,98005.0,2023,TOYOTA,RAV4 PRIME (PHEV),Plug-in Hybrid Electric Vehicle (PHEV),Clean Alternative Fuel Vehicle Eligible,42,48.0,PUGET SOUND ENERGY INC||CITY OF TACOMA - (WA),0.14334470989761092,0.2707985792660235,Short
King,Seattle,WA,98102.0,2024,TESLA,MODEL Y,Battery Electric Vehicle (BEV),Eligibility unknown as battery range has not been researched,0,43.0,CITY OF SEATTLE - (WA)|CITY OF TACOMA - (WA),0.0,0.5904667055943594,Unknown/Not Researched
King,Bellevue,WA,98008.0,2012,TOYOTA,PRIUS,Plug-in Hybrid Electric Vehicle (PHEV),Not eligible due to low battery range,6,48.0,PUGET SOUND ENERGY INC||CITY OF TACOMA - (WA),0.020477815699658702,-3.245550810345671,Short
King,Bellevue,WA,98004.0,2026,TESLA,MODEL Y,Battery Electric Vehicle (BEV),Eligibility unknown as battery range has not been researched,0,48.0,PUGET SOUND ENERGY INC||CITY OF TACOMA - (WA),0.0,1.2298029582510313,Unknown/Not Researched
King,Woodinville,WA,98072.0,2023,VOLKSWAGEN,ID.4,Battery Electric Vehicle (BEV),Eligibility unknown as battery range has not been researched,0,45.0,PUGET SOUND ENERGY INC||CITY OF TACOMA - (WA),0.0,0.2707985792660235,Unknown/Not Researched
King,Kirkland,WA,98033.0,2021,TESLA,MODEL Y,Battery Electric Vehicle (BEV),Eligibility unknown as battery range has not been researched,0,48.0,PUGET SOUND ENERGY INC||CITY OF TACOMA - (WA),0.0,-0.36853767339064825,Unknown/Not Researched
Clark,Vancouver,WA,98686.0,2023,TESLA,MODEL Y,Battery Electric Vehicle (BEV),Eligibility unknown as battery range has not been researched,0,17.0,BONNEVILLE POWER ADMINISTRATION||PUD NO 1 OF CLARK COUNTY - (WA),0.0,0.2707985792660235,Unknown/Not Researched
King,Kirkland,WA,98033.0,2023,BMW,I4,Battery Electric Vehicle (BEV),Eligibility unknown as battery range has not been researched,0,48.0,PUGET SOUND ENERGY INC||CITY OF TACOMA - (WA),0.0,0.2707985792660235,Unknown/Not Researched
Kitsap,Silverdale,WA,98383.0,2024,TESLA,CYBERTRUCK,Battery Electric Vehicle (BEV),Eligibility unknown as battery range has not been researched,0,23.0,PUGET SOUND ENERGY INC,0.0,0.5904667055943594,Unknown/Not Researched
King,Auburn,WA,98092.0,2021,CHEVROLET,BOLT EV,Battery Electric Vehicle (BEV),Eligibility unknown as battery range has not been researched,0,31.0,PUGET SOUND ENERGY INC||CITY OF TACOMA - (WA),0.0,-0.36853767339064825,Unknown/Not Researched
King,Renton,WA,98055.0,2024,TESLA,MODEL Y,Battery Electric Vehicle (BEV),Eligibility unknown as battery range has not been researched,0,11.0,PUGET SOUND ENERGY INC||CITY OF TACOMA - (WA),0.0,0.5904667055943594,Unknown/Not Researched
King,Duvall,WA,98019.0,2014,CHEVROLET,VOLT,Plug-in Hybrid Electric Vehicle (PHEV),Clean Alternative Fuel Vehicle Eligible,38,45.0,PUGET SOUND ENERGY INC||CITY OF TACOMA - (WA),0.1296928327645051,-2.6062145576889995,Short
King,Seattle,WA,98122.0,2024,TOYOTA,RAV4 PRIME (PHEV),Plug-in Hybrid Electric Vehicle (PHEV),Clean Alternative Fuel Vehicle Eligible,42,37.0,CITY OF SEATTLE - (WA)|CITY OF TACOMA - (WA),0.14334470989761092,0.5904667055943594,Short
Clark,Vancouver,WA,98664.0,2024,ACURA,ZDX,Battery Electric Vehicle (BEV),Eligibility unknown as battery range has not been researched,0,49.0,BONNEVILLE POWER ADMINISTRATION||PUD NO 1 OF CLARK COUNTY - (WA),0.0,0.5904667055943594,Unknown/Not Researched
King,Seattle,WA,98103.0,2026,TESLA,MODEL Y,Battery Electric Vehicle (BEV),Eligibility unknown as battery range has not been researched,0,43.0,CITY OF SEATTLE - (WA)|CITY OF TACOMA - (WA),0.0,1.2298029582510313,Unknown/Not Researched
King,Redmond,WA,98052.0,2023,TESLA,MODEL Y,Battery Electric Vehicle (BEV),Eligibility unknown as battery range has not been researched,0,48.0,PUGET SOUND ENERGY INC||CITY OF TACOMA - (WA),0.0,0.2707985792660235,Unknown/Not Researched
Snohomish,Everett,WA,98203.0,2021,VOLVO,XC60,Plug-in Hybrid Electric Vehicle (PHEV),Not eligible due to low battery range,18,38.0,PUGET SOUND ENERGY INC,0.06143344709897611,-0.36853767339064825,Short
King,Shoreline,WA,98177.0,2026,TESLA,MODEL Y,Battery Electric Vehicle (BEV),Eligibility unknown as battery range has not been researched,0,32.0,CITY OF SEATTLE - (WA)|CITY OF TACOMA - (WA),0.0,1.2298029582510313,Unknown/Not Researched
King,Kent,WA,98030.0,2026,TESLA,MODEL Y,Battery Electric Vehicle (BEV),Eligibility unknown as battery range has not been researched,0,33.0,PUGET SOUND ENERGY INC||CITY OF TACOMA - (WA),0.0,1.2298029582510313,Unknown/Not Researched
King,Bellevue,WA,98004.0,2024,MERCEDES-BENZ,EQE-CLASS SEDAN,Battery Electric Vehicle (BEV),Eligibility unknown as battery range has not been researched,0,48.0,PUGET SOUND ENERGY INC||CITY OF TACOMA - (WA),0.0,0.5904667055943594,Unknown/Not Researched
King,Seattle,WA,98125.0,2023,HYUNDAI,KONA,Battery Electric Vehicle (BEV),Eligibility unknown as battery range has not been researched,0,46.0,CITY OF SEATTLE - (WA)|CITY OF TACOMA - (WA),0.0,0.2707985792660235,Unknown/Not Researched
King,Bothell,WA,98011.0,2021,TESLA,MODEL Y,Battery Electric Vehicle (BEV),Eligibility unknown as battery range has not been researched,0,1.0,PUGET SOUND ENERGY INC||CITY OF TACOMA - (WA),0.0,-0.36853767339064825,Unknown/Not Researched
King,Seattle,WA,98125.0,2018,HONDA,CLARITY,Plug-in Hybrid Electric Vehicle (PHEV),Clean Alternative Fuel Vehicle Eligible,47,46.0,CITY OF SEATTLE - (WA)|CITY OF TACOMA - (WA),0.16040955631399317,-1.3275420523756558,Short
Snohomish,Everett,WA,98208.0,2021,AUDI,Q5 E,Plug-in Hybrid Electric Vehicle (PHEV),Not eligible due to low battery range,18,44.0,PUGET SOUND ENERGY INC,0.06143344709897611,-0.36853767339064825,Short
King,Duvall,WA,98019.0,2023,SUBARU,SOLTERRA,Battery Electric Vehicle (BEV),Eligibility unknown as battery range has not been researched,0,45.0,PUGET SOUND ENERGY INC||CITY OF TACOMA - (WA),0.0,0.2707985792660235,Unknown/Not Researched
Clark,Vancouver,WA,98686.0,2018,TESLA,MODEL S,Battery Electric Vehicle (BEV),Clean Alternative Fuel Vehicle Eligible,249,49.0,BONNEVILLE POWER ADMINISTRATION||PUD NO 1 OF CLARK COUNTY - (WA),0.8498293515358362,-1.3275420523756558,Long
Kitsap,Port Orchard,WA,98366.0,2016,BMW,I3,Plug-in Hybrid Electric Vehicle (PHEV),Clean Alternative Fuel Vehicle Eligible,72,26.0,PUGET SOUND ENERGY INC,0.24573378839590443,-1.9668783050323277,Medium
King,Renton,WA,98059.0,2024,GENESIS,GV60,Battery Electric Vehicle (BEV),Eligibility unknown as battery range has not been researched,0,11.0,PUGET SOUND ENERGY INC||CITY OF TACOMA - (WA),0.0,0.5904667055943594,Unknown/Not Researched
King,Burien,WA,98168.0,2024,CHEVROLET,SILVERADO,Battery Electric Vehicle (BEV),Eligibility unknown as battery range has not been researched,0,33.0,CITY OF SEATTLE - (WA)|CITY OF TACOMA - (WA),0.0,0.5904667055943594,Unknown/Not Researched
King,Seattle,WA,98112.0,2022,TESLA,MODEL Y,Battery Electric Vehicle (BEV),Eligibility unknown as battery range has not been researched,0,43.0,CITY OF SEATTLE - (WA)|CITY OF TACOMA - (WA),0.0,-0.04886954706231235,Unknown/Not Researched
King,Seattle,WA,98177.0,2023,HYUNDAI,IONIQ 5,Battery Electric Vehicle (BEV),Eligibility unknown as battery range has not been researched,0,36.0,CITY OF SEATTLE - (WA)|CITY OF TACOMA - (WA),0.0,0.2707985792660235,Unknown/Not Researched
King,Seattle,WA,98177.0,2018,TESLA,MODEL S,Battery Electric Vehicle (BEV),Clean Alternative Fuel Vehicle Eligible,249,32.0,CITY OF SEATTLE - (WA)|CITY OF TACOMA - (WA),0.8498293515358362,-1.3275420523756558,Long
King,Kirkland,WA,98033.0,2023,TESLA,MODEL Y,Battery Electric Vehicle (BEV),Eligibility unknown as battery range has not been researched,0,48.0,PUGET SOUND ENERGY INC||CITY OF TACOMA - (WA),0.0,0.2707985792660235,Unknown/Not Researched
King,Bothell,WA,98011.0,2026,KIA,SORENTO,Plug-in Hybrid Electric Vehicle (PHEV),Clean Alternative Fuel Vehicle Eligible,30,1.0,PUGET SOUND ENERGY INC||CITY OF TACOMA - (WA),0.10238907849829351,1.2298029582510313,Short
King,Redmond,WA,98052.0,2023,TESLA,MODEL 3,Battery Electric Vehicle (BEV),Eligibility unknown as battery range has not been researched,0,45.0,PUGET SOUND ENERGY INC||CITY OF TACOMA - (WA),0.0,0.2707985792660235,Unknown/Not Researched
King,Newcastle,WA,98059.0,2023,TESLA,MODEL Y,Battery Electric Vehicle (BEV),Eligibility unknown as battery range has not been researched,0,41.0,PUGET SOUND ENERGY INC||CITY OF TACOMA - (WA),0.0,0.2707985792660235,Unknown/Not Researched
King,Bellevue,WA,98004.0,2021,TESLA,MODEL 3,Battery Electric Vehicle (BEV),Eligibility unknown as battery range has not been researched,0,41.0,PUGET SOUND ENERGY INC||CITY OF TACOMA - (WA),0.0,-0.36853767339064825,Unknown/Not Researched
King,Sammamish,WA,98074.0,2023,TESLA,MODEL Y,Battery Electric Vehicle (BEV),Eligibility unknown as battery range has not been researched,0,45.0,PUGET SOUND ENERGY INC||CITY OF TACOMA - (WA),0.0,0.2707985792660235,Unknown/Not Researched
King,Seattle,WA,98133.0,2018,TESLA,MODEL 3,Battery Electric Vehicle (BEV),Clean Alternative Fuel Vehicle Eligible,215,46.0,CITY OF SEATTLE - (WA)|CITY OF TACOMA - (WA),0.7337883959044369,-1.3275420523756558,Long
King,Renton,WA,98056.0,2020,TESLA,MODEL Y,Battery Electric Vehicle (BEV),Clean Alternative Fuel Vehicle Eligible,291,41.0,PUGET SOUND ENERGY INC||CITY OF TACOMA - (WA),0.9931740614334471,-0.6882057997189841,Long
King,Bellevue,WA,98004.0,2026,TESLA,MODEL Y,Battery Electric Vehicle (BEV),Eligibility unknown as battery range has not been researched,0,41.0,PUGET SOUND ENERGY INC||CITY OF TACOMA - (WA),0.0,1.2298029582510313,Unknown/Not Researched
King,Renton,WA,98056.0,2023,TESLA,MODEL Y,Battery Electric Vehicle (BEV),Eligibility unknown as battery range has not been researched,0,11.0,PUGET SOUND ENERGY INC||CITY OF TACOMA - (WA),0.0,0.2707985792660235,Unknown/Not Researched
King,Seattle,WA,98125.0,2026,TESLA,MODEL 3,Battery Electric Vehicle (BEV),Eligibility unknown as battery range has not been researched,0,46.0,CITY OF SEATTLE - (WA)|CITY OF TACOMA - (WA),0.0,1.2298029582510313,Unknown/Not Researched
King,Seattle,WA,98103.0,2022,TOYOTA,RAV4 PRIME (PHEV),Plug-in Hybrid Electric Vehicle (PHEV),Clean Alternative Fuel Vehicle Eligible,42,43.0,CITY OF SEATTLE - (WA)|CITY OF TACOMA - (WA),0.14334470989761092,-0.04886954706231235,Short
Clark,Vancouver,WA,98685.0,2025,HYUNDAI,IONIQ 5,Battery Electric Vehicle (BEV),Eligibility unknown as battery range has not been researched,0,18.0,BONNEVILLE POWER ADMINISTRATION||PUD NO 1 OF CLARK COUNTY - (WA),0.0,0.9101348319226953,Unknown/Not Researched
King,Kent,WA,98032.0,2024,BMW,I4,Battery Electric Vehicle (BEV),Eligibility unknown as battery range has not been researched,0,33.0,PUGET SOUND ENERGY INC||CITY OF TACOMA - (WA),0.0,0.5904667055943594,Unknown/Not Researched
King,Auburn,WA,98092.0,2025,HONDA,PROLOGUE,Battery Electric Vehicle (BEV),Eligibility unknown as battery range has not been researched,0,47.0,PUGET SOUND ENERGY INC||CITY OF TACOMA - (WA),0.0,0.9101348319226953,Unknown/Not Researched
King,Kirkland,WA,98034.0,2025,JEEP,WAGONEER S,Battery Electric Vehicle (BEV),Eligibility unknown as battery range has not been researched,0,45.0,PUGET SOUND ENERGY INC||CITY OF TACOMA - (WA),0.0,0.9101348319226953,Unknown/Not Researched
King,Auburn,WA,98002.0,2026,LEXUS,RZ,Battery Electric Vehicle (BEV),Eligibility unknown as battery range has not been researched,0,47.0,PUGET SOUND ENERGY INC||CITY OF TACOMA - (WA),0.0,1.2298029582510313,Unknown/Not Researched
Thurston,Lacey,WA,98516.0,2020,TESLA,MODEL X,Battery Electric Vehicle (BEV),Clean Alternative Fuel Vehicle Eligible,293,22.0,PUGET SOUND ENERGY INC,1.0,-0.6882057997189841,Long
King,Bellevue,WA,98006.0,2025,TESLA,CYBERTRUCK,Battery Electric Vehicle (BEV),Eligibility unknown as battery range has not been researched,0,41.0,PUGET SOUND ENERGY INC||CITY OF TACOMA - (WA),0.0,0.9101348319226953,Unknown/Not Researched
King,Seattle,WA,98177.0,2020,BMW,I3,Plug-in Hybrid Electric Vehicle (PHEV),Clean Alternative Fuel Vehicle Eligible,126,36.0,CITY OF SEATTLE - (WA)|CITY OF TACOMA - (WA),0.4300341296928328,-0.6882057997189841,Medium
King,Kirkland,WA,98033.0,2018,HONDA,CLARITY,Plug-in Hybrid Electric Vehicle (PHEV),Clean Alternative Fuel Vehicle Eligible,47,48.0,PUGET SOUND ENERGY INC||CITY OF TACOMA - (WA),0.16040955631399317,-1.3275420523756558,Short
Kitsap,Port Orchard,WA,98367.0,2026,TESLA,MODEL Y,Battery Electric Vehicle (BEV),Eligibility unknown as battery range has not been researched,0,35.0,PUGET SOUND ENERGY INC,0.0,1.2298029582510313,Unknown/Not Researched
King,Pacific,WA,98047.0,2020,TESLA,MODEL Y,Battery Electric Vehicle (BEV),Clean Alternative Fuel Vehicle Eligible,291,30.0,PUGET SOUND ENERGY INC||CITY OF TACOMA - (WA),0.9931740614334471,-0.6882057997189841,Long
Snohomish,Bothell,WA,98012.0,2022,TESLA,MODEL Y,Battery Electric Vehicle (BEV),Eligibility unknown as battery range has not been researched,0,1.0,PUGET SOUND ENERGY INC,0.0,-0.04886954706231235,Unknown/Not Researched
King,Kirkland,WA,98034.0,2019,CHEVROLET,BOLT EV,Battery Electric Vehicle (BEV),Clean Alternative Fuel Vehicle Eligible,238,45.0,PUGET SOUND ENERGY INC||CITY OF TACOMA - (WA),0.8122866894197952,-1.00787392604732,Long
Clark,Woodland,WA,98674.0,2023,TESLA,MODEL 3,Battery Electric Vehicle (BEV),Eligibility unknown as battery range has not been researched,0,20.0,BONNEVILLE POWER ADMINISTRATION||PUD NO 1 OF CLARK COUNTY - (WA),0.0,0.2707985792660235,Unknown/Not Researched
King,Kirkland,WA,98033.0,2025,LAND ROVER,RANGE ROVER SPORT,Plug-in Hybrid Electric Vehicle (PHEV),Clean Alternative Fuel Vehicle Eligible,60,45.0,PUGET SOUND ENERGY INC||CITY OF TACOMA - (WA),0.20477815699658702,0.9101348319226953,Medium
King,Bothell,WA,98011.0,2018,TESLA,MODEL 3,Battery Electric Vehicle (BEV),Clean Alternative Fuel Vehicle Eligible,215,1.0,PUGET SOUND ENERGY INC||CITY OF TACOMA - (WA),0.7337883959044369,-1.3275420523756558,Long
King,Bellevue,WA,98005.0,2026,TESLA,MODEL Y,Battery Electric Vehicle (BEV),Eligibility unknown as battery range has not been researched,0,48.0,PUGET SOUND ENERGY INC||CITY OF TACOMA - (WA),0.0,1.2298029582510313,Unknown/Not Researched
King,Kent,WA,98030.0,2024,TESLA,MODEL Y,Battery Electric Vehicle (BEV),Eligibility unknown as battery range has not been researched,0,33.0,PUGET SOUND ENERGY INC||CITY OF TACOMA - (WA),0.0,0.5904667055943594,Unknown/Not Researched
King,Kirkland,WA,98033.0,2018,TESLA,MODEL S,Battery Electric Vehicle (BEV),Clean Alternative Fuel Vehicle Eligible,249,48.0,PUGET SOUND ENERGY INC||CITY OF TACOMA - (WA),0.8498293515358362,-1.3275420523756558,Long
King,Beaux Arts,WA,98004.0,2023,RIVIAN,R1S,Battery Electric Vehicle (BEV),Eligibility unknown as battery range has not been researched,0,41.0,PUGET SOUND ENERGY INC||CITY OF TACOMA - (WA),0.0,0.2707985792660235,Unknown/Not Researched
King,Bellevue,WA,98008.0,2022,NISSAN,LEAF,Battery Electric Vehicle (BEV),Eligibility unknown as battery range has not been researched,0,48.0,PUGET SOUND ENERGY INC||CITY OF TACOMA - (WA),0.0,-0.04886954706231235,Unknown/Not Researched
Thurston,Olympia,WA,98513.0,2016,CHEVROLET,VOLT,Plug-in Hybrid Electric Vehicle (PHEV),Clean Alternative Fuel Vehicle Eligible,53,2.0,PUGET SOUND ENERGY INC,0.18088737201365188,-1.9668783050323277,Medium
King,Kirkland,WA,98033.0,2022,TESLA,MODEL 3,Battery Electric Vehicle (BEV),Eligibility unknown as battery range has not been researched,0,45.0,PUGET SOUND ENERGY INC||CITY OF TACOMA - (WA),0.0,-0.04886954706231235,Unknown/Not Researched
King,Seattle,WA,98146.0,2018,BMW,530E,Plug-in Hybrid Electric Vehicle (PHEV),Not eligible due to low battery range,14,34.0,CITY OF SEATTLE - (WA)|CITY OF TACOMA - (WA),0.04778156996587031,-1.3275420523756558,Short
King,Seattle,WA,98178.0,2013,FIAT,500,Battery Electric Vehicle (BEV),Clean Alternative Fuel Vehicle Eligible,87,37.0,CITY OF SEATTLE - (WA)|CITY OF TACOMA - (WA),0.29692832764505117,-2.9258826840173353,Medium
King,Newcastle,WA,98059.0,2021,JEEP,WRANGLER,Plug-in Hybrid Electric Vehicle (PHEV),Not eligible due to low battery range,25,41.0,PUGET SOUND ENERGY INC||CITY OF TACOMA - (WA),0.08532423208191127,-0.36853767339064825,Short
Snohomish,Lake Stevens,WA,98258.0,2023,TESLA,MODEL 3,Battery Electric Vehicle (BEV),Eligibility unknown as battery range has not been researched,0,44.0,PUGET SOUND ENERGY INC,0.0,0.2707985792660235,Unknown/Not Researched
King,Sammamish,WA,98074.0,2024,JEEP,WRANGLER,Plug-in Hybrid Electric Vehicle (PHEV),Not eligible due to low battery range,21,45.0,PUGET SOUND ENERGY INC||CITY OF TACOMA - (WA),0.07167235494880546,0.5904667055943594,Short
King,Kirkland,WA,98034.0,2019,TESLA,MODEL 3,Battery Electric Vehicle (BEV),Clean Alternative Fuel Vehicle Eligible,220,45.0,PUGET SOUND ENERGY INC||CITY OF TACOMA - (WA),0.7508532423208191,-1.00787392604732,Long
King,Seattle,WA,98119.0,2024,RIVIAN,R1S,Battery Electric Vehicle (BEV),Eligibility unknown as battery range has not been researched,0,36.0,CITY OF SEATTLE - (WA)|CITY OF TACOMA - (WA),0.0,0.5904667055943594,Unknown/Not Researched
King,Auburn,WA,98092.0,2022,CHRYSLER,PACIFICA,Plug-in Hybrid Electric Vehicle (PHEV),Clean Alternative Fuel Vehicle Eligible,32,47.0,PUGET SOUND ENERGY INC||CITY OF TACOMA - (WA),0.10921501706484642,-0.04886954706231235,Short
King,Sammamish,WA,98075.0,2017,TESLA,MODEL S,Battery Electric Vehicle (BEV),Clean Alternative Fuel Vehicle Eligible,210,41.0,PUGET SOUND ENERGY INC||CITY OF TACOMA - (WA),0.7167235494880546,-1.647210178703992,Long
King,Seattle,WA,98116.0,2019,FIAT,500,Battery Electric Vehicle (BEV),Clean Alternative Fuel Vehicle Eligible,84,34.0,CITY OF SEATTLE - (WA)|CITY OF TACOMA - (WA),0.28668941979522183,-1.00787392604732,Medium
King,Seattle,WA,98125.0,2024,CHEVROLET,BLAZER,Battery Electric Vehicle (BEV),Eligibility unknown as battery range has not been researched,0,46.0,CITY OF SEATTLE - (WA)|CITY OF TACOMA - (WA),0.0,0.5904667055943594,Unknown/Not Researched
Clark,Vancouver,WA,98682.0,2019,HYUNDAI,IONIQ,Plug-in Hybrid Electric Vehicle (PHEV),Not eligible due to low battery range,29,17.0,BONNEVILLE POWER ADMINISTRATION||PUD NO 1 OF CLARK COUNTY - (WA),0.09897610921501707,-1.00787392604732,Short
King,Kirkland,WA,98034.0,2024,JEEP,WRANGLER,Plug-in Hybrid Electric Vehicle (PHEV),Not eligible due to low battery range,21,45.0,PUGET SOUND ENERGY INC||CITY OF TACOMA - (WA),0.07167235494880546,0.5904667055943594,Short
King,Seattle,WA,98178.0,2022,FORD,MUSTANG MACH-E,Battery Electric Vehicle (BEV),Eligibility unknown as battery range has not been researched,0,37.0,CITY OF SEATTLE - (WA)|CITY OF TACOMA - (WA),0.0,-0.04886954706231235,Unknown/Not Researched
King,Issaquah,WA,98027.0,2020,TESLA,MODEL Y,Battery Electric Vehicle (BEV),Clean Alternative Fuel Vehicle Eligible,291,5.0,PUGET SOUND ENERGY INC||CITY OF TACOMA - (WA),0.9931740614334471,-0.6882057997189841,Long
King,Newcastle,WA,98056.0,2017,TESLA,MODEL S,Battery Electric Vehicle (BEV),Clean Alternative Fuel Vehicle Eligible,210,41.0,PUGET SOUND ENERGY INC||CITY OF TACOMA - (WA),0.7167235494880546,-1.647210178703992,Long
King,Bothell,WA,98011.0,2025,RIVIAN,R1S,Battery Electric Vehicle (BEV),Eligibility unknown as battery range has not been researched,0,1.0,PUGET SOUND ENERGY INC||CITY OF TACOMA - (WA),0.0,0.9101348319226953,Unknown/Not Researched
King,Burien,WA,98166.0,2024,RIVIAN,R1S,Battery Electric Vehicle (BEV),Eligibility unknown as battery range has not been researched,0,34.0,PUGET SOUND ENERGY INC||CITY OF TACOMA - (WA),0.0,0.5904667055943594,Unknown/Not Researched
King,Kirkland,WA,98034.0,2025,RIVIAN,R1S,Battery Electric Vehicle (BEV),Eligibility unknown as battery range has not been researched,0,45.0,PUGET SOUND ENERGY INC||CITY OF TACOMA - (WA),0.0,0.9101348319226953,Unknown/Not Researched
Kitsap,Olalla,WA,98359.0,2023,TOYOTA,BZ4X,Battery Electric Vehicle (BEV),Eligibility unknown as battery range has not been researched,0,26.0,PUGET SOUND ENERGY INC,0.0,0.2707985792660235,Unknown/Not Researched
King,Issaquah,WA,98029.0,2026,TESLA,MODEL Y,Battery Electric Vehicle (BEV),Eligibility unknown as battery range has not been researched,0,5.0,PUGET SOUND ENERGY INC||CITY OF TACOMA - (WA),0.0,1.2298029582510313,Unknown/Not Researched
King,Seattle,WA,98177.0,2021,BMW,X3,Plug-in Hybrid Electric Vehicle (PHEV),Not eligible due to low battery range,17,36.0,CITY OF SEATTLE - (WA)|CITY OF TACOMA - (WA),0.05802047781569966,-0.36853767339064825,Short
King,Seattle,WA,98178.0,2015,FIAT,500,Battery Electric Vehicle (BEV),Clean Alternative Fuel Vehicle Eligible,87,37.0,CITY OF SEATTLE - (WA)|CITY OF TACOMA - (WA),0.29692832764505117,-2.2865464313606636,Medium
King,Issaquah,WA,98029.0,2022,TESLA,MODEL Y,Battery Electric Vehicle (BEV),Eligibility unknown as battery range has not been researched,0,5.0,PUGET SOUND ENERGY INC||CITY OF TACOMA - (WA),0.0,-0.04886954706231235,Unknown/Not Researched
King,Burien,WA,98166.0,2024,NISSAN,ARIYA HATCHBACK,Battery Electric Vehicle (BEV),Eligibility unknown as battery range has not been researched,0,34.0,PUGET SOUND ENERGY INC||CITY OF TACOMA - (WA),0.0,0.5904667055943594,Unknown/Not Researched
Snohomish,Everett,WA,98204.0,2019,KIA,NIRO,Battery Electric Vehicle (BEV),Clean Alternative Fuel Vehicle Eligible,239,21.0,PUGET SOUND ENERGY INC,0.8156996587030717,-1.00787392604732,Long
King,Bellevue,WA,98004.0,2024,NISSAN,ARIYA HATCHBACK,Battery Electric Vehicle (BEV),Eligibility unknown as battery range has not been researched,0,41.0,PUGET SOUND ENERGY INC||CITY OF TACOMA - (WA),0.0,0.5904667055943594,Unknown/Not Researched
King,Renton,WA,98057.0,2020,NISSAN,LEAF,Battery Electric Vehicle (BEV),Clean Alternative Fuel Vehicle Eligible,149,37.0,PUGET SOUND ENERGY INC||CITY OF TACOMA - (WA),0.5085324232081911,-0.6882057997189841,Medium
King,Bellevue,WA,98006.0,2023,TESLA,MODEL Y,Battery Electric Vehicle (BEV),Eligibility unknown as battery range has not been researched,0,41.0,PUGET SOUND ENERGY INC||CITY OF TACOMA - (WA),0.0,0.2707985792660235,Unknown/Not Researched
King,Kirkland,WA,98034.0,2023,TESLA,MODEL Y,Battery Electric Vehicle (BEV),Eligibility unknown as battery range has not been researched,0,45.0,PUGET SOUND ENERGY INC||CITY OF TACOMA - (WA),0.0,0.2707985792660235,Unknown/Not Researched
Kitsap,Bainbridge Island,WA,98110.0,2025,VOLVO,XC90,Plug-in Hybrid Electric Vehicle (PHEV),Clean Alternative Fuel Vehicle Eligible,32,23.0,PUGET SOUND ENERGY INC,0.10921501706484642,0.9101348319226953,Short
King,Seattle,WA,98125.0,2023,VOLVO,XC90,Plug-in Hybrid Electric Vehicle (PHEV),Clean Alternative Fuel Vehicle Eligible,32,46.0,CITY OF SEATTLE - (WA)|CITY OF TACOMA - (WA),0.10921501706484642,0.2707985792660235,Short
King,Kent,WA,98032.0,2024,HYUNDAI,IONIQ 5,Battery Electric Vehicle (BEV),Eligibility unknown as battery range has not been researched,0,33.0,PUGET SOUND ENERGY INC||CITY OF TACOMA - (WA),0.0,0.5904667055943594,Unknown/Not Researched
King,Bellevue,WA,98007.0,2018,TESLA,MODEL 3,Battery Electric Vehicle (BEV),Clean Alternative Fuel Vehicle Eligible,215,48.0,PUGET SOUND ENERGY INC||CITY OF TACOMA - (WA),0.7337883959044369,-1.3275420523756558,Long
Cowlitz,Kelso,WA,98626.0,2017,TOYOTA,PRIUS PRIME (PHEV),Plug-in Hybrid Electric Vehicle (PHEV),Not eligible due to low battery range,25,19.0,BONNEVILLE POWER ADMINISTRATION||PUD NO 1 OF COWLITZ COUNTY,0.08532423208191127,-1.647210178703992,Short
King,Kirkland,WA,98034.0,2022,TESLA,MODEL Y,Battery Electric Vehicle (BEV),Eligibility unknown as battery range has not been researched,0,45.0,PUGET SOUND ENERGY INC||CITY OF TACOMA - (WA),0.0,-0.04886954706231235,Unknown/Not Researched
Kitsap,Bainbridge Island,WA,98110.0,2023,TESLA,MODEL 3,Battery Electric Vehicle (BEV),Eligibility unknown as battery range has not been researched,0,23.0,PUGET SOUND ENERGY INC,0.0,0.2707985792660235,Unknown/Not Researched
King,Kirkland,WA,98034.0,2021,TESLA,MODEL Y,Battery Electric Vehicle (BEV),Eligibility unknown as battery range has not been researched,0,45.0,PUGET SOUND ENERGY INC||CITY OF TACOMA - (WA),0.0,-0.36853767339064825,Unknown/Not Researched
King,Seattle,WA,98103.0,2018,KIA,NIRO,Plug-in Hybrid Electric Vehicle (PHEV),Not eligible due to low battery range,26,43.0,CITY OF SEATTLE - (WA)|CITY OF TACOMA - (WA),0.08873720136518772,-1.3275420523756558,Short
King,Kirkland,WA,98033.0,2022,TESLA,MODEL Y,Battery Electric Vehicle (BEV),Eligibility unknown as battery range has not been researched,0,48.0,PUGET SOUND ENERGY INC||CITY OF TACOMA - (WA),0.0,-0.04886954706231235,Unknown/Not Researched
King,Seattle,WA,98121.0,2025,TESLA,MODEL 3,Battery Electric Vehicle (BEV),Eligibility unknown as battery range has not been researched,0,36.0,CITY OF SEATTLE - (WA)|CITY OF TACOMA - (WA),0.0,0.9101348319226953,Unknown/Not Researched
Thurston,Olympia,WA,98502.0,2026,TESLA,MODEL Y,Battery Electric Vehicle (BEV),Eligibility unknown as battery range has not been researched,0,35.0,PUGET SOUND ENERGY INC,0.0,1.2298029582510313,Unknown/Not Researched
King,Kirkland,WA,98033.0,2024,TESLA,MODEL Y,Battery Electric Vehicle (BEV),Eligibility unknown as battery range has not been researched,0,48.0,PUGET SOUND ENERGY INC||CITY OF TACOMA - (WA),0.0,0.5904667055943594,Unknown/Not Researched
King,Kent,WA,98031.0,2024,TESLA,MODEL Y,Battery Electric Vehicle (BEV),Eligibility unknown as battery range has not been researched,0,47.0,PUGET SOUND ENERGY INC||CITY OF TACOMA - (WA),0.0,0.5904667055943594,Unknown/Not Researched
King,Bothell,WA,98011.0,2024,JEEP,WRANGLER,Plug-in Hybrid Electric Vehicle (PHEV),Not eligible due to low battery range,21,1.0,PUGET SOUND ENERGY INC||CITY OF TACOMA - (WA),0.07167235494880546,0.5904667055943594,Short
King,Woodinville,WA,98072.0,2024,TESLA,MODEL Y,Battery Electric Vehicle (BEV),Eligibility unknown as battery range has not been researched,0,45.0,PUGET SOUND ENERGY INC||CITY OF TACOMA - (WA),0.0,0.5904667055943594,Unknown/Not Researched
King,Redmond,WA,98052.0,2023,HYUNDAI,IONIQ 5,Battery Electric Vehicle (BEV),Eligibility unknown as battery range has not been researched,0,45.0,PUGET SOUND ENERGY INC||CITY OF TACOMA - (WA),0.0,0.2707985792660235,Unknown/Not Researched
King,Kirkland,WA,98033.0,2024,TESLA,MODEL 3,Battery Electric Vehicle (BEV),Eligibility unknown as battery range has not been researched,0,48.0,PUGET SOUND ENERGY INC||CITY OF TACOMA - (WA),0.0,0.5904667055943594,Unknown/Not Researched
King,Bellevue,WA,98004.0,2021,TESLA,MODEL Y,Battery Electric Vehicle (BEV),Eligibility unknown as battery range has not been researched,0,41.0,PUGET SOUND ENERGY INC||CITY OF TACOMA - (WA),0.0,-0.36853767339064825,Unknown/Not Researched
King,Redmond,WA,98052.0,2026,KIA,EV9,Battery Electric Vehicle (BEV),Eligibility unknown as battery range has not been researched,0,45.0,PUGET SOUND ENERGY INC||CITY OF TACOMA - (WA),0.0,1.2298029582510313,Unknown/Not Researched
King,Kirkland,WA,98033.0,2026,TESLA,MODEL Y,Battery Electric Vehicle (BEV),Eligibility unknown as battery range has not been researched,0,48.0,PUGET SOUND ENERGY INC||CITY OF TACOMA - (WA),0.0,1.2298029582510313,Unknown/Not Researched
King,Seattle,WA,98177.0,2024,TESLA,MODEL Y,Battery Electric Vehicle (BEV),Eligibility unknown as battery range has not been researched,0,36.0,CITY OF SEATTLE - (WA)|CITY OF TACOMA - (WA),0.0,0.5904667055943594,Unknown/Not Researched
Jefferson,Port Townsend,WA,98368.0,2017,FORD,C-MAX,Plug-in Hybrid Electric Vehicle (PHEV),Not eligible due to low battery range,20,24.0,BONNEVILLE POWER ADMINISTRATION||PUGET SOUND ENERGY INC||PUD NO 1 OF JEFFERSON COUNTY,0.06825938566552901,-1.647210178703992,Short
Clark,Vancouver,WA,98664.0,2021,FORD,MUSTANG MACH-E,Battery Electric Vehicle (BEV),Eligibility unknown as battery range has not been researched,0,49.0,BONNEVILLE POWER ADMINISTRATION||PUD NO 1 OF CLARK COUNTY - (WA),0.0,-0.36853767339064825,Unknown/Not Researched
King,Kirkland,WA,98034.0,2020,TESLA,MODEL Y,Battery Electric Vehicle (BEV),Clean Alternative Fuel Vehicle Eligible,291,45.0,PUGET SOUND ENERGY INC||CITY OF TACOMA - (WA),0.9931740614334471,-0.6882057997189841,Long
King,Kirkland,WA,98034.0,2019,AUDI,E-TRON,Battery Electric Vehicle (BEV),Clean Alternative Fuel Vehicle Eligible,204,1.0,PUGET SOUND ENERGY INC||CITY OF TACOMA - (WA),0.6962457337883959,-1.00787392604732,Long
King,Seattle,WA,98116.0,2024,TESLA,MODEL Y,Battery Electric Vehicle (BEV),Eligibility unknown as battery range has not been researched,0,34.0,CITY OF SEATTLE - (WA)|CITY OF TACOMA - (WA),0.0,0.5904667055943594,Unknown/Not Researched
King,Bellevue,WA,98008.0,2017,CHEVROLET,BOLT EV,Battery Electric Vehicle (BEV),Clean Alternative Fuel Vehicle Eligible,238,48.0,PUGET SOUND ENERGY INC||CITY OF TACOMA - (WA),0.8122866894197952,-1.647210178703992,Long
King,Kirkland,WA,98034.0,2016,TESLA,MODEL S,Battery Electric Vehicle (BEV),Clean Alternative Fuel Vehicle Eligible,210,45.0,PUGET SOUND ENERGY INC||CITY OF TACOMA - (WA),0.7167235494880546,-1.9668783050323277,Long
King,Kirkland,WA,98033.0,2024,TESLA,MODEL Y,Battery Electric Vehicle (BEV),Eligibility unknown as battery range has not been researched,0,45.0,PUGET SOUND ENERGY INC||CITY OF TACOMA - (WA),0.0,0.5904667055943594,Unknown/Not Researched
King,Shoreline,WA,98155.0,2019,KIA,NIRO,Battery Electric Vehicle (BEV),Clean Alternative Fuel Vehicle Eligible,239,32.0,CITY OF SEATTLE - (WA)|CITY OF TACOMA - (WA),0.8156996587030717,-1.00787392604732,Long
Thurston,Lacey,WA,98516.0,2025,JEEP,WRANGLER,Plug-in Hybrid Electric Vehicle (PHEV),Not eligible due to low battery range,21,22.0,PUGET SOUND ENERGY INC,0.07167235494880546,0.9101348319226953,Short
Clark,Battle Ground,WA,98604.0,2024,TESLA,MODEL Y,Battery Electric Vehicle (BEV),Eligibility unknown as battery range has not been researched,0,18.0,BONNEVILLE POWER ADMINISTRATION||PUD NO 1 OF CLARK COUNTY - (WA),0.0,0.5904667055943594,Unknown/Not Researched
King,Kirkland,WA,98033.0,2023,TESLA,MODEL Y,Battery Electric Vehicle (BEV),Eligibility unknown as battery range has not been researched,0,48.0,PUGET SOUND ENERGY INC||CITY OF TACOMA - (WA),0.0,0.2707985792660235,Unknown/Not Researched
King,Kirkland,WA,98034.0,2021,FORD,MUSTANG MACH-E,Battery Electric Vehicle (BEV),Eligibility unknown as battery range has not been researched,0,1.0,PUGET SOUND ENERGY INC||CITY OF TACOMA - (WA),0.0,-0.36853767339064825,Unknown/Not Researched
King,Seattle,WA,98177.0,2025,KIA,SORENTO,Plug-in Hybrid Electric Vehicle (PHEV),Clean Alternative Fuel Vehicle Eligible,30,36.0,CITY OF SEATTLE - (WA)|CITY OF TACOMA - (WA),0.10238907849829351,0.9101348319226953,Short
King,Seattle,WA,98122.0,2022,RIVIAN,R1T,Battery Electric Vehicle (BEV),Eligibility unknown as battery range has not been researched,0,43.0,CITY OF SEATTLE - (WA)|CITY OF TACOMA - (WA),0.0,-0.04886954706231235,Unknown/Not Researched
Kitsap,Seabeck,WA,98380.0,2023,BMW,330E,Plug-in Hybrid Electric Vehicle (PHEV),Not eligible due to low battery range,20,35.0,PUGET SOUND ENERGY INC,0.06825938566552901,0.2707985792660235,Short
King,Bellevue,WA,98005.0,2024,VOLVO,V60,Plug-in Hybrid Electric Vehicle (PHEV),Clean Alternative Fuel Vehicle Eligible,41,41.0,PUGET SOUND ENERGY INC||CITY OF TACOMA - (WA),0.13993174061433447,0.5904667055943594,Short
Kitsap,Bainbridge Island,WA,98110.0,2024,CHEVROLET,BLAZER,Battery Electric Vehicle (BEV),Eligibility unknown as battery range has not been researched,0,23.0,PUGET SOUND ENERGY INC,0.0,0.5904667055943594,Unknown/Not Researched
Kitsap,Bainbridge Island,WA,98110.0,2023,RIVIAN,R1S,Battery Electric Vehicle (BEV),Eligibility unknown as battery range has not been researched,0,23.0,PUGET SOUND ENERGY INC,0.0,0.2707985792660235,Unknown/Not Researched
King,Redmond,WA,98052.0,2023,TESLA,MODEL 3,Battery Electric Vehicle (BEV),Eligibility unknown as battery range has not been researched,0,45.0,PUGET SOUND ENERGY INC||CITY OF TACOMA - (WA),0.0,0.2707985792660235,Unknown/Not Researched
King,Redmond,WA,98052.0,2018,NISSAN,LEAF,Battery Electric Vehicle (BEV),Clean Alternative Fuel Vehicle Eligible,151,45.0,PUGET SOUND ENERGY INC||CITY OF TACOMA - (WA),0.515358361774744,-1.3275420523756558,Long
King,Bellevue,WA,98006.0,2024,TESLA,MODEL Y,Battery Electric Vehicle (BEV),Eligibility unknown as battery range has not been researched,0,41.0,PUGET SOUND ENERGY INC||CITY OF TACOMA - (WA),0.0,0.5904667055943594,Unknown/Not Researched
King,Seattle,WA,98177.0,2023,VOLVO,XC40,Battery Electric Vehicle (BEV),Eligibility unknown as battery range has not been researched,0,32.0,CITY OF SEATTLE - (WA)|CITY OF TACOMA - (WA),0.0,0.2707985792660235,Unknown/Not Researched
Clark,Vancouver,WA,98664.0,2016,MERCEDES-BENZ,B-CLASS,Battery Electric Vehicle (BEV),Clean Alternative Fuel Vehicle Eligible,87,49.0,BONNEVILLE POWER ADMINISTRATION||PUD NO 1 OF CLARK COUNTY - (WA),0.29692832764505117,-1.9668783050323277,Medium
King,Renton,WA,98055.0,2023,JEEP,WRANGLER,Plug-in Hybrid Electric Vehicle (PHEV),Not eligible due to low battery range,21,33.0,PUGET SOUND ENERGY INC||CITY OF TACOMA - (WA),0.07167235494880546,0.2707985792660235,Short
King,Seattle,WA,98125.0,2022,KIA,NIRO,Battery Electric Vehicle (BEV),Eligibility unknown as battery range has not been researched,0,46.0,CITY OF SEATTLE - (WA)|CITY OF TACOMA - (WA),0.0,-0.04886954706231235,Unknown/Not Researched
King,Kirkland,WA,98034.0,2022,TESLA,MODEL X,Battery Electric Vehicle (BEV),Eligibility unknown as battery range has not been researched,0,45.0,PUGET SOUND ENERGY INC||CITY OF TACOMA - (WA),0.0,-0.04886954706231235,Unknown/Not Researched
Kitsap,Olalla,WA,98359.0,2023,TESLA,MODEL Y,Battery Electric Vehicle (BEV),Eligibility unknown as battery range has not been researched,0,26.0,PUGET SOUND ENERGY INC,0.0,0.2707985792660235,Unknown/Not Researched
King,Kirkland,WA,98033.0,2022,TESLA,MODEL 3,Battery Electric Vehicle (BEV),Eligibility unknown as battery range has not been researched,0,48.0,PUGET SOUND ENERGY INC||CITY OF TACOMA - (WA),0.0,-0.04886954706231235,Unknown/Not Researched
King,Bothell,WA,98011.0,2024,KIA,NIRO,Battery Electric Vehicle (BEV),Eligibility unknown as battery range has not been researched,0,1.0,PUGET SOUND ENERGY INC||CITY OF TACOMA - (WA),0.0,0.5904667055943594,Unknown/Not Researched
King,Kirkland,WA,98033.0,2022,TESLA,MODEL Y,Battery Electric Vehicle (BEV),Eligibility unknown as battery range has not been researched,0,48.0,PUGET SOUND ENERGY INC||CITY OF TACOMA - (WA),0.0,-0.04886954706231235,Unknown/Not Researched
King,Redmond,WA,98052.0,2025,CHRYSLER,PACIFICA,Plug-in Hybrid Electric Vehicle (PHEV),Clean Alternative Fuel Vehicle Eligible,32,48.0,PUGET SOUND ENERGY INC||CITY OF TACOMA - (WA),0.10921501706484642,0.9101348319226953,Short
King,Bellevue,WA,98004.0,2023,TOYOTA,PRIUS PRIME (PHEV),Plug-in Hybrid Electric Vehicle (PHEV),Clean Alternative Fuel Vehicle Eligible,39,48.0,PUGET SOUND ENERGY INC||CITY OF TACOMA - (WA),0.13310580204778158,0.2707985792660235,Short
Cowlitz,Longview,WA,98632.0,2015,TESLA,MODEL S,Battery Electric Vehicle (BEV),Clean Alternative Fuel Vehicle Eligible,208,19.0,BONNEVILLE POWER ADMINISTRATION||PUD NO 1 OF COWLITZ COUNTY,0.7098976109215017,-2.2865464313606636,Long
King,Beaux Arts,WA,98004.0,2016,NISSAN,LEAF,Battery Electric Vehicle (BEV),Clean Alternative Fuel Vehicle Eligible,84,41.0,PUGET SOUND ENERGY INC||CITY OF TACOMA - (WA),0.28668941979522183,-1.9668783050323277,Medium
King,Kenmore,WA,98028.0,2021,TOYOTA,RAV4 PRIME (PHEV),Plug-in Hybrid Electric Vehicle (PHEV),Clean Alternative Fuel Vehicle Eligible,42,46.0,PUGET SOUND ENERGY INC||CITY OF TACOMA - (WA),0.14334470989761092,-0.36853767339064825,Short
King,Newcastle,WA,98056.0,2025,TESLA,MODEL 3,Battery Electric Vehicle (BEV),Eligibility unknown as battery range has not been researched,0,41.0,PUGET SOUND ENERGY INC||CITY OF TACOMA - (WA),0.0,0.9101348319226953,Unknown/Not Researched
Snohomish,Everett,WA,98208.0,2023,TESLA,MODEL Y,Battery Electric Vehicle (BEV),Eligibility unknown as battery range has not been researched,0,21.0,PUGET SOUND ENERGY INC,0.0,0.2707985792660235,Unknown/Not Researched
King,Seattle,WA,98178.0,2020,CHEVROLET,BOLT EV,Battery Electric Vehicle (BEV),Clean Alternative Fuel Vehicle Eligible,259,37.0,CITY OF SEATTLE - (WA)|CITY OF TACOMA - (WA),0.8839590443686007,-0.6882057997189841,Long
King,Seattle,WA,98115.0,2026,CADILLAC,VISTIQ,Battery Electric Vehicle (BEV),Eligibility unknown as battery range has not been researched,0,43.0,CITY OF SEATTLE - (WA)|CITY OF TACOMA - (WA),0.0,1.2298029582510313,Unknown/Not Researched
King,Redmond,WA,98052.0,2023,TESLA,MODEL Y,Battery Electric Vehicle (BEV),Eligibility unknown as battery range has not been researched,0,45.0,PUGET SOUND ENERGY INC||CITY OF TACOMA - (WA),0.0,0.2707985792660235,Unknown/Not Researched
King,Sammamish,WA,98074.0,2024,AUDI,Q4,Battery Electric Vehicle (BEV),Eligibility unknown as battery range has not been researched,0,45.0,PUGET SOUND ENERGY INC||CITY OF TACOMA - (WA),0.0,0.5904667055943594,Unknown/Not Researched
King,Kent,WA,98031.0,2024,TESLA,MODEL Y,Battery Electric Vehicle (BEV),Eligibility unknown as battery range has not been researched,0,47.0,PUGET SOUND ENERGY INC||CITY OF TACOMA - (WA),0.0,0.5904667055943594,Unknown/Not Researched
King,Seattle,WA,98125.0,2022,MINI,HARDTOP,Battery Electric Vehicle (BEV),Eligibility unknown as battery range has not been researched,0,46.0,CITY OF SEATTLE - (WA)|CITY OF TACOMA - (WA),0.0,-0.04886954706231235,Unknown/Not Researched
King,Seattle,WA,98125.0,2017,CHRYSLER,PACIFICA,Plug-in Hybrid Electric Vehicle (PHEV),Clean Alternative Fuel Vehicle Eligible,33,46.0,PUGET SOUND ENERGY INC||CITY OF TACOMA - (WA),0.11262798634812286,-1.647210178703992,Short
Snohomish,Mill Creek,WA,98012.0,2023,TESLA,MODEL Y,Battery Electric Vehicle (BEV),Eligibility unknown as battery range has not been researched,0,44.0,PUGET SOUND ENERGY INC,0.0,0.2707985792660235,Unknown/Not Researched
King,Renton,WA,98058.0,2023,TESLA,MODEL 3,Battery Electric Vehicle (BEV),Eligibility unknown as battery range has not been researched,0,11.0,PUGET SOUND ENERGY INC||CITY OF TACOMA - (WA),0.0,0.2707985792660235,Unknown/Not Researched
King,Bellevue,WA,98008.0,2013,TESLA,MODEL S,Battery Electric Vehicle (BEV),Clean Alternative Fuel Vehicle Eligible,208,48.0,PUGET SOUND ENERGY INC||CITY OF TACOMA - (WA),0.7098976109215017,-2.9258826840173353,Long
Clark,Vancouver,WA,98686.0,2020,NISSAN,LEAF,Battery Electric Vehicle (BEV),Clean Alternative Fuel Vehicle Eligible,215,49.0,BONNEVILLE POWER ADMINISTRATION||PUD NO 1 OF CLARK COUNTY - (WA),0.7337883959044369,-0.6882057997189841,Long
Clallam,Port Angeles,WA,98362.0,2022,JEEP,WRANGLER,Plug-in Hybrid Electric Vehicle (PHEV),Not eligible due to low battery range,21,24.0,BONNEVILLE POWER ADMINISTRATION||CITY OF PORT ANGELES - (WA),0.07167235494880546,-0.04886954706231235,Short
Yakima,Yakima,WA,98902.0,2012,CHEVROLET,VOLT,Plug-in Hybrid Electric Vehicle (PHEV),Clean Alternative Fuel Vehicle Eligible,35,14.0,PACIFICORP,0.11945392491467577,-3.245550810345671,Short
King,Kirkland,WA,98033.0,2023,VOLKSWAGEN,ID.4,Battery Electric Vehicle (BEV),Eligibility unknown as battery range has not been researched,0,48.0,PUGET SOUND ENERGY INC||CITY OF TACOMA - (WA),0.0,0.2707985792660235,Unknown/Not Researched
Thurston,Yelm,WA,98597.0,2022,KIA,SORENTO,Plug-in Hybrid Electric Vehicle (PHEV),Clean Alternative Fuel Vehicle Eligible,32,2.0,PUGET SOUND ENERGY INC,0.10921501706484642,-0.04886954706231235,Short
King,Seattle,WA,98146.0,2024,TESLA,MODEL 3,Battery Electric Vehicle (BEV),Eligibility unknown as battery range has not been researched,0,34.0,CITY OF SEATTLE - (WA)|CITY OF TACOMA - (WA),0.0,0.5904667055943594,Unknown/Not Researched
King,Federal Way,WA,98023.0,2015,FIAT,500,Battery Electric Vehicle (BEV),Clean Alternative Fuel Vehicle Eligible,87,30.0,PUGET SOUND ENERGY INC||CITY OF TACOMA - (WA),0.29692832764505117,-2.2865464313606636,Medium
King,Seattle,WA,98177.0,2013,TOYOTA,PRIUS,Plug-in Hybrid Electric Vehicle (PHEV),Not eligible due to low battery range,6,32.0,CITY OF SEATTLE - (WA)|CITY OF TACOMA - (WA),0.020477815699658702,-2.9258826840173353,Short
King,Seatac,WA,98188.0,2023,LUCID,AIR,Battery Electric Vehicle (BEV),Eligibility unknown as battery range has not been researched,0,33.0,PUGET SOUND ENERGY INC||CITY OF TACOMA - (WA),0.0,0.2707985792660235,Unknown/Not Researched
King,Kirkland,WA,98033.0,2025,TESLA,MODEL 3,Battery Electric Vehicle (BEV),Eligibility unknown as battery range has not been researched,0,48.0,PUGET SOUND ENERGY INC||CITY OF TACOMA - (WA),0.0,0.9101348319226953,Unknown/Not Researched
King,Bellevue,WA,98004.0,2021,TESLA,MODEL S,Battery Electric Vehicle (BEV),Eligibility unknown as battery range has not been researched,0,41.0,PUGET SOUND ENERGY INC||CITY OF TACOMA - (WA),0.0,-0.36853767339064825,Unknown/Not Researched
Yakima,Selah,WA,98942.0,2026,GMC,SIERRA,Battery Electric Vehicle (BEV),Eligibility unknown as battery range has not been researched,0,15.0,PACIFICORP,0.0,1.2298029582510313,Unknown/Not Researched
King,Seattle,WA,98125.0,2026,TESLA,MODEL Y,Battery Electric Vehicle (BEV),Eligibility unknown as battery range has not been researched,0,46.0,CITY OF SEATTLE - (WA)|CITY OF TACOMA - (WA),0.0,1.2298029582510313,Unknown/Not Researched
King,Kirkland,WA,98033.0,2024,KIA,EV9,Battery Electric Vehicle (BEV),Eligibility unknown as battery range has not been researched,0,48.0,PUGET SOUND ENERGY INC||CITY OF TACOMA - (WA),0.0,0.5904667055943594,Unknown/Not Researched
Clark,Vancouver,WA,98686.0,2021,TESLA,MODEL Y,Battery Electric Vehicle (BEV),Eligibility unknown as battery range has not been researched,0,17.0,BONNEVILLE POWER ADMINISTRATION||PUD NO 1 OF CLARK COUNTY - (WA),0.0,-0.36853767339064825,Unknown/Not Researched
King,Renton,WA,98058.0,2024,TESLA,MODEL 3,Battery Electric Vehicle (BEV),Eligibility unknown as battery range has not been researched,0,11.0,PUGET SOUND ENERGY INC||CITY OF TACOMA - (WA),0.0,0.5904667055943594,Unknown/Not Researched
King,Bellevue,WA,98006.0,2021,TESLA,MODEL 3,Battery Electric Vehicle (BEV),Eligibility unknown as battery range has not been researched,0,41.0,PUGET SOUND ENERGY INC||CITY OF TACOMA - (WA),0.0,-0.36853767339064825,Unknown/Not Researched
King,Seattle,WA,98102.0,2026,TESLA,MODEL Y,Battery Electric Vehicle (BEV),Eligibility unknown as battery range has not been researched,0,43.0,CITY OF SEATTLE - (WA)|CITY OF TACOMA - (WA),0.0,1.2298029582510313,Unknown/Not Researched
King,Bellevue,WA,98004.0,2013,NISSAN,LEAF,Battery Electric Vehicle (BEV),Clean Alternative Fuel Vehicle Eligible,75,41.0,PUGET SOUND ENERGY INC||CITY OF TACOMA - (WA),0.25597269624573377,-2.9258826840173353,Medium
King,Tukwila,WA,98168.0,2022,FORD,TRANSIT,Battery Electric Vehicle (BEV),Eligibility unknown as battery range has not been researched,0,11.0,CITY OF SEATTLE - (WA)|CITY OF TACOMA - (WA),0.0,-0.04886954706231235,Unknown/Not Researched
Kitsap,Bainbridge Island,WA,98110.0,2023,FORD,F-150,Battery Electric Vehicle (BEV),Eligibility unknown as battery range has not been researched,0,23.0,PUGET SOUND ENERGY INC,0.0,0.2707985792660235,Unknown/Not Researched
King,North Bend,WA,98045.0,2022,KIA,EV6,Battery Electric Vehicle (BEV),Eligibility unknown as battery range has not been researched,0,5.0,PUGET SOUND ENERGY INC||CITY OF TACOMA - (WA),0.0,-0.04886954706231235,Unknown/Not Researched
King,Shoreline,WA,98133.0,2018,NISSAN,LEAF,Battery Electric Vehicle (BEV),Clean Alternative Fuel Vehicle Eligible,151,32.0,CITY OF SEATTLE - (WA)|CITY OF TACOMA - (WA),0.515358361774744,-1.3275420523756558,Long
King,Bellevue,WA,98005.0,2026,CHEVROLET,EQUINOX,Battery Electric Vehicle (BEV),Eligibility unknown as battery range has not been researched,0,48.0,PUGET SOUND ENERGY INC||CITY OF TACOMA - (WA),0.0,1.2298029582510313,Unknown/Not Researched
King,Seattle,WA,98115.0,2021,JEEP,WRANGLER,Plug-in Hybrid Electric Vehicle (PHEV),Not eligible due to low battery range,21,46.0,CITY OF SEATTLE - (WA)|CITY OF TACOMA - (WA),0.07167235494880546,-0.36853767339064825,Short
Kitsap,Bainbridge Island,WA,98110.0,2025,TESLA,MODEL 3,Battery Electric Vehicle (BEV),Eligibility unknown as battery range has not been researched,0,23.0,PUGET SOUND ENERGY INC,0.0,0.9101348319226953,Unknown/Not Researched
Snohomish,Lake Stevens,WA,98258.0,2024,TESLA,MODEL Y,Battery Electric Vehicle (BEV),Eligibility unknown as battery range has not been researched,0,44.0,PUGET SOUND ENERGY INC,0.0,0.5904667055943594,Unknown/Not Researched
King,Auburn,WA,98092.0,2026,TESLA,MODEL Y,Battery Electric Vehicle (BEV),Eligibility unknown as battery range has not been researched,0,47.0,PUGET SOUND ENERGY INC||CITY OF TACOMA - (WA),0.0,1.2298029582510313,Unknown/Not Researched
King,Kirkland,WA,98034.0,2025,TESLA,CYBERTRUCK,Battery Electric Vehicle (BEV),Eligibility unknown as battery range has not been researched,0,45.0,PUGET SOUND ENERGY INC||CITY OF TACOMA - (WA),0.0,0.9101348319226953,Unknown/Not Researched
King,Kent,WA,98032.0,2024,FORD,MUSTANG MACH-E,Battery Electric Vehicle (BEV),Eligibility unknown as battery range has not been researched,0,33.0,PUGET SOUND ENERGY INC||CITY OF TACOMA - (WA),0.0,0.5904667055943594,Unknown/Not Researched
King,Sammamish,WA,98075.0,2024,MAZDA,CX-90,Plug-in Hybrid Electric Vehicle (PHEV),Not eligible due to low battery range,26,41.0,PUGET SOUND ENERGY INC||CITY OF TACOMA - (WA),0.08873720136518772,0.5904667055943594,Short
Clark,Vancouver,WA,98682.0,2025,JEEP,WRANGLER,Plug-in Hybrid Electric Vehicle (PHEV),Not eligible due to low battery range,21,17.0,BONNEVILLE POWER ADMINISTRATION||PUD NO 1 OF CLARK COUNTY - (WA),0.07167235494880546,0.9101348319226953,Short
King,Sammamish,WA,98074.0,2019,TESLA,MODEL X,Battery Electric Vehicle (BEV),Clean Alternative Fuel Vehicle Eligible,289,45.0,PUGET SOUND ENERGY INC||CITY OF TACOMA - (WA),0.9863481228668942,-1.00787392604732,Long
King,Redmond,WA,98052.0,2024,TESLA,MODEL Y,Battery Electric Vehicle (BEV),Eligibility unknown as battery range has not been researched,0,48.0,PUGET SOUND ENERGY INC||CITY OF TACOMA - (WA),0.0,0.5904667055943594,Unknown/Not Researched
Clark,Vancouver,WA,98682.0,2018,TESLA,MODEL 3,Battery Electric Vehicle (BEV),Clean Alternative Fuel Vehicle Eligible,215,17.0,BONNEVILLE POWER ADMINISTRATION||PUD NO 1 OF CLARK COUNTY - (WA),0.7337883959044369,-1.3275420523756558,Long
King,Renton,WA,98059.0,2026,TESLA,MODEL Y,Battery Electric Vehicle (BEV),Eligibility unknown as battery range has not been researched,0,11.0,PUGET SOUND ENERGY INC||CITY OF TACOMA - (WA),0.0,1.2298029582510313,Unknown/Not Researched
King,Bellevue,WA,98007.0,2026,TESLA,MODEL Y,Battery Electric Vehicle (BEV),Eligibility unknown as battery range has not been researched,0,48.0,PUGET SOUND ENERGY INC||CITY OF TACOMA - (WA),0.0,1.2298029582510313,Unknown/Not Researched
King,Redmond,WA,98052.0,2023,TESLA,MODEL X,Battery Electric Vehicle (BEV),Eligibility unknown as battery range has not been researched,0,45.0,PUGET SOUND ENERGY INC||CITY OF TACOMA - (WA),0.0,0.2707985792660235,Unknown/Not Researched
King,Kirkland,WA,98034.0,2018,TESLA,MODEL 3,Battery Electric Vehicle (BEV),Clean Alternative Fuel Vehicle Eligible,215,45.0,PUGET SOUND ENERGY INC||CITY OF TACOMA - (WA),0.7337883959044369,-1.3275420523756558,Long
King,Seattle,WA,98125.0,2013,FIAT,500,Battery Electric Vehicle (BEV),Clean Alternative Fuel Vehicle Eligible,87,46.0,CITY OF SEATTLE - (WA)|CITY OF TACOMA - (WA),0.29692832764505117,-2.9258826840173353,Medium
Cowlitz,Kelso,WA,98626.0,2023,JEEP,GRAND CHEROKEE,Plug-in Hybrid Electric Vehicle (PHEV),Not eligible due to low battery range,25,19.0,BONNEVILLE POWER ADMINISTRATION||PUD NO 1 OF COWLITZ COUNTY,0.08532423208191127,0.2707985792660235,Short
King,Bellevue,WA,98005.0,2013,NISSAN,LEAF,Battery Electric Vehicle (BEV),Clean Alternative Fuel Vehicle Eligible,75,41.0,PUGET SOUND ENERGY INC||CITY OF TACOMA - (WA),0.25597269624573377,-2.9258826840173353,Medium
Kitsap,Poulsbo,WA,98370.0,2024,VOLVO,XC90,Plug-in Hybrid Electric Vehicle (PHEV),Clean Alternative Fuel Vehicle Eligible,32,23.0,PUGET SOUND ENERGY INC,0.10921501706484642,0.5904667055943594,Short
King,Bellevue,WA,98008.0,2024,TESLA,CYBERTRUCK,Battery Electric Vehicle (BEV),Eligibility unknown as battery range has not been researched,0,48.0,PUGET SOUND ENERGY INC||CITY OF TACOMA - (WA),0.0,0.5904667055943594,Unknown/Not Researched
King,Seattle,WA,98101.0,2026,TOYOTA,PRIUS PRIME (PHEV),Plug-in Hybrid Electric Vehicle (PHEV),Clean Alternative Fuel Vehicle Eligible,44,43.0,CITY OF SEATTLE - (WA)|CITY OF TACOMA - (WA),0.15017064846416384,1.2298029582510313,Short
King,Seattle,WA,98177.0,2015,FORD,C-MAX,Plug-in Hybrid Electric Vehicle (PHEV),Not eligible due to low battery range,19,36.0,CITY OF SEATTLE - (WA)|CITY OF TACOMA - (WA),0.06484641638225255,-2.2865464313606636,Short
King,Seattle,WA,98109.0,2026,TESLA,MODEL Y,Battery Electric Vehicle (BEV),Eligibility unknown as battery range has not been researched,0,36.0,CITY OF SEATTLE - (WA)|CITY OF TACOMA - (WA),0.0,1.2298029582510313,Unknown/Not Researched
King,Kent,WA,98030.0,2023,NISSAN,LEAF,Battery Electric Vehicle (BEV),Eligibility unknown as battery range has not been researched,0,47.0,PUGET SOUND ENERGY INC||CITY OF TACOMA - (WA),0.0,0.2707985792660235,Unknown/Not Researched
Snohomish,Everett,WA,98208.0,2024,RIVIAN,R1S,Battery Electric Vehicle (BEV),Eligibility unknown as battery range has not been researched,0,44.0,PUGET SOUND ENERGY INC,0.0,0.5904667055943594,Unknown/Not Researched
King,Covington,WA,98042.0,2018,TESLA,MODEL S,Battery Electric Vehicle (BEV),Clean Alternative Fuel Vehicle Eligible,249,47.0,PUGET SOUND ENERGY INC||CITY OF TACOMA - (WA),0.8498293515358362,-1.3275420523756558,Long
Kitsap,Port Orchard,WA,98367.0,2021,TESLA,MODEL Y,Battery Electric Vehicle (BEV),Eligibility unknown as battery range has not been researched,0,26.0,PUGET SOUND ENERGY INC,0.0,-0.36853767339064825,Unknown/Not Researched
King,Bothell,WA,98011.0,2025,VOLVO,EX90,Battery Electric Vehicle (BEV),Eligibility unknown as battery range has not been researched,0,1.0,PUGET SOUND ENERGY INC||CITY OF TACOMA - (WA),0.0,0.9101348319226953,Unknown/Not Researched
King,Kirkland,WA,98033.0,2025,HONDA,PROLOGUE,Battery Electric Vehicle (BEV),Eligibility unknown as battery range has not been researched,0,48.0,PUGET SOUND ENERGY INC||CITY OF TACOMA - (WA),0.0,0.9101348319226953,Unknown/Not Researched
King,Auburn,WA,98002.0,2026,HYUNDAI,IONIQ 5,Battery Electric Vehicle (BEV),Eligibility unknown as battery range has not been researched,0,31.0,PUGET SOUND ENERGY INC||CITY OF TACOMA - (WA),0.0,1.2298029582510313,Unknown/Not Researched
King,Seattle,WA,98109.0,2023,RIVIAN,R1S,Battery Electric Vehicle (BEV),Eligibility unknown as battery range has not been researched,0,36.0,CITY OF SEATTLE - (WA)|CITY OF TACOMA - (WA),0.0,0.2707985792660235,Unknown/Not Researched
Island,Coupeville,WA,98239.0,2024,TOYOTA,RAV4 PRIME (PHEV),Plug-in Hybrid Electric Vehicle (PHEV),Clean Alternative Fuel Vehicle Eligible,42,10.0,PUGET SOUND ENERGY INC,0.14334470989761092,0.5904667055943594,Short
Clark,Vancouver,WA,98685.0,2024,NISSAN,ARIYA HATCHBACK,Battery Electric Vehicle (BEV),Eligibility unknown as battery range has not been researched,0,18.0,BONNEVILLE POWER ADMINISTRATION||PUD NO 1 OF CLARK COUNTY - (WA),0.0,0.5904667055943594,Unknown/Not Researched
King,Kirkland,WA,98034.0,2023,TESLA,MODEL Y,Battery Electric Vehicle (BEV),Eligibility unknown as battery range has not been researched,0,45.0,PUGET SOUND ENERGY INC||CITY OF TACOMA - (WA),0.0,0.2707985792660235,Unknown/Not Researched
King,Bellevue,WA,98007.0,2023,TESLA,MODEL 3,Battery Electric Vehicle (BEV),Eligibility unknown as battery range has not been researched,0,41.0,PUGET SOUND ENERGY INC||CITY OF TACOMA - (WA),0.0,0.2707985792660235,Unknown/Not Researched
King,Seattle,WA,98133.0,2016,NISSAN,LEAF,Battery Electric Vehicle (BEV),Clean Alternative Fuel Vehicle Eligible,84,32.0,CITY OF SEATTLE - (WA)|CITY OF TACOMA - (WA),0.28668941979522183,-1.9668783050323277,Medium
King,Kirkland,WA,98033.0,2023,HYUNDAI,IONIQ 5,Battery Electric Vehicle (BEV),Eligibility unknown as battery range has not been researched,0,48.0,PUGET SOUND ENERGY INC||CITY OF TACOMA - (WA),0.0,0.2707985792660235,Unknown/Not Researched
King,Bellevue,WA,98004.0,2026,TESLA,MODEL 3,Battery Electric Vehicle (BEV),Eligibility unknown as battery range has not been researched,0,48.0,PUGET SOUND ENERGY INC||CITY OF TACOMA - (WA),0.0,1.2298029582510313,Unknown/Not Researched
Snohomish,Monroe,WA,98272.0,2020,TESLA,MODEL Y,Battery Electric Vehicle (BEV),Clean Alternative Fuel Vehicle Eligible,291,39.0,PUGET SOUND ENERGY INC,0.9931740614334471,-0.6882057997189841,Long
King,Kirkland,WA,98033.0,2021,TESLA,MODEL 3,Battery Electric Vehicle (BEV),Eligibility unknown as battery range has not been researched,0,48.0,PUGET SOUND ENERGY INC||CITY OF TACOMA - (WA),0.0,-0.36853767339064825,Unknown/Not Researched
King,Redmond,WA,98052.0,2023,TESLA,MODEL Y,Battery Electric Vehicle (BEV),Eligibility unknown as battery range has not been researched,0,45.0,PUGET SOUND ENERGY INC||CITY OF TACOMA - (WA),0.0,0.2707985792660235,Unknown/Not Researched
Island,Oak Harbor,WA,98277.0,2018,TOYOTA,PRIUS PRIME (PHEV),Plug-in Hybrid Electric Vehicle (PHEV),Not eligible due to low battery range,25,10.0,PUGET SOUND ENERGY INC,0.08532423208191127,-1.3275420523756558,Short
Snohomish,Bothell,WA,98021.0,2018,TESLA,MODEL 3,Battery Electric Vehicle (BEV),Clean Alternative Fuel Vehicle Eligible,215,1.0,PUGET SOUND ENERGY INC,0.7337883959044369,-1.3275420523756558,Long
King,Kirkland,WA,98033.0,2023,TESLA,MODEL Y,Battery Electric Vehicle (BEV),Eligibility unknown as battery range has not been researched,0,45.0,PUGET SOUND ENERGY INC||CITY OF TACOMA - (WA),0.0,0.2707985792660235,Unknown/Not Researched
King,Redmond,WA,98052.0,2016,TESLA,MODEL X,Battery Electric Vehicle (BEV),Clean Alternative Fuel Vehicle Eligible,200,45.0,PUGET SOUND ENERGY INC||CITY OF TACOMA - (WA),0.6825938566552902,-1.9668783050323277,Long
Snohomish,Marysville,WA,98271.0,2013,TOYOTA,PRIUS,Plug-in Hybrid Electric Vehicle (PHEV),Not eligible due to low battery range,6,38.0,PUGET SOUND ENERGY INC,0.020477815699658702,-2.9258826840173353,Short
King,Seattle,WA,98115.0,2025,TOYOTA,RAV4 PRIME (PHEV),Plug-in Hybrid Electric Vehicle (PHEV),Clean Alternative Fuel Vehicle Eligible,42,46.0,CITY OF SEATTLE - (WA)|CITY OF TACOMA - (WA),0.14334470989761092,0.9101348319226953,Short
King,Issaquah,WA,98029.0,2024,HONDA,PROLOGUE,Battery Electric Vehicle (BEV),Eligibility unknown as battery range has not been researched,0,5.0,PUGET SOUND ENERGY INC||CITY OF TACOMA - (WA),0.0,0.5904667055943594,Unknown/Not Researched
King,Issaquah,WA,98029.0,2023,BMW,IX,Battery Electric Vehicle (BEV),Eligibility unknown as battery range has not been researched,0,5.0,PUGET SOUND ENERGY INC||CITY OF TACOMA - (WA),0.0,0.2707985792660235,Unknown/Not Researched
King,Seattle,WA,98146.0,2018,NISSAN,LEAF,Battery Electric Vehicle (BEV),Clean Alternative Fuel Vehicle Eligible,151,34.0,CITY OF SEATTLE - (WA)|CITY OF TACOMA - (WA),0.515358361774744,-1.3275420523756558,Long
Clark,Vancouver,WA,98663.0,2024,TOYOTA,RAV4 PRIME (PHEV),Plug-in Hybrid Electric Vehicle (PHEV),Clean Alternative Fuel Vehicle Eligible,42,49.0,BONNEVILLE POWER ADMINISTRATION||PUD NO 1 OF CLARK COUNTY - (WA),0.14334470989761092,0.5904667055943594,Short
King,Redmond,WA,98052.0,2023,TESLA,MODEL Y,Battery Electric Vehicle (BEV),Eligibility unknown as battery range has not been researched,0,45.0,PUGET SOUND ENERGY INC||CITY OF TACOMA - (WA),0.0,0.2707985792660235,Unknown/Not Researched
Thurston,Olympia,WA,98501.0,2021,HYUNDAI,IONIQ,Battery Electric Vehicle (BEV),Eligibility unknown as battery range has not been researched,0,35.0,PUGET SOUND ENERGY INC,0.0,-0.36853767339064825,Unknown/Not Researched
Thurston,Olympia,WA,98516.0,2024,ALFA ROMEO,TONALE,Plug-in Hybrid Electric Vehicle (PHEV),Clean Alternative Fuel Vehicle Eligible,33,22.0,PUGET SOUND ENERGY INC,0.11262798634812286,0.5904667055943594,Short
King,Clyde Hill,WA,98004.0,2026,TESLA,MODEL X,Battery Electric Vehicle (BEV),Eligibility unknown as battery range has not been researched,0,48.0,PUGET SOUND ENERGY INC||CITY OF TACOMA - (WA),0.0,1.2298029582510313,Unknown/Not Researched
King,Renton,WA,98059.0,2023,TESLA,MODEL Y,Battery Electric Vehicle (BEV),Eligibility unknown as battery range has not been researched,0,11.0,PUGET SOUND ENERGY INC||CITY OF TACOMA - (WA),0.0,0.2707985792660235,Unknown/Not Researched
King,Bellevue,WA,98004.0,2024,TESLA,MODEL Y,Battery Electric Vehicle (BEV),Eligibility unknown as battery range has not been researched,0,48.0,PUGET SOUND ENERGY INC||CITY OF TACOMA - (WA),0.0,0.5904667055943594,Unknown/Not Researched
Kitsap,Poulsbo,WA,98370.0,2024,KIA,EV9,Battery Electric Vehicle (BEV),Eligibility unknown as battery range has not been researched,0,23.0,PUGET SOUND ENERGY INC,0.0,0.5904667055943594,Unknown/Not Researched
King,Seattle,WA,98125.0,2024,TESLA,MODEL 3,Battery Electric Vehicle (BEV),Eligibility unknown as battery range has not been researched,0,46.0,CITY OF SEATTLE - (WA)|CITY OF TACOMA - (WA),0.0,0.5904667055943594,Unknown/Not Researched
King,Redmond,WA,98052.0,2021,TESLA,MODEL Y,Battery Electric Vehicle (BEV),Eligibility unknown as battery range has not been researched,0,45.0,PUGET SOUND ENERGY INC||CITY OF TACOMA - (WA),0.0,-0.36853767339064825,Unknown/Not Researched
King,Kirkland,WA,98033.0,2023,HYUNDAI,KONA,Battery Electric Vehicle (BEV),Eligibility unknown as battery range has not been researched,0,45.0,PUGET SOUND ENERGY INC||CITY OF TACOMA - (WA),0.0,0.2707985792660235,Unknown/Not Researched
Clark,Washougal,WA,98671.0,2023,FORD,F-150,Battery Electric Vehicle (BEV),Eligibility unknown as battery range has not been researched,0,18.0,BONNEVILLE POWER ADMINISTRATION||PUD NO 1 OF CLARK COUNTY - (WA),0.0,0.2707985792660235,Unknown/Not Researched
King,Bellevue,WA,98004.0,2023,TESLA,MODEL Y,Battery Electric Vehicle (BEV),Eligibility unknown as battery range has not been researched,0,41.0,PUGET SOUND ENERGY INC||CITY OF TACOMA - (WA),0.0,0.2707985792660235,Unknown/Not Researched
King,Seattle,WA,98177.0,2023,TESLA,MODEL Y,Battery Electric Vehicle (BEV),Eligibility unknown as battery range has not been researched,0,36.0,CITY OF SEATTLE - (WA)|CITY OF TACOMA - (WA),0.0,0.2707985792660235,Unknown/Not Researched
Kitsap,Bainbridge Island,WA,98110.0,2023,VOLVO,XC40,Battery Electric Vehicle (BEV),Eligibility unknown as battery range has not been researched,0,23.0,PUGET SOUND ENERGY INC,0.0,0.2707985792660235,Unknown/Not Researched
King,Redmond,WA,98052.0,2021,TESLA,MODEL Y,Battery Electric Vehicle (BEV),Eligibility unknown as battery range has not been researched,0,45.0,PUGET SOUND ENERGY INC||CITY OF TACOMA - (WA),0.0,-0.36853767339064825,Unknown/Not Researched
King,Kent,WA,98042.0,2025,GMC,HUMMER EV SUV,Battery Electric Vehicle (BEV),Eligibility unknown as battery range has not been researched,0,47.0,PUGET SOUND ENERGY INC||CITY OF TACOMA - (WA),0.0,0.9101348319226953,Unknown/Not Researched
Kitsap,Bainbridge Island,WA,98110.0,2024,SUBARU,SOLTERRA,Battery Electric Vehicle (BEV),Eligibility unknown as battery range has not been researched,0,23.0,PUGET SOUND ENERGY INC,0.0,0.5904667055943594,Unknown/Not Researched
King,Shoreline,WA,98133.0,2019,NISSAN,LEAF,Battery Electric Vehicle (BEV),Clean Alternative Fuel Vehicle Eligible,150,32.0,CITY OF SEATTLE - (WA)|CITY OF TACOMA - (WA),0.5119453924914675,-1.00787392604732,Medium
King,Seattle,WA,98133.0,2024,KIA,NIRO,Plug-in Hybrid Electric Vehicle (PHEV),Clean Alternative Fuel Vehicle Eligible,33,32.0,CITY OF SEATTLE - (WA)|CITY OF TACOMA - (WA),0.11262798634812286,0.5904667055943594,Short
King,Newcastle,WA,98059.0,2015,TESLA,MODEL S,Battery Electric Vehicle (BEV),Clean Alternative Fuel Vehicle Eligible,208,41.0,PUGET SOUND ENERGY INC||CITY OF TACOMA - (WA),0.7098976109215017,-2.2865464313606636,Long
King,Woodinville,WA,98072.0,2021,TESLA,MODEL Y,Battery Electric Vehicle (BEV),Eligibility unknown as battery range has not been researched,0,45.0,PUGET SOUND ENERGY INC||CITY OF TACOMA - (WA),0.0,-0.36853767339064825,Unknown/Not Researched
King,Kirkland,WA,98033.0,2023,TESLA,MODEL Y,Battery Electric Vehicle (BEV),Eligibility unknown as battery range has not been researched,0,45.0,PUGET SOUND ENERGY INC||CITY OF TACOMA - (WA),0.0,0.2707985792660235,Unknown/Not Researched
King,Seattle,WA,98117.0,2024,HYUNDAI,IONIQ 5,Battery Electric Vehicle (BEV),Eligibility unknown as battery range has not been researched,0,36.0,CITY OF SEATTLE - (WA)|CITY OF TACOMA - (WA),0.0,0.5904667055943594,Unknown/Not Researched
King,Bellevue,WA,98007.0,2024,MERCEDES-BENZ,EQS-CLASS SUV,Battery Electric Vehicle (BEV),Eligibility unknown as battery range has not been researched,0,48.0,PUGET SOUND ENERGY INC||CITY OF TACOMA - (WA),0.0,0.5904667055943594,Unknown/Not Researched
King,Kirkland,WA,98033.0,2021,TESLA,MODEL S,Battery Electric Vehicle (BEV),Eligibility unknown as battery range has not been researched,0,48.0,PUGET SOUND ENERGY INC||CITY OF TACOMA - (WA),0.0,-0.36853767339064825,Unknown/Not Researched
King,Kirkland,WA,98033.0,2018,PORSCHE,PANAMERA,Plug-in Hybrid Electric Vehicle (PHEV),Not eligible due to low battery range,16,48.0,PUGET SOUND ENERGY INC||CITY OF TACOMA - (WA),0.05460750853242321,-1.3275420523756558,Short
King,Redmond,WA,98052.0,2022,VOLVO,XC90,Plug-in Hybrid Electric Vehicle (PHEV),Not eligible due to low battery range,18,48.0,PUGET SOUND ENERGY INC||CITY OF TACOMA - (WA),0.06143344709897611,-0.04886954706231235,Short
Clark,Vancouver,WA,98664.0,2016,FORD,C-MAX,Plug-in Hybrid Electric Vehicle (PHEV),Not eligible due to low battery range,19,49.0,BONNEVILLE POWER ADMINISTRATION||PUD NO 1 OF CLARK COUNTY - (WA),0.06484641638225255,-1.9668783050323277,Short
King,Issaquah,WA,98029.0,2021,TESLA,MODEL Y,Battery Electric Vehicle (BEV),Eligibility unknown as battery range has not been researched,0,5.0,PUGET SOUND ENERGY INC||CITY OF TACOMA - (WA),0.0,-0.36853767339064825,Unknown/Not Researched
King,Kirkland,WA,98033.0,2024,TESLA,MODEL 3,Battery Electric Vehicle (BEV),Eligibility unknown as battery range has not been researched,0,48.0,PUGET SOUND ENERGY INC||CITY OF TACOMA - (WA),0.0,0.5904667055943594,Unknown/Not Researched
King,Redmond,WA,98052.0,2020,TESLA,MODEL X,Battery Electric Vehicle (BEV),Clean Alternative Fuel Vehicle Eligible,293,45.0,PUGET SOUND ENERGY INC||CITY OF TACOMA - (WA),1.0,-0.6882057997189841,Long
King,Burien,WA,98166.0,2024,VOLVO,XC60,Plug-in Hybrid Electric Vehicle (PHEV),Clean Alternative Fuel Vehicle Eligible,35,34.0,PUGET SOUND ENERGY INC||CITY OF TACOMA - (WA),0.11945392491467577,0.5904667055943594,Short
King,Burien,WA,98166.0,2018,TESLA,MODEL 3,Battery Electric Vehicle (BEV),Clean Alternative Fuel Vehicle Eligible,215,34.0,CITY OF SEATTLE - (WA)|CITY OF TACOMA - (WA),0.7337883959044369,-1.3275420523756558,Long
King,Redmond,WA,98052.0,2023,TESLA,MODEL S,Battery Electric Vehicle (BEV),Eligibility unknown as battery range has not been researched,0,45.0,PUGET SOUND ENERGY INC||CITY OF TACOMA - (WA),0.0,0.2707985792660235,Unknown/Not Researched
King,Bellevue,WA,98004.0,2025,MERCEDES-BENZ,GLC-CLASS,Plug-in Hybrid Electric Vehicle (PHEV),Clean Alternative Fuel Vehicle Eligible,54,48.0,PUGET SOUND ENERGY INC||CITY OF TACOMA - (WA),0.18430034129692832,0.9101348319226953,Medium
King,Seattle,WA,98102.0,2023,HYUNDAI,IONIQ 5,Battery Electric Vehicle (BEV),Eligibility unknown as battery range has not been researched,0,43.0,CITY OF SEATTLE - (WA)|CITY OF TACOMA - (WA),0.0,0.2707985792660235,Unknown/Not Researched
Clark,Brush Prairie,WA,98606.0,2025,LAND ROVER,RANGE ROVER SPORT,Plug-in Hybrid Electric Vehicle (PHEV),Clean Alternative Fuel Vehicle Eligible,60,18.0,BONNEVILLE POWER ADMINISTRATION||PUD NO 1 OF CLARK COUNTY - (WA),0.20477815699658702,0.9101348319226953,Medium
King,Sammamish,WA,98074.0,2024,TESLA,MODEL X,Battery Electric Vehicle (BEV),Eligibility unknown as battery range has not been researched,0,45.0,PUGET SOUND ENERGY INC||CITY OF TACOMA - (WA),0.0,0.5904667055943594,Unknown/Not Researched
King,Woodinville,WA,98072.0,2018,TESLA,MODEL 3,Battery Electric Vehicle (BEV),Clean Alternative Fuel Vehicle Eligible,215,45.0,PUGET SOUND ENERGY INC||CITY OF TACOMA - (WA),0.7337883959044369,-1.3275420523756558,Long
Kitsap,Bremerton,WA,98310.0,2016,SMART,FORTWO,Battery Electric Vehicle (BEV),Clean Alternative Fuel Vehicle Eligible,68,23.0,PUGET SOUND ENERGY INC,0.23208191126279865,-1.9668783050323277,Medium
King,Auburn,WA,98001.0,2021,FORD,MUSTANG MACH-E,Battery Electric Vehicle (BEV),Eligibility unknown as battery range has not been researched,0,47.0,PUGET SOUND ENERGY INC||CITY OF TACOMA - (WA),0.0,-0.36853767339064825,Unknown/Not Researched
King,Kirkland,WA,98034.0,2023,KIA,EV6,Battery Electric Vehicle (BEV),Eligibility unknown as battery range has not been researched,0,1.0,PUGET SOUND ENERGY INC||CITY OF TACOMA - (WA),0.0,0.2707985792660235,Unknown/Not Researched
King,Seattle,WA,98177.0,2025,NISSAN,LEAF,Battery Electric Vehicle (BEV),Eligibility unknown as battery range has not been researched,0,36.0,CITY OF SEATTLE - (WA)|CITY OF TACOMA - (WA),0.0,0.9101348319226953,Unknown/Not Researched
King,Bellevue,WA,98004.0,2026,TESLA,MODEL Y,Battery Electric Vehicle (BEV),Eligibility unknown as battery range has not been researched,0,48.0,PUGET SOUND ENERGY INC||CITY OF TACOMA - (WA),0.0,1.2298029582510313,Unknown/Not Researched
King,Seattle,WA,98105.0,2016,VOLKSWAGEN,E-GOLF,Battery Electric Vehicle (BEV),Clean Alternative Fuel Vehicle Eligible,83,43.0,CITY OF SEATTLE - (WA)|CITY OF TACOMA - (WA),0.2832764505119454,-1.9668783050323277,Medium
King,Bothell,WA,98011.0,2025,FORD,MUSTANG MACH-E,Battery Electric Vehicle (BEV),Eligibility unknown as battery range has not been researched,0,1.0,PUGET SOUND ENERGY INC||CITY OF TACOMA - (WA),0.0,0.9101348319226953,Unknown/Not Researched
Clark,Vancouver,WA,98662.0,2023,TESLA,MODEL Y,Battery Electric Vehicle (BEV),Eligibility unknown as battery range has not been researched,0,17.0,BONNEVILLE POWER ADMINISTRATION||PUD NO 1 OF CLARK COUNTY - (WA),0.0,0.2707985792660235,Unknown/Not Researched
King,Kirkland,WA,98033.0,2024,TESLA,MODEL Y,Battery Electric Vehicle (BEV),Eligibility unknown as battery range has not been researched,0,48.0,PUGET SOUND ENERGY INC||CITY OF TACOMA - (WA),0.0,0.5904667055943594,Unknown/Not Researched
Clark,Vancouver,WA,98686.0,2022,JEEP,WRANGLER,Plug-in Hybrid Electric Vehicle (PHEV),Not eligible due to low battery range,21,17.0,BONNEVILLE POWER ADMINISTRATION||PUD NO 1 OF CLARK COUNTY - (WA),0.07167235494880546,-0.04886954706231235,Short
King,Redmond,WA,98052.0,2023,TESLA,MODEL X,Battery Electric Vehicle (BEV),Eligibility unknown as battery range has not been researched,0,45.0,PUGET SOUND ENERGY INC||CITY OF TACOMA - (WA),0.0,0.2707985792660235,Unknown/Not Researched
King,Auburn,WA,98002.0,2023,VOLKSWAGEN,ID.4,Battery Electric Vehicle (BEV),Eligibility unknown as battery range has not been researched,0,30.0,PUGET SOUND ENERGY INC||CITY OF TACOMA - (WA),0.0,0.2707985792660235,Unknown/Not Researched
Kitsap,Port Orchard,WA,98367.0,2023,JEEP,GRAND CHEROKEE,Plug-in Hybrid Electric Vehicle (PHEV),Not eligible due to low battery range,25,26.0,PUGET SOUND ENERGY INC,0.08532423208191127,0.2707985792660235,Short
Clark,Vancouver,WA,98685.0,2023,CHEVROLET,BOLT EUV,Battery Electric Vehicle (BEV),Eligibility unknown as battery range has not been researched,0,18.0,BONNEVILLE POWER ADMINISTRATION||PUD NO 1 OF CLARK COUNTY - (WA),0.0,0.2707985792660235,Unknown/Not Researched
Yakima,Yakima,WA,98901.0,2020,CHEVROLET,BOLT EV,Battery Electric Vehicle (BEV),Clean Alternative Fuel Vehicle Eligible,259,14.0,PACIFICORP,0.8839590443686007,-0.6882057997189841,Long
Snohomish,Lake Stevens,WA,98258.0,2022,TESLA,MODEL 3,Battery Electric Vehicle (BEV),Eligibility unknown as battery range has not been researched,0,44.0,PUGET SOUND ENERGY INC,0.0,-0.04886954706231235,Unknown/Not Researched
King,Shoreline,WA,98155.0,2017,NISSAN,LEAF,Battery Electric Vehicle (BEV),Clean Alternative Fuel Vehicle Eligible,107,32.0,CITY OF SEATTLE - (WA)|CITY OF TACOMA - (WA),0.3651877133105802,-1.647210178703992,Medium
King,Bellevue,WA,98004.0,2023,TESLA,MODEL X,Battery Electric Vehicle (BEV),Eligibility unknown as battery range has not been researched,0,41.0,PUGET SOUND ENERGY INC||CITY OF TACOMA - (WA),0.0,0.2707985792660235,Unknown/Not Researched
King,Seattle,WA,98122.0,2024,FORD,MUSTANG MACH-E,Battery Electric Vehicle (BEV),Eligibility unknown as battery range has not been researched,0,37.0,CITY OF SEATTLE - (WA)|CITY OF TACOMA - (WA),0.0,0.5904667055943594,Unknown/Not Researched
King,Kirkland,WA,98034.0,2024,FORD,MUSTANG MACH-E,Battery Electric Vehicle (BEV),Eligibility unknown as battery range has not been researched,0,1.0,PUGET SOUND ENERGY INC||CITY OF TACOMA - (WA),0.0,0.5904667055943594,Unknown/Not Researched
King,Seattle,WA,98112.0,2026,TESLA,MODEL Y,Battery Electric Vehicle (BEV),Eligibility unknown as battery range has not been researched,0,37.0,CITY OF SEATTLE - (WA)|CITY OF TACOMA - (WA),0.0,1.2298029582510313,Unknown/Not Researched
King,Seattle,WA,98117.0,2023,TESLA,MODEL Y,Battery Electric Vehicle (BEV),Eligibility unknown as battery range has not been researched,0,36.0,CITY OF SEATTLE - (WA)|CITY OF TACOMA - (WA),0.0,0.2707985792660235,Unknown/Not Researched
King,Seattle,WA,98112.0,2018,NISSAN,LEAF,Battery Electric Vehicle (BEV),Clean Alternative Fuel Vehicle Eligible,151,43.0,CITY OF SEATTLE - (WA)|CITY OF TACOMA - (WA),0.515358361774744,-1.3275420523756558,Long
King,Seattle,WA,98125.0,2026,HYUNDAI,IONIQ 9,Battery Electric Vehicle (BEV),Eligibility unknown as battery range has not been researched,0,46.0,CITY OF SEATTLE - (WA)|CITY OF TACOMA - (WA),0.0,1.2298029582510313,Unknown/Not Researched
Clark,Vancouver,WA,98662.0,2020,TESLA,MODEL 3,Battery Electric Vehicle (BEV),Clean Alternative Fuel Vehicle Eligible,266,17.0,BONNEVILLE POWER ADMINISTRATION||PUD NO 1 OF CLARK COUNTY - (WA),0.9078498293515358,-0.6882057997189841,Long
King,Lake Forest Park,WA,98155.0,2022,TESLA,MODEL Y,Battery Electric Vehicle (BEV),Eligibility unknown as battery range has not been researched,0,46.0,CITY OF SEATTLE - (WA)|CITY OF TACOMA - (WA),0.0,-0.04886954706231235,Unknown/Not Researched
King,Bellevue,WA,98006.0,2016,TESLA,MODEL X,Battery Electric Vehicle (BEV),Clean Alternative Fuel Vehicle Eligible,200,41.0,PUGET SOUND ENERGY INC||CITY OF TACOMA - (WA),0.6825938566552902,-1.9668783050323277,Long
King,Kirkland,WA,98033.0,2019,KIA,NIRO,Plug-in Hybrid Electric Vehicle (PHEV),Not eligible due to low battery range,26,45.0,PUGET SOUND ENERGY INC||CITY OF TACOMA - (WA),0.08873720136518772,-1.00787392604732,Short
Whitman,Pullman,WA,99163.0,2014,BMW,I3,Plug-in Hybrid Electric Vehicle (PHEV),Clean Alternative Fuel Vehicle Eligible,72,9.0,AVISTA CORP,0.24573378839590443,-2.6062145576889995,Medium
King,Kent,WA,98031.0,2022,TESLA,MODEL 3,Battery Electric Vehicle (BEV),Eligibility unknown as battery range has not been researched,0,47.0,PUGET SOUND ENERGY INC||CITY OF TACOMA - (WA),0.0,-0.04886954706231235,Unknown/Not Researched
King,Kirkland,WA,98033.0,2023,TESLA,MODEL X,Battery Electric Vehicle (BEV),Eligibility unknown as battery range has not been researched,0,45.0,PUGET SOUND ENERGY INC||CITY OF TACOMA - (WA),0.0,0.2707985792660235,Unknown/Not Researched
King,Bellevue,WA,98004.0,2024,TESLA,MODEL 3,Battery Electric Vehicle (BEV),Eligibility unknown as battery range has not been researched,0,41.0,PUGET SOUND ENERGY INC||CITY OF TACOMA - (WA),0.0,0.5904667055943594,Unknown/Not Researched
King,Seattle,WA,98121.0,2025,CADILLAC,OPTIQ,Battery Electric Vehicle (BEV),Eligibility unknown as battery range has not been researched,0,36.0,CITY OF SEATTLE - (WA)|CITY OF TACOMA - (WA),0.0,0.9101348319226953,Unknown/Not Researched
King,Seattle,WA,98122.0,2021,CHEVROLET,BOLT EV,Battery Electric Vehicle (BEV),Eligibility unknown as battery range has not been researched,0,37.0,CITY OF SEATTLE - (WA)|CITY OF TACOMA - (WA),0.0,-0.36853767339064825,Unknown/Not Researched
Snohomish,Mukilteo,WA,98275.0,2023,TESLA,MODEL 3,Battery Electric Vehicle (BEV),Eligibility unknown as battery range has not been researched,0,21.0,PUGET SOUND ENERGY INC,0.0,0.2707985792660235,Unknown/Not Researched
King,Kirkland,WA,98034.0,2021,TESLA,MODEL Y,Battery Electric Vehicle (BEV),Eligibility unknown as battery range has not been researched,0,1.0,PUGET SOUND ENERGY INC||CITY OF TACOMA - (WA),0.0,-0.36853767339064825,Unknown/Not Researched
King,Woodinville,WA,98072.0,2017,TESLA,MODEL X,Battery Electric Vehicle (BEV),Clean Alternative Fuel Vehicle Eligible,200,45.0,PUGET SOUND ENERGY INC||CITY OF TACOMA - (WA),0.6825938566552902,-1.647210178703992,Long
King,Kirkland,WA,98034.0,2025,VOLVO,XC90,Plug-in Hybrid Electric Vehicle (PHEV),Clean Alternative Fuel Vehicle Eligible,32,45.0,PUGET SOUND ENERGY INC||CITY OF TACOMA - (WA),0.10921501706484642,0.9101348319226953,Short
King,Kent,WA,98031.0,2023,TOYOTA,PRIUS PRIME (PHEV),Plug-in Hybrid Electric Vehicle (PHEV),Clean Alternative Fuel Vehicle Eligible,39,47.0,PUGET SOUND ENERGY INC||CITY OF TACOMA - (WA),0.13310580204778158,0.2707985792660235,Short
Clark,Vancouver,WA,98682.0,2023,TESLA,MODEL 3,Battery Electric Vehicle (BEV),Eligibility unknown as battery range has not been researched,0,17.0,BONNEVILLE POWER ADMINISTRATION||PUD NO 1 OF CLARK COUNTY - (WA),0.0,0.2707985792660235,Unknown/Not Researched
Cowlitz,Castle Rock,WA,98611.0,2025,TESLA,CYBERTRUCK,Battery Electric Vehicle (BEV),Eligibility unknown as battery range has not been researched,0,20.0,BONNEVILLE POWER ADMINISTRATION||PUD NO 1 OF COWLITZ COUNTY,0.0,0.9101348319226953,Unknown/Not Researched
King,Renton,WA,98059.0,2026,NISSAN,LEAF,Battery Electric Vehicle (BEV),Eligibility unknown as battery range has not been researched,0,11.0,PUGET SOUND ENERGY INC||CITY OF TACOMA - (WA),0.0,1.2298029582510313,Unknown/Not Researched
Kitsap,Bainbridge Island,WA,98110.0,2019,CHRYSLER,PACIFICA,Plug-in Hybrid Electric Vehicle (PHEV),Clean Alternative Fuel Vehicle Eligible,32,23.0,PUGET SOUND ENERGY INC,0.10921501706484642,-1.00787392604732,Short
Clark,Vancouver,WA,98682.0,2025,SUBARU,SOLTERRA,Battery Electric Vehicle (BEV),Eligibility unknown as battery range has not been researched,0,17.0,BONNEVILLE POWER ADMINISTRATION||PUD NO 1 OF CLARK COUNTY - (WA),0.0,0.9101348319226953,Unknown/Not Researched
King,Seattle,WA,98109.0,2015,FORD,FUSION,Plug-in Hybrid Electric Vehicle (PHEV),Not eligible due to low battery range,19,36.0,CITY OF SEATTLE - (WA)|CITY OF TACOMA - (WA),0.06484641638225255,-2.2865464313606636,Short
King,Seattle,WA,98102.0,2019,TESLA,MODEL 3,Battery Electric Vehicle (BEV),Clean Alternative Fuel Vehicle Eligible,220,43.0,CITY OF SEATTLE - (WA)|CITY OF TACOMA - (WA),0.7508532423208191,-1.00787392604732,Long
King,Lake Forest Park,WA,98155.0,2023,TOYOTA,RAV4 PRIME (PHEV),Plug-in Hybrid Electric Vehicle (PHEV),Clean Alternative Fuel Vehicle Eligible,42,46.0,CITY OF SEATTLE - (WA)|CITY OF TACOMA - (WA),0.14334470989761092,0.2707985792660235,Short
Clark,Vancouver,WA,98682.0,2019,CHEVROLET,BOLT EV,Battery Electric Vehicle (BEV),Clean Alternative Fuel Vehicle Eligible,238,17.0,BONNEVILLE POWER ADMINISTRATION||PUD NO 1 OF CLARK COUNTY - (WA),0.8122866894197952,-1.00787392604732,Long
King,Issaquah,WA,98027.0,2026,HYUNDAI,IONIQ 5,Battery Electric Vehicle (BEV),Eligibility unknown as battery range has not been researched,0,5.0,PUGET SOUND ENERGY INC||CITY OF TACOMA - (WA),0.0,1.2298029582510313,Unknown/Not Researched
Clark,Ridgefield,WA,98642.0,2025,MERCEDES-BENZ,EQE-CLASS SUV,Battery Electric Vehicle (BEV),Eligibility unknown as battery range has not been researched,0,18.0,BONNEVILLE POWER ADMINISTRATION||PUD NO 1 OF CLARK COUNTY - (WA),0.0,0.9101348319226953,Unknown/Not Researched
Snohomish,Everett,WA,98208.0,2023,BMW,530E,Plug-in Hybrid Electric Vehicle (PHEV),Not eligible due to low battery range,21,44.0,PUGET SOUND ENERGY INC,0.07167235494880546,0.2707985792660235,Short
King,Bellevue,WA,98004.0,2023,TESLA,MODEL Y,Battery Electric Vehicle (BEV),Eligibility unknown as battery range has not been researched,0,48.0,PUGET SOUND ENERGY INC||CITY OF TACOMA - (WA),0.0,0.2707985792660235,Unknown/Not Researched
King,Kirkland,WA,98033.0,2023,TESLA,MODEL X,Battery Electric Vehicle (BEV),Eligibility unknown as battery range has not been researched,0,45.0,PUGET SOUND ENERGY INC||CITY OF TACOMA - (WA),0.0,0.2707985792660235,Unknown/Not Researched
Clark,Vancouver,WA,98685.0,2021,TESLA,MODEL Y,Battery Electric Vehicle (BEV),Eligibility unknown as battery range has not been researched,0,18.0,BONNEVILLE POWER ADMINISTRATION||PUD NO 1 OF CLARK COUNTY - (WA),0.0,-0.36853767339064825,Unknown/Not Researched
Clark,Vancouver,WA,98685.0,2026,SUBARU,SOLTERRA,Battery Electric Vehicle (BEV),Eligibility unknown as battery range has not been researched,0,18.0,BONNEVILLE POWER ADMINISTRATION||PUD NO 1 OF CLARK COUNTY - (WA),0.0,1.2298029582510313,Unknown/Not Researched
King,Duvall,WA,98019.0,2025,BMW,X5,Plug-in Hybrid Electric Vehicle (PHEV),Clean Alternative Fuel Vehicle Eligible,40,45.0,PUGET SOUND ENERGY INC||CITY OF TACOMA - (WA),0.13651877133105803,0.9101348319226953,Short
Clark,Vancouver,WA,98685.0,2020,VOLVO,V60,Plug-in Hybrid Electric Vehicle (PHEV),Not eligible due to low battery range,22,18.0,BONNEVILLE POWER ADMINISTRATION||PUD NO 1 OF CLARK COUNTY - (WA),0.07508532423208192,-0.6882057997189841,Short
King,Sammamish,WA,98074.0,2023,BMW,X5,Plug-in Hybrid Electric Vehicle (PHEV),Clean Alternative Fuel Vehicle Eligible,30,45.0,PUGET SOUND ENERGY INC||CITY OF TACOMA - (WA),0.10238907849829351,0.2707985792660235,Short
King,Kent,WA,98030.0,2023,LEXUS,RZ,Battery Electric Vehicle (BEV),Eligibility unknown as battery range has not been researched,0,33.0,PUGET SOUND ENERGY INC||CITY OF TACOMA - (WA),0.0,0.2707985792660235,Unknown/Not Researched
King,Seattle,WA,98109.0,2017,CHEVROLET,BOLT EV,Battery Electric Vehicle (BEV),Clean Alternative Fuel Vehicle Eligible,238,36.0,CITY OF SEATTLE - (WA)|CITY OF TACOMA - (WA),0.8122866894197952,-1.647210178703992,Long
King,Bellevue,WA,98006.0,2026,TESLA,MODEL Y,Battery Electric Vehicle (BEV),Eligibility unknown as battery range has not been researched,0,41.0,PUGET SOUND ENERGY INC||CITY OF TACOMA - (WA),0.0,1.2298029582510313,Unknown/Not Researched
Yakima,Selah,WA,98942.0,2023,BMW,IX,Battery Electric Vehicle (BEV),Eligibility unknown as battery range has not been researched,0,15.0,PACIFICORP,0.0,0.2707985792660235,Unknown/Not Researched
Thurston,Olympia,WA,98501.0,2020,CHEVROLET,BOLT EV,Battery Electric Vehicle (BEV),Clean Alternative Fuel Vehicle Eligible,259,22.0,PUGET SOUND ENERGY INC,0.8839590443686007,-0.6882057997189841,Long
King,Bothell,WA,98011.0,2023,TESLA,MODEL 3,Battery Electric Vehicle (BEV),Eligibility unknown as battery range has not been researched,0,1.0,PUGET SOUND ENERGY INC||CITY OF TACOMA - (WA),0.0,0.2707985792660235,Unknown/Not Researched
Kitsap,Kingston,WA,98346.0,2022,KIA,EV6,Battery Electric Vehicle (BEV),Eligibility unknown as battery range has not been researched,0,23.0,PUGET SOUND ENERGY INC,0.0,-0.04886954706231235,Unknown/Not Researched
King,Renton,WA,98058.0,2024,TESLA,MODEL Y,Battery Electric Vehicle (BEV),Eligibility unknown as battery range has not been researched,0,11.0,PUGET SOUND ENERGY INC||CITY OF TACOMA - (WA),0.0,0.5904667055943594,Unknown/Not Researched
Kitsap,Bainbridge Island,WA,98110.0,2013,TESLA,MODEL S,Battery Electric Vehicle (BEV),Clean Alternative Fuel Vehicle Eligible,208,23.0,PUGET SOUND ENERGY INC,0.7098976109215017,-2.9258826840173353,Long
Kitsap,Bainbridge Island,WA,98110.0,2022,BMW,X5,Plug-in Hybrid Electric Vehicle (PHEV),Clean Alternative Fuel Vehicle Eligible,30,23.0,PUGET SOUND ENERGY INC,0.10238907849829351,-0.04886954706231235,Short
King,Seattle,WA,98125.0,2022,HYUNDAI,KONA,Battery Electric Vehicle (BEV),Eligibility unknown as battery range has not been researched,0,46.0,CITY OF SEATTLE - (WA)|CITY OF TACOMA - (WA),0.0,-0.04886954706231235,Unknown/Not Researched
King,Bellevue,WA,98005.0,2023,TESLA,MODEL Y,Battery Electric Vehicle (BEV),Eligibility unknown as battery range has not been researched,0,48.0,PUGET SOUND ENERGY INC||CITY OF TACOMA - (WA),0.0,0.2707985792660235,Unknown/Not Researched
Jefferson,Port Ludlow,WA,98365.0,2024,TOYOTA,RAV4 PRIME (PHEV),Plug-in Hybrid Electric Vehicle (PHEV),Clean Alternative Fuel Vehicle Eligible,42,24.0,BONNEVILLE POWER ADMINISTRATION||PUGET SOUND ENERGY INC||PUD NO 1 OF JEFFERSON COUNTY,0.14334470989761092,0.5904667055943594,Short
King,Kirkland,WA,98033.0,2023,JEEP,WRANGLER,Plug-in Hybrid Electric Vehicle (PHEV),Not eligible due to low battery range,21,48.0,PUGET SOUND ENERGY INC||CITY OF TACOMA - (WA),0.07167235494880546,0.2707985792660235,Short
King,Issaquah,WA,98029.0,2017,CHEVROLET,VOLT,Plug-in Hybrid Electric Vehicle (PHEV),Clean Alternative Fuel Vehicle Eligible,53,5.0,PUGET SOUND ENERGY INC||CITY OF TACOMA - (WA),0.18088737201365188,-1.647210178703992,Medium
King,Kirkland,WA,98033.0,2024,JEEP,WRANGLER,Plug-in Hybrid Electric Vehicle (PHEV),Not eligible due to low battery range,21,48.0,PUGET SOUND ENERGY INC||CITY OF TACOMA - (WA),0.07167235494880546,0.5904667055943594,Short
Kitsap,Bainbridge Island,WA,98110.0,2022,RIVIAN,R1S,Battery Electric Vehicle (BEV),Eligibility unknown as battery range has not been researched,0,23.0,PUGET SOUND ENERGY INC,0.0,-0.04886954706231235,Unknown/Not Researched
King,Woodinville,WA,98072.0,2025,TESLA,MODEL Y,Battery Electric Vehicle (BEV),Eligibility unknown as battery range has not been researched,0,45.0,PUGET SOUND ENERGY INC||CITY OF TACOMA - (WA),0.0,0.9101348319226953,Unknown/Not Researched
King,Kirkland,WA,98034.0,2020,TESLA,MODEL 3,Battery Electric Vehicle (BEV),Clean Alternative Fuel Vehicle Eligible,266,45.0,PUGET SOUND ENERGY INC||CITY OF TACOMA - (WA),0.9078498293515358,-0.6882057997189841,Long
Snohomish,Lake Stevens,WA,98258.0,2024,NISSAN,ARIYA HATCHBACK,Battery Electric Vehicle (BEV),Eligibility unknown as battery range has not been researched,0,44.0,PUGET SOUND ENERGY INC,0.0,0.5904667055943594,Unknown/Not Researched
Thurston,Olympia,WA,98506.0,2017,CHEVROLET,BOLT EV,Battery Electric Vehicle (BEV),Clean Alternative Fuel Vehicle Eligible,238,22.0,PUGET SOUND ENERGY INC,0.8122866894197952,-1.647210178703992,Long
King,Seattle,WA,98125.0,2024,TOYOTA,RAV4 PRIME (PHEV),Plug-in Hybrid Electric Vehicle (PHEV),Clean Alternative Fuel Vehicle Eligible,42,46.0,CITY OF SEATTLE - (WA)|CITY OF TACOMA - (WA),0.14334470989761092,0.5904667055943594,Short
King,Renton,WA,98055.0,2026,TESLA,MODEL Y,Battery Electric Vehicle (BEV),Eligibility unknown as battery range has not been researched,0,11.0,PUGET SOUND ENERGY INC||CITY OF TACOMA - (WA),0.0,1.2298029582510313,Unknown/Not Researched
Snohomish,Monroe,WA,98272.0,2019,CHEVROLET,BOLT EV,Battery Electric Vehicle (BEV),Clean Alternative Fuel Vehicle Eligible,238,39.0,BONNEVILLE POWER ADMINISTRATION||PUD 1 OF SNOHOMISH COUNTY,0.8122866894197952,-1.00787392604732,Long
King,Redmond,WA,98052.0,2014,NISSAN,LEAF,Battery Electric Vehicle (BEV),Clean Alternative Fuel Vehicle Eligible,84,45.0,PUGET SOUND ENERGY INC||CITY OF TACOMA - (WA),0.28668941979522183,-2.6062145576889995,Medium
King,Seattle,WA,98125.0,2018,TESLA,MODEL 3,Battery Electric Vehicle (BEV),Clean Alternative Fuel Vehicle Eligible,215,46.0,CITY OF SEATTLE - (WA)|CITY OF TACOMA - (WA),0.7337883959044369,-1.3275420523756558,Long
King,Sammamish,WA,98074.0,2021,CHEVROLET,BOLT EV,Battery Electric Vehicle (BEV),Eligibility unknown as battery range has not been researched,0,45.0,PUGET SOUND ENERGY INC||CITY OF TACOMA - (WA),0.0,-0.36853767339064825,Unknown/Not Researched
King,Newcastle,WA,98056.0,2024,JEEP,WRANGLER,Plug-in Hybrid Electric Vehicle (PHEV),Not eligible due to low battery range,21,41.0,PUGET SOUND ENERGY INC||CITY OF TACOMA - (WA),0.07167235494880546,0.5904667055943594,Short
Thurston,Yelm,WA,98597.0,2026,TESLA,MODEL Y,Battery Electric Vehicle (BEV),Eligibility unknown as battery range has not been researched,0,2.0,PUGET SOUND ENERGY INC,0.0,1.2298029582510313,Unknown/Not Researched
King,Auburn,WA,98092.0,2024,TOYOTA,RAV4 PRIME (PHEV),Plug-in Hybrid Electric Vehicle (PHEV),Clean Alternative Fuel Vehicle Eligible,42,47.0,PUGET SOUND ENERGY INC||CITY OF TACOMA - (WA),0.14334470989761092,0.5904667055943594,Short
King,Kirkland,WA,98034.0,2018,CHEVROLET,VOLT,Plug-in Hybrid Electric Vehicle (PHEV),Clean Alternative Fuel Vehicle Eligible,53,1.0,PUGET SOUND ENERGY INC||CITY OF TACOMA - (WA),0.18088737201365188,-1.3275420523756558,Medium
King,Pacific,WA,98047.0,2025,CHEVROLET,EQUINOX,Battery Electric Vehicle (BEV),Eligibility unknown as battery range has not been researched,0,30.0,PUGET SOUND ENERGY INC||CITY OF TACOMA - (WA),0.0,0.9101348319226953,Unknown/Not Researched
Clark,Battle Ground,WA,98604.0,2018,HONDA,CLARITY,Plug-in Hybrid Electric Vehicle (PHEV),Clean Alternative Fuel Vehicle Eligible,47,17.0,BONNEVILLE POWER ADMINISTRATION||PUD NO 1 OF CLARK COUNTY - (WA),0.16040955631399317,-1.3275420523756558,Short
King,Seattle,WA,98133.0,2023,TESLA,MODEL Y,Battery Electric Vehicle (BEV),Eligibility unknown as battery range has not been researched,0,32.0,CITY OF SEATTLE - (WA)|CITY OF TACOMA - (WA),0.0,0.2707985792660235,Unknown/Not Researched
Snohomish,Lake Stevens,WA,98258.0,2024,TESLA,MODEL Y,Battery Electric Vehicle (BEV),Eligibility unknown as battery range has not been researched,0,44.0,PUGET SOUND ENERGY INC,0.0,0.5904667055943594,Unknown/Not Researched
King,Federal Way,WA,98003.0,2018,CHEVROLET,VOLT,Plug-in Hybrid Electric Vehicle (PHEV),Clean Alternative Fuel Vehicle Eligible,53,30.0,PUGET SOUND ENERGY INC||CITY OF TACOMA - (WA),0.18088737201365188,-1.3275420523756558,Medium
Clark,Vancouver,WA,98685.0,2016,TESLA,MODEL S,Battery Electric Vehicle (BEV),Clean Alternative Fuel Vehicle Eligible,210,18.0,BONNEVILLE POWER ADMINISTRATION||PUD NO 1 OF CLARK COUNTY - (WA),0.7167235494880546,-1.9668783050323277,Long
King,Seattle,WA,98177.0,2019,KIA,NIRO,Plug-in Hybrid Electric Vehicle (PHEV),Not eligible due to low battery range,26,32.0,CITY OF SEATTLE - (WA)|CITY OF TACOMA - (WA),0.08873720136518772,-1.00787392604732,Short
King,Bellevue,WA,98004.0,2026,TESLA,MODEL Y,Battery Electric Vehicle (BEV),Eligibility unknown as battery range has not been researched,0,41.0,PUGET SOUND ENERGY INC||CITY OF TACOMA - (WA),0.0,1.2298029582510313,Unknown/Not Researched
King,Bellevue,WA,98004.0,2013,NISSAN,LEAF,Battery Electric Vehicle (BEV),Clean Alternative Fuel Vehicle Eligible,75,41.0,PUGET SOUND ENERGY INC||CITY OF TACOMA - (WA),0.25597269624573377,-2.9258826840173353,Medium
King,Seattle,WA,98125.0,2022,VOLVO,XC60,Plug-in Hybrid Electric Vehicle (PHEV),Clean Alternative Fuel Vehicle Eligible,35,46.0,CITY OF SEATTLE - (WA)|CITY OF TACOMA - (WA),0.11945392491467577,-0.04886954706231235,Short
King,Issaquah,WA,98029.0,2024,TESLA,MODEL 3,Battery Electric Vehicle (BEV),Eligibility unknown as battery range has not been researched,0,5.0,PUGET SOUND ENERGY INC||CITY OF TACOMA - (WA),0.0,0.5904667055943594,Unknown/Not Researched
King,Redmond,WA,98052.0,2021,JEEP,WRANGLER,Plug-in Hybrid Electric Vehicle (PHEV),Not eligible due to low battery range,25,48.0,PUGET SOUND ENERGY INC||CITY OF TACOMA - (WA),0.08532423208191127,-0.36853767339064825,Short
King,Bellevue,WA,98005.0,2018,TESLA,MODEL 3,Battery Electric Vehicle (BEV),Clean Alternative Fuel Vehicle Eligible,215,41.0,PUGET SOUND ENERGY INC||CITY OF TACOMA - (WA),0.7337883959044369,-1.3275420523756558,Long
King,Kirkland,WA,98034.0,2023,FORD,MUSTANG MACH-E,Battery Electric Vehicle (BEV),Eligibility unknown as battery range has not been researched,0,45.0,PUGET SOUND ENERGY INC||CITY OF TACOMA - (WA),0.0,0.2707985792660235,Unknown/Not Researched
King,Newcastle,WA,98056.0,2024,RIVIAN,R1S,Battery Electric Vehicle (BEV),Eligibility unknown as battery range has not been researched,0,41.0,PUGET SOUND ENERGY INC||CITY OF TACOMA - (WA),0.0,0.5904667055943594,Unknown/Not Researched
King,Bellevue,WA,98006.0,2024,TESLA,MODEL Y,Battery Electric Vehicle (BEV),Eligibility unknown as battery range has not been researched,0,41.0,PUGET SOUND ENERGY INC||CITY OF TACOMA - (WA),0.0,0.5904667055943594,Unknown/Not Researched
King,Seattle,WA,98122.0,2022,TESLA,MODEL 3,Battery Electric Vehicle (BEV),Eligibility unknown as battery range has not been researched,0,37.0,CITY OF SEATTLE - (WA)|CITY OF TACOMA - (WA),0.0,-0.04886954706231235,Unknown/Not Researched
King,Kirkland,WA,98033.0,2025,MERCEDES-BENZ,GLC-CLASS,Plug-in Hybrid Electric Vehicle (PHEV),Clean Alternative Fuel Vehicle Eligible,54,45.0,PUGET SOUND ENERGY INC||CITY OF TACOMA - (WA),0.18430034129692832,0.9101348319226953,Medium
King,Bellevue,WA,98006.0,2023,MERCEDES-BENZ,EQE-CLASS SUV,Battery Electric Vehicle (BEV),Eligibility unknown as battery range has not been researched,0,41.0,PUGET SOUND ENERGY INC||CITY OF TACOMA - (WA),0.0,0.2707985792660235,Unknown/Not Researched
King,Kirkland,WA,98033.0,2015,NISSAN,LEAF,Battery Electric Vehicle (BEV),Clean Alternative Fuel Vehicle Eligible,84,48.0,PUGET SOUND ENERGY INC||CITY OF TACOMA - (WA),0.28668941979522183,-2.2865464313606636,Medium
King,Kirkland,WA,98034.0,2026,TESLA,MODEL 3,Battery Electric Vehicle (BEV),Eligibility unknown as battery range has not been researched,0,45.0,PUGET SOUND ENERGY INC||CITY OF TACOMA - (WA),0.0,1.2298029582510313,Unknown/Not Researched
King,Redmond,WA,98052.0,2026,TESLA,MODEL Y,Battery Electric Vehicle (BEV),Eligibility unknown as battery range has not been researched,0,45.0,PUGET SOUND ENERGY INC||CITY OF TACOMA - (WA),0.0,1.2298029582510313,Unknown/Not Researched
Thurston,Olympia,WA,98502.0,2024,TOYOTA,PRIUS PRIME (PHEV),Plug-in Hybrid Electric Vehicle (PHEV),Clean Alternative Fuel Vehicle Eligible,39,22.0,PUGET SOUND ENERGY INC,0.13310580204778158,0.5904667055943594,Short
King,Bellevue,WA,98004.0,2024,TESLA,MODEL Y,Battery Electric Vehicle (BEV),Eligibility unknown as battery range has not been researched,0,48.0,PUGET SOUND ENERGY INC||CITY OF TACOMA - (WA),0.0,0.5904667055943594,Unknown/Not Researched
Island,Langley,WA,98260.0,2023,VOLKSWAGEN,ID.4,Battery Electric Vehicle (BEV),Eligibility unknown as battery range has not been researched,0,10.0,PUGET SOUND ENERGY INC,0.0,0.2707985792660235,Unknown/Not Researched
King,Seattle,WA,98103.0,2026,SUBARU,SOLTERRA,Battery Electric Vehicle (BEV),Eligibility unknown as battery range has not been researched,0,43.0,CITY OF SEATTLE - (WA)|CITY OF TACOMA - (WA),0.0,1.2298029582510313,Unknown/Not Researched
King,Sammamish,WA,98075.0,2026,MERCEDES-BENZ,GLC-CLASS,Plug-in Hybrid Electric Vehicle (PHEV),Clean Alternative Fuel Vehicle Eligible,54,41.0,PUGET SOUND ENERGY INC||CITY OF TACOMA - (WA),0.18430034129692832,1.2298029582510313,Medium
King,Kirkland,WA,98034.0,2023,TESLA,MODEL Y,Battery Electric Vehicle (BEV),Eligibility unknown as battery range has not been researched,0,45.0,PUGET SOUND ENERGY INC||CITY OF TACOMA - (WA),0.0,0.2707985792660235,Unknown/Not Researched
King,Bellevue,WA,98007.0,2021,VOLVO,XC90,Plug-in Hybrid Electric Vehicle (PHEV),Not eligible due to low battery range,18,48.0,PUGET SOUND ENERGY INC||CITY OF TACOMA - (WA),0.06143344709897611,-0.36853767339064825,Short
King,Bellevue,WA,98005.0,2026,KIA,EV9,Battery Electric Vehicle (BEV),Eligibility unknown as battery range has not been researched,0,41.0,PUGET SOUND ENERGY INC||CITY OF TACOMA - (WA),0.0,1.2298029582510313,Unknown/Not Researched
King,Bellevue,WA,98004.0,2023,BMW,X5,Plug-in Hybrid Electric Vehicle (PHEV),Clean Alternative Fuel Vehicle Eligible,30,48.0,PUGET SOUND ENERGY INC||CITY OF TACOMA - (WA),0.10238907849829351,0.2707985792660235,Short
King,Bellevue,WA,98006.0,2026,TESLA,MODEL X,Battery Electric Vehicle (BEV),Eligibility unknown as battery range has not been researched,0,41.0,PUGET SOUND ENERGY INC||CITY OF TACOMA - (WA),0.0,1.2298029582510313,Unknown/Not Researched
King,Seattle,WA,98133.0,2021,MINI,HARDTOP,Battery Electric Vehicle (BEV),Clean Alternative Fuel Vehicle Eligible,110,46.0,CITY OF SEATTLE - (WA)|CITY OF TACOMA - (WA),0.37542662116040953,-0.36853767339064825,Medium
King,Seattle,WA,98125.0,2018,CHEVROLET,VOLT,Plug-in Hybrid Electric Vehicle (PHEV),Clean Alternative Fuel Vehicle Eligible,53,46.0,CITY OF SEATTLE - (WA)|CITY OF TACOMA - (WA),0.18088737201365188,-1.3275420523756558,Medium
King,Kirkland,WA,98034.0,2025,HYUNDAI,IONIQ 5,Battery Electric Vehicle (BEV),Eligibility unknown as battery range has not been researched,0,45.0,PUGET SOUND ENERGY INC||CITY OF TACOMA - (WA),0.0,0.9101348319226953,Unknown/Not Researched
Jefferson,Port Hadlock,WA,98339.0,2025,RIVIAN,R1S,Battery Electric Vehicle (BEV),Eligibility unknown as battery range has not been researched,0,24.0,BONNEVILLE POWER ADMINISTRATION||PUGET SOUND ENERGY INC||PUD NO 1 OF JEFFERSON COUNTY,0.0,0.9101348319226953,Unknown/Not Researched
King,Seattle,WA,98133.0,2020,TESLA,MODEL Y,Battery Electric Vehicle (BEV),Clean Alternative Fuel Vehicle Eligible,291,32.0,CITY OF SEATTLE - (WA)|CITY OF TACOMA - (WA),0.9931740614334471,-0.6882057997189841,Long
King,Sammamish,WA,98074.0,2026,TESLA,MODEL Y,Battery Electric Vehicle (BEV),Eligibility unknown as battery range has not been researched,0,45.0,PUGET SOUND ENERGY INC||CITY OF TACOMA - (WA),0.0,1.2298029582510313,Unknown/Not Researched
Yakima,Selah,WA,98942.0,2021,TESLA,MODEL Y,Battery Electric Vehicle (BEV),Eligibility unknown as battery range has not been researched,0,15.0,PACIFICORP,0.0,-0.36853767339064825,Unknown/Not Researched
King,Renton,WA,98058.0,2025,MAZDA,CX-70,Plug-in Hybrid Electric Vehicle (PHEV),Not eligible due to low battery range,26,11.0,PUGET SOUND ENERGY INC||CITY OF TACOMA - (WA),0.08873720136518772,0.9101348319226953,Short
King,Bellevue,WA,98006.0,2025,TOYOTA,RAV4 PRIME (PHEV),Plug-in Hybrid Electric Vehicle (PHEV),Clean Alternative Fuel Vehicle Eligible,42,41.0,PUGET SOUND ENERGY INC||CITY OF TACOMA - (WA),0.14334470989761092,0.9101348319226953,Short
King,Kirkland,WA,98034.0,2021,TESLA,MODEL Y,Battery Electric Vehicle (BEV),Eligibility unknown as battery range has not been researched,0,1.0,PUGET SOUND ENERGY INC||CITY OF TACOMA - (WA),0.0,-0.36853767339064825,Unknown/Not Researched
Kitsap,Silverdale,WA,98383.0,2024,TESLA,MODEL Y,Battery Electric Vehicle (BEV),Eligibility unknown as battery range has not been researched,0,23.0,PUGET SOUND ENERGY INC,0.0,0.5904667055943594,Unknown/Not Researched
Cowlitz,Longview,WA,98632.0,2017,FORD,C-MAX,Plug-in Hybrid Electric Vehicle (PHEV),Not eligible due to low battery range,20,19.0,BONNEVILLE POWER ADMINISTRATION||PUD NO 1 OF COWLITZ COUNTY,0.06825938566552901,-1.647210178703992,Short
King,Renton,WA,98059.0,2023,MERCEDES-BENZ,EQS-CLASS SEDAN,Battery Electric Vehicle (BEV),Eligibility unknown as battery range has not been researched,0,11.0,PUGET SOUND ENERGY INC||CITY OF TACOMA - (WA),0.0,0.2707985792660235,Unknown/Not Researched
Clark,Vancouver,WA,98685.0,2024,AUDI,Q8,Battery Electric Vehicle (BEV),Eligibility unknown as battery range has not been researched,0,18.0,BONNEVILLE POWER ADMINISTRATION||PUD NO 1 OF CLARK COUNTY - (WA),0.0,0.5904667055943594,Unknown/Not Researched
King,Kirkland,WA,98033.0,2024,BMW,I4,Battery Electric Vehicle (BEV),Eligibility unknown as battery range has not been researched,0,48.0,PUGET SOUND ENERGY INC||CITY OF TACOMA - (WA),0.0,0.5904667055943594,Unknown/Not Researched
Snohomish,Bothell,WA,98012.0,2018,NISSAN,LEAF,Battery Electric Vehicle (BEV),Clean Alternative Fuel Vehicle Eligible,151,1.0,PUGET SOUND ENERGY INC,0.515358361774744,-1.3275420523756558,Long
Clark,Vancouver,WA,98686.0,2021,TOYOTA,RAV4 PRIME (PHEV),Plug-in Hybrid Electric Vehicle (PHEV),Clean Alternative Fuel Vehicle Eligible,42,49.0,BONNEVILLE POWER ADMINISTRATION||PUD NO 1 OF CLARK COUNTY - (WA),0.14334470989761092,-0.36853767339064825,Short
Kitsap,Port Orchard,WA,98366.0,2017,TESLA,MODEL X,Battery Electric Vehicle (BEV),Clean Alternative Fuel Vehicle Eligible,200,26.0,PUGET SOUND ENERGY INC,0.6825938566552902,-1.647210178703992,Long
King,Seattle,WA,98178.0,2013,NISSAN,LEAF,Battery Electric Vehicle (BEV),Clean Alternative Fuel Vehicle Eligible,75,37.0,CITY OF SEATTLE - (WA)|CITY OF TACOMA - (WA),0.25597269624573377,-2.9258826840173353,Medium
Clark,Vancouver,WA,98682.0,2025,TOYOTA,PRIUS PRIME (PHEV),Plug-in Hybrid Electric Vehicle (PHEV),Clean Alternative Fuel Vehicle Eligible,39,17.0,BONNEVILLE POWER ADMINISTRATION||PUD NO 1 OF CLARK COUNTY - (WA),0.13310580204778158,0.9101348319226953,Short
Snohomish,Marysville,WA,98271.0,2023,TESLA,MODEL Y,Battery Electric Vehicle (BEV),Eligibility unknown as battery range has not been researched,0,38.0,PUGET SOUND ENERGY INC,0.0,0.2707985792660235,Unknown/Not Researched
King,Bellevue,WA,98004.0,2018,TESLA,MODEL X,Battery Electric Vehicle (BEV),Clean Alternative Fuel Vehicle Eligible,238,41.0,PUGET SOUND ENERGY INC||CITY OF TACOMA - (WA),0.8122866894197952,-1.3275420523756558,Long
Kitsap,Poulsbo,WA,98370.0,2023,NISSAN,ARIYA HATCHBACK,Battery Electric Vehicle (BEV),Eligibility unknown as battery range has not been researched,0,23.0,PUGET SOUND ENERGY INC,0.0,0.2707985792660235,Unknown/Not Researched
King,Covington,WA,98042.0,2025,KIA,SPORTAGE,Plug-in Hybrid Electric Vehicle (PHEV),Clean Alternative Fuel Vehicle Eligible,34,47.0,PUGET SOUND ENERGY INC||CITY OF TACOMA - (WA),0.11604095563139932,0.9101348319226953,Short
Thurston,Olympia,WA,98502.0,2014,CHEVROLET,VOLT,Plug-in Hybrid Electric Vehicle (PHEV),Clean Alternative Fuel Vehicle Eligible,38,22.0,PUGET SOUND ENERGY INC,0.1296928327645051,-2.6062145576889995,Short
Clark,Vancouver,WA,98684.0,2026,TESLA,MODEL Y,Battery Electric Vehicle (BEV),Eligibility unknown as battery range has not been researched,0,17.0,BONNEVILLE POWER ADMINISTRATION||PUD NO 1 OF CLARK COUNTY - (WA),0.0,1.2298029582510313,Unknown/Not Researched
King,Bellevue,WA,98004.0,2026,TESLA,MODEL Y,Battery Electric Vehicle (BEV),Eligibility unknown as battery range has not been researched,0,48.0,PUGET SOUND ENERGY INC||CITY OF TACOMA - (WA),0.0,1.2298029582510313,Unknown/Not Researched
King,Seattle,WA,98119.0,2018,TESLA,MODEL 3,Battery Electric Vehicle (BEV),Clean Alternative Fuel Vehicle Eligible,215,36.0,CITY OF SEATTLE - (WA)|CITY OF TACOMA - (WA),0.7337883959044369,-1.3275420523756558,Long
King,Bellevue,WA,98005.0,2023,BMW,X5,Plug-in Hybrid Electric Vehicle (PHEV),Clean Alternative Fuel Vehicle Eligible,30,41.0,PUGET SOUND ENERGY INC||CITY OF TACOMA - (WA),0.10238907849829351,0.2707985792660235,Short
Snohomish,Bothell,WA,98012.0,2024,BMW,I5,Battery Electric Vehicle (BEV),Eligibility unknown as battery range has not been researched,0,1.0,PUGET SOUND ENERGY INC,0.0,0.5904667055943594,Unknown/Not Researched
Clark,Vancouver,WA,98683.0,2020,TOYOTA,PRIUS PRIME (PHEV),Plug-in Hybrid Electric Vehicle (PHEV),Not eligible due to low battery range,25,17.0,BONNEVILLE POWER ADMINISTRATION||PUD NO 1 OF CLARK COUNTY - (WA),0.08532423208191127,-0.6882057997189841,Short
King,Kent,WA,98031.0,2023,NISSAN,ARIYA HATCHBACK,Battery Electric Vehicle (BEV),Eligibility unknown as battery range has not been researched,0,47.0,PUGET SOUND ENERGY INC||CITY OF TACOMA - (WA),0.0,0.2707985792660235,Unknown/Not Researched
King,Shoreline,WA,98133.0,2024,TESLA,CYBERTRUCK,Battery Electric Vehicle (BEV),Eligibility unknown as battery range has not been researched,0,32.0,CITY OF SEATTLE - (WA)|CITY OF TACOMA - (WA),0.0,0.5904667055943594,Unknown/Not Researched
King,Kirkland,WA,98034.0,2021,TESLA,MODEL Y,Battery Electric Vehicle (BEV),Eligibility unknown as battery range has not been researched,0,45.0,PUGET SOUND ENERGY INC||CITY OF TACOMA - (WA),0.0,-0.36853767339064825,Unknown/Not Researched
Thurston,Tenino,WA,98589.0,2024,JEEP,WRANGLER,Plug-in Hybrid Electric Vehicle (PHEV),Not eligible due to low battery range,21,35.0,PUGET SOUND ENERGY INC,0.07167235494880546,0.5904667055943594,Short
Snohomish,Bothell,WA,98021.0,2022,TESLA,MODEL S,Battery Electric Vehicle (BEV),Eligibility unknown as battery range has not been researched,0,1.0,PUGET SOUND ENERGY INC,0.0,-0.04886954706231235,Unknown/Not Researched
King,Kirkland,WA,98033.0,2026,TESLA,MODEL Y,Battery Electric Vehicle (BEV),Eligibility unknown as battery range has not been researched,0,48.0,PUGET SOUND ENERGY INC||CITY OF TACOMA - (WA),0.0,1.2298029582510313,Unknown/Not Researched
King,Kirkland,WA,98033.0,2026,LEXUS,NX,Plug-in Hybrid Electric Vehicle (PHEV),Clean Alternative Fuel Vehicle Eligible,37,48.0,PUGET SOUND ENERGY INC||CITY OF TACOMA - (WA),0.12627986348122866,1.2298029582510313,Short
Island,Camano Island,WA,98282.0,2023,NISSAN,LEAF,Battery Electric Vehicle (BEV),Eligibility unknown as battery range has not been researched,0,10.0,BONNEVILLE POWER ADMINISTRATION||PUD 1 OF SNOHOMISH COUNTY,0.0,0.2707985792660235,Unknown/Not Researched
King,Kirkland,WA,98033.0,2016,NISSAN,LEAF,Battery Electric Vehicle (BEV),Clean Alternative Fuel Vehicle Eligible,84,48.0,PUGET SOUND ENERGY INC||CITY OF TACOMA - (WA),0.28668941979522183,-1.9668783050323277,Medium
Clark,Vancouver,WA,98660.0,2024,TESLA,MODEL 3,Battery Electric Vehicle (BEV),Eligibility unknown as battery range has not been researched,0,49.0,BONNEVILLE POWER ADMINISTRATION||PUD NO 1 OF CLARK COUNTY - (WA),0.0,0.5904667055943594,Unknown/Not Researched
King,Bellevue,WA,98006.0,2024,TESLA,MODEL Y,Battery Electric Vehicle (BEV),Eligibility unknown as battery range has not been researched,0,41.0,PUGET SOUND ENERGY INC||CITY OF TACOMA - (WA),0.0,0.5904667055943594,Unknown/Not Researched
King,Kirkland,WA,98033.0,2023,TESLA,MODEL Y,Battery Electric Vehicle (BEV),Eligibility unknown as battery range has not been researched,0,48.0,PUGET SOUND ENERGY INC||CITY OF TACOMA - (WA),0.0,0.2707985792660235,Unknown/Not Researched
King,Shoreline,WA,98155.0,2026,SUBARU,SOLTERRA,Battery Electric Vehicle (BEV),Eligibility unknown as battery range has not been researched,0,32.0,CITY OF SEATTLE - (WA)|CITY OF TACOMA - (WA),0.0,1.2298029582510313,Unknown/Not Researched
Clark,Vancouver,WA,98685.0,2025,TESLA,MODEL 3,Battery Electric Vehicle (BEV),Eligibility unknown as battery range has not been researched,0,18.0,BONNEVILLE POWER ADMINISTRATION||PUD NO 1 OF CLARK COUNTY - (WA),0.0,0.9101348319226953,Unknown/Not Researched
King,Kirkland,WA,98034.0,2023,CHEVROLET,BOLT EV,Battery Electric Vehicle (BEV),Eligibility unknown as battery range has not been researched,0,45.0,PUGET SOUND ENERGY INC||CITY OF TACOMA - (WA),0.0,0.2707985792660235,Unknown/Not Researched
Clark,Vancouver,WA,98685.0,2019,TESLA,MODEL 3,Battery Electric Vehicle (BEV),Clean Alternative Fuel Vehicle Eligible,220,18.0,BONNEVILLE POWER ADMINISTRATION||PUD NO 1 OF CLARK COUNTY - (WA),0.7508532423208191,-1.00787392604732,Long
Kitsap,Port Orchard,WA,98367.0,2012,TOYOTA,PRIUS,Plug-in Hybrid Electric Vehicle (PHEV),Not eligible due to low battery range,6,26.0,PUGET SOUND ENERGY INC,0.020477815699658702,-3.245550810345671,Short
King,Seattle,WA,98146.0,2021,PORSCHE,TAYCAN,Battery Electric Vehicle (BEV),Clean Alternative Fuel Vehicle Eligible,203,34.0,CITY OF SEATTLE - (WA)|CITY OF TACOMA - (WA),0.6928327645051194,-0.36853767339064825,Long
King,Kirkland,WA,98034.0,2021,TESLA,MODEL Y,Battery Electric Vehicle (BEV),Eligibility unknown as battery range has not been researched,0,45.0,PUGET SOUND ENERGY INC||CITY OF TACOMA - (WA),0.0,-0.36853767339064825,Unknown/Not Researched
King,Newcastle,WA,98059.0,2023,TESLA,MODEL Y,Battery Electric Vehicle (BEV),Eligibility unknown as battery range has not been researched,0,41.0,PUGET SOUND ENERGY INC||CITY OF TACOMA - (WA),0.0,0.2707985792660235,Unknown/Not Researched
King,Auburn,WA,98092.0,2025,TESLA,MODEL Y,Battery Electric Vehicle (BEV),Eligibility unknown as battery range has not been researched,0,47.0,PUGET SOUND ENERGY INC||CITY OF TACOMA - (WA),0.0,0.9101348319226953,Unknown/Not Researched
King,Seattle,WA,98199.0,2022,TESLA,MODEL 3,Battery Electric Vehicle (BEV),Eligibility unknown as battery range has not been researched,0,36.0,CITY OF SEATTLE - (WA)|CITY OF TACOMA - (WA),0.0,-0.04886954706231235,Unknown/Not Researched
King,Bellevue,WA,98004.0,2018,TESLA,MODEL 3,Battery Electric Vehicle (BEV),Clean Alternative Fuel Vehicle Eligible,215,41.0,PUGET SOUND ENERGY INC||CITY OF TACOMA - (WA),0.7337883959044369,-1.3275420523756558,Long
King,Seattle,WA,98109.0,2026,TESLA,MODEL X,Battery Electric Vehicle (BEV),Eligibility unknown as battery range has not been researched,0,36.0,CITY OF SEATTLE - (WA)|CITY OF TACOMA - (WA),0.0,1.2298029582510313,Unknown/Not Researched
Clark,Vancouver,WA,98686.0,2024,TESLA,MODEL 3,Battery Electric Vehicle (BEV),Eligibility unknown as battery range has not been researched,0,49.0,BONNEVILLE POWER ADMINISTRATION||PUD NO 1 OF CLARK COUNTY - (WA),0.0,0.5904667055943594,Unknown/Not Researched
King,Seattle,WA,98116.0,2023,TESLA,MODEL Y,Battery Electric Vehicle (BEV),Eligibility unknown as battery range has not been researched,0,34.0,CITY OF SEATTLE - (WA)|CITY OF TACOMA - (WA),0.0,0.2707985792660235,Unknown/Not Researched
King,Auburn,WA,98092.0,2024,ACURA,ZDX,Battery Electric Vehicle (BEV),Eligibility unknown as battery range has not been researched,0,47.0,PUGET SOUND ENERGY INC||CITY OF TACOMA - (WA),0.0,0.5904667055943594,Unknown/Not Researched
Clark,Vancouver,WA,98686.0,2022,TESLA,MODEL 3,Battery Electric Vehicle (BEV),Eligibility unknown as battery range has not been researched,0,49.0,BONNEVILLE POWER ADMINISTRATION||PUD NO 1 OF CLARK COUNTY - (WA),0.0,-0.04886954706231235,Unknown/Not Researched
Clark,Vancouver,WA,98682.0,2025,HYUNDAI,IONIQ 5,Battery Electric Vehicle (BEV),Eligibility unknown as battery range has not been researched,0,17.0,BONNEVILLE POWER ADMINISTRATION||PUD NO 1 OF CLARK COUNTY - (WA),0.0,0.9101348319226953,Unknown/Not Researched
King,Kirkland,WA,98034.0,2015,TESLA,MODEL S,Battery Electric Vehicle (BEV),Clean Alternative Fuel Vehicle Eligible,208,45.0,PUGET SOUND ENERGY INC||CITY OF TACOMA - (WA),0.7098976109215017,-2.2865464313606636,Long
King,Kirkland,WA,98033.0,2021,TESLA,MODEL 3,Battery Electric Vehicle (BEV),Eligibility unknown as battery range has not been researched,0,45.0,PUGET SOUND ENERGY INC||CITY OF TACOMA - (WA),0.0,-0.36853767339064825,Unknown/Not Researched
King,Bellevue,WA,98008.0,2024,KIA,SPORTAGE,Plug-in Hybrid Electric Vehicle (PHEV),Clean Alternative Fuel Vehicle Eligible,34,48.0,PUGET SOUND ENERGY INC||CITY OF TACOMA - (WA),0.11604095563139932,0.5904667055943594,Short
King,Sammamish,WA,98075.0,2025,VOLVO,XC90,Plug-in Hybrid Electric Vehicle (PHEV),Clean Alternative Fuel Vehicle Eligible,32,41.0,PUGET SOUND ENERGY INC||CITY OF TACOMA - (WA),0.10921501706484642,0.9101348319226953,Short
King,Bellevue,WA,98005.0,2021,TESLA,MODEL 3,Battery Electric Vehicle (BEV),Eligibility unknown as battery range has not been researched,0,41.0,PUGET SOUND ENERGY INC||CITY OF TACOMA - (WA),0.0,-0.36853767339064825,Unknown/Not Researched
King,Kirkland,WA,98033.0,2024,BMW,I4,Battery Electric Vehicle (BEV),Eligibility unknown as battery range has not been researched,0,48.0,PUGET SOUND ENERGY INC||CITY OF TACOMA - (WA),0.0,0.5904667055943594,Unknown/Not Researched
King,Seattle,WA,98122.0,2024,VOLVO,XC90,Plug-in Hybrid Electric Vehicle (PHEV),Clean Alternative Fuel Vehicle Eligible,32,37.0,CITY OF SEATTLE - (WA)|CITY OF TACOMA - (WA),0.10921501706484642,0.5904667055943594,Short
King,Renton,WA,98059.0,2025,MERCEDES-BENZ,GLC-CLASS,Plug-in Hybrid Electric Vehicle (PHEV),Clean Alternative Fuel Vehicle Eligible,54,11.0,PUGET SOUND ENERGY INC||CITY OF TACOMA - (WA),0.18430034129692832,0.9101348319226953,Medium
King,Bothell,WA,98011.0,2024,HYUNDAI,IONIQ 6,Battery Electric Vehicle (BEV),Eligibility unknown as battery range has not been researched,0,1.0,PUGET SOUND ENERGY INC||CITY OF TACOMA - (WA),0.0,0.5904667055943594,Unknown/Not Researched
King,Issaquah,WA,98027.0,2023,BMW,I4,Battery Electric Vehicle (BEV),Eligibility unknown as battery range has not been researched,0,5.0,PUGET SOUND ENERGY INC||CITY OF TACOMA - (WA),0.0,0.2707985792660235,Unknown/Not Researched
Snohomish,Bothell,WA,98012.0,2024,TESLA,MODEL Y,Battery Electric Vehicle (BEV),Eligibility unknown as battery range has not been researched,0,1.0,PUGET SOUND ENERGY INC,0.0,0.5904667055943594,Unknown/Not Researched
Clark,Vancouver,WA,98682.0,2024,TOYOTA,RAV4 PRIME (PHEV),Plug-in Hybrid Electric Vehicle (PHEV),Clean Alternative Fuel Vehicle Eligible,42,17.0,BONNEVILLE POWER ADMINISTRATION||PUD NO 1 OF CLARK COUNTY - (WA),0.14334470989761092,0.5904667055943594,Short
King,Bellevue,WA,98004.0,2022,BMW,X5,Plug-in Hybrid Electric Vehicle (PHEV),Clean Alternative Fuel Vehicle Eligible,30,48.0,PUGET SOUND ENERGY INC||CITY OF TACOMA - (WA),0.10238907849829351,-0.04886954706231235,Short
Thurston,Olympia,WA,98506.0,2023,GENESIS,GV60,Battery Electric Vehicle (BEV),Eligibility unknown as battery range has not been researched,0,22.0,PUGET SOUND ENERGY INC,0.0,0.2707985792660235,Unknown/Not Researched
King,Seattle,WA,98177.0,2024,HYUNDAI,IONIQ 5,Battery Electric Vehicle (BEV),Eligibility unknown as battery range has not been researched,0,32.0,CITY OF SEATTLE - (WA)|CITY OF TACOMA - (WA),0.0,0.5904667055943594,Unknown/Not Researched
Clark,Vancouver,WA,98685.0,2017,TESLA,MODEL X,Battery Electric Vehicle (BEV),Clean Alternative Fuel Vehicle Eligible,200,18.0,BONNEVILLE POWER ADMINISTRATION||PUD NO 1 OF CLARK COUNTY - (WA),0.6825938566552902,-1.647210178703992,Long
King,Bellevue,WA,98008.0,2017,CHEVROLET,BOLT EV,Battery Electric Vehicle (BEV),Clean Alternative Fuel Vehicle Eligible,238,48.0,PUGET SOUND ENERGY INC||CITY OF TACOMA - (WA),0.8122866894197952,-1.647210178703992,Long
Clark,Vancouver,WA,98683.0,2024,SUBARU,SOLTERRA,Battery Electric Vehicle (BEV),Eligibility unknown as battery range has not been researched,0,17.0,BONNEVILLE POWER ADMINISTRATION||PUD NO 1 OF CLARK COUNTY - (WA),0.0,0.5904667055943594,Unknown/Not Researched
Clark,Vancouver,WA,98685.0,2023,RIVIAN,R1T,Battery Electric Vehicle (BEV),Eligibility unknown as battery range has not been researched,0,18.0,BONNEVILLE POWER ADMINISTRATION||PUD NO 1 OF CLARK COUNTY - (WA),0.0,0.2707985792660235,Unknown/Not Researched
King,Redmond,WA,98052.0,2023,FORD,F-150,Battery Electric Vehicle (BEV),Eligibility unknown as battery range has not been researched,0,45.0,PUGET SOUND ENERGY INC||CITY OF TACOMA - (WA),0.0,0.2707985792660235,Unknown/Not Researched
King,Bellevue,WA,98004.0,2022,FORD,MUSTANG MACH-E,Battery Electric Vehicle (BEV),Eligibility unknown as battery range has not been researched,0,41.0,PUGET SOUND ENERGY INC||CITY OF TACOMA - (WA),0.0,-0.04886954706231235,Unknown/Not Researched
Clark,Ridgefield,WA,98642.0,2024,JEEP,WRANGLER,Plug-in Hybrid Electric Vehicle (PHEV),Not eligible due to low battery range,21,18.0,BONNEVILLE POWER ADMINISTRATION||PUD NO 1 OF CLARK COUNTY - (WA),0.07167235494880546,0.5904667055943594,Short
King,Kent,WA,98042.0,2023,TESLA,MODEL Y,Battery Electric Vehicle (BEV),Eligibility unknown as battery range has not been researched,0,47.0,PUGET SOUND ENERGY INC||CITY OF TACOMA - (WA),0.0,0.2707985792660235,Unknown/Not Researched
King,Bellevue,WA,98004.0,2026,TESLA,MODEL Y,Battery Electric Vehicle (BEV),Eligibility unknown as battery range has not been researched,0,48.0,PUGET SOUND ENERGY INC||CITY OF TACOMA - (WA),0.0,1.2298029582510313,Unknown/Not Researched
Kitsap,Kingston,WA,98346.0,2025,RIVIAN,R1S,Battery Electric Vehicle (BEV),Eligibility unknown as battery range has not been researched,0,23.0,PUGET SOUND ENERGY INC,0.0,0.9101348319226953,Unknown/Not Researched
Clark,Vancouver,WA,98686.0,2024,RIVIAN,R1S,Battery Electric Vehicle (BEV),Eligibility unknown as battery range has not been researched,0,17.0,BONNEVILLE POWER ADMINISTRATION||PUD NO 1 OF CLARK COUNTY - (WA),0.0,0.5904667055943594,Unknown/Not Researched
King,Kirkland,WA,98033.0,2026,TESLA,MODEL Y,Battery Electric Vehicle (BEV),Eligibility unknown as battery range has not been researched,0,45.0,PUGET SOUND ENERGY INC||CITY OF TACOMA - (WA),0.0,1.2298029582510313,Unknown/Not Researched
Clark,Vancouver,WA,98685.0,2023,CHRYSLER,PACIFICA,Plug-in Hybrid Electric Vehicle (PHEV),Clean Alternative Fuel Vehicle Eligible,32,18.0,BONNEVILLE POWER ADMINISTRATION||PUD NO 1 OF CLARK COUNTY - (WA),0.10921501706484642,0.2707985792660235,Short
Kitsap,Bainbridge Island,WA,98110.0,2025,HYUNDAI,IONIQ 5,Battery Electric Vehicle (BEV),Eligibility unknown as battery range has not been researched,0,23.0,PUGET SOUND ENERGY INC,0.0,0.9101348319226953,Unknown/Not Researched
Clark,Vancouver,WA,98682.0,2019,CHEVROLET,BOLT EV,Battery Electric Vehicle (BEV),Clean Alternative Fuel Vehicle Eligible,238,17.0,BONNEVILLE POWER ADMINISTRATION||PUD NO 1 OF CLARK COUNTY - (WA),0.8122866894197952,-1.00787392604732,Long
King,Sammamish,WA,98074.0,2024,BMW,I4,Battery Electric Vehicle (BEV),Eligibility unknown as battery range has not been researched,0,45.0,PUGET SOUND ENERGY INC||CITY OF TACOMA - (WA),0.0,0.5904667055943594,Unknown/Not Researched
King,Seattle,WA,98146.0,2024,JEEP,WRANGLER,Plug-in Hybrid Electric Vehicle (PHEV),Not eligible due to low battery range,21,34.0,CITY OF SEATTLE - (WA)|CITY OF TACOMA - (WA),0.07167235494880546,0.5904667055943594,Short
Clark,Vancouver,WA,98685.0,2025,HYUNDAI,IONIQ 5,Battery Electric Vehicle (BEV),Eligibility unknown as battery range has not been researched,0,18.0,BONNEVILLE POWER ADMINISTRATION||PUD NO 1 OF CLARK COUNTY - (WA),0.0,0.9101348319226953,Unknown/Not Researched
King,Redmond,WA,98052.0,2026,TESLA,MODEL Y,Battery Electric Vehicle (BEV),Eligibility unknown as battery range has not been researched,0,48.0,PUGET SOUND ENERGY INC||CITY OF TACOMA - (WA),0.0,1.2298029582510313,Unknown/Not Researched
King,Bothell,WA,98011.0,2023,BMW,IX,Battery Electric Vehicle (BEV),Eligibility unknown as battery range has not been researched,0,1.0,PUGET SOUND ENERGY INC||CITY OF TACOMA - (WA),0.0,0.2707985792660235,Unknown/Not Researched
King,Seattle,WA,98116.0,2021,FORD,ESCAPE,Plug-in Hybrid Electric Vehicle (PHEV),Clean Alternative Fuel Vehicle Eligible,38,34.0,CITY OF SEATTLE - (WA)|CITY OF TACOMA - (WA),0.1296928327645051,-0.36853767339064825,Short
King,Kirkland,WA,98033.0,2013,TESLA,MODEL S,Battery Electric Vehicle (BEV),Clean Alternative Fuel Vehicle Eligible,208,48.0,PUGET SOUND ENERGY INC||CITY OF TACOMA - (WA),0.7098976109215017,-2.9258826840173353,Long
King,Seattle,WA,98125.0,2020,PORSCHE,TAYCAN,Battery Electric Vehicle (BEV),Clean Alternative Fuel Vehicle Eligible,192,46.0,CITY OF SEATTLE - (WA)|CITY OF TACOMA - (WA),0.6552901023890785,-0.6882057997189841,Long
King,Renton,WA,98055.0,2025,CHEVROLET,EQUINOX,Battery Electric Vehicle (BEV),Eligibility unknown as battery range has not been researched,0,33.0,PUGET SOUND ENERGY INC||CITY OF TACOMA - (WA),0.0,0.9101348319226953,Unknown/Not Researched
King,Kirkland,WA,98033.0,2024,TESLA,MODEL 3,Battery Electric Vehicle (BEV),Eligibility unknown as battery range has not been researched,0,45.0,PUGET SOUND ENERGY INC||CITY OF TACOMA - (WA),0.0,0.5904667055943594,Unknown/Not Researched
Kitsap,Bainbridge Island,WA,98110.0,2025,RIVIAN,R1T,Battery Electric Vehicle (BEV),Eligibility unknown as battery range has not been researched,0,23.0,PUGET SOUND ENERGY INC,0.0,0.9101348319226953,Unknown/Not Researched
Kitsap,Bainbridge Island,WA,98110.0,2023,TESLA,MODEL Y,Battery Electric Vehicle (BEV),Eligibility unknown as battery range has not been researched,0,23.0,PUGET SOUND ENERGY INC,0.0,0.2707985792660235,Unknown/Not Researched
King,Federal Way,WA,98003.0,2012,NISSAN,LEAF,Battery Electric Vehicle (BEV),Clean Alternative Fuel Vehicle Eligible,73,30.0,PUGET SOUND ENERGY INC||CITY OF TACOMA - (WA),0.24914675767918087,-3.245550810345671,Medium
King,Seattle,WA,98125.0,2023,TESLA,MODEL 3,Battery Electric Vehicle (BEV),Eligibility unknown as battery range has not been researched,0,46.0,PUGET SOUND ENERGY INC||CITY OF TACOMA - (WA),0.0,0.2707985792660235,Unknown/Not Researched
King,Kirkland,WA,98033.0,2023,MERCEDES-BENZ,EQS-CLASS SUV,Battery Electric Vehicle (BEV),Eligibility unknown as battery range has not been researched,0,48.0,PUGET SOUND ENERGY INC||CITY OF TACOMA - (WA),0.0,0.2707985792660235,Unknown/Not Researched
King,Bellevue,WA,98008.0,2022,TESLA,MODEL Y,Battery Electric Vehicle (BEV),Eligibility unknown as battery range has not been researched,0,48.0,PUGET SOUND ENERGY INC||CITY OF TACOMA - (WA),0.0,-0.04886954706231235,Unknown/Not Researched
King,Lake Forest Park,WA,98155.0,2026,BMW,IX,Battery Electric Vehicle (BEV),Eligibility unknown as battery range has not been researched,0,46.0,CITY OF SEATTLE - (WA)|CITY OF TACOMA - (WA),0.0,1.2298029582510313,Unknown/Not Researched
Island,Oak Harbor,WA,98277.0,2024,TESLA,MODEL 3,Battery Electric Vehicle (BEV),Eligibility unknown as battery range has not been researched,0,10.0,PUGET SOUND ENERGY INC,0.0,0.5904667055943594,Unknown/Not Researched
King,Redmond,WA,98052.0,2019,VOLKSWAGEN,E-GOLF,Battery Electric Vehicle (BEV),Clean Alternative Fuel Vehicle Eligible,125,45.0,PUGET SOUND ENERGY INC||CITY OF TACOMA - (WA),0.42662116040955633,-1.00787392604732,Medium
King,Kirkland,WA,98034.0,2026,TESLA,MODEL Y,Battery Electric Vehicle (BEV),Eligibility unknown as battery range has not been researched,0,1.0,PUGET SOUND ENERGY INC||CITY OF TACOMA - (WA),0.0,1.2298029582510313,Unknown/Not Researched
King,Bellevue,WA,98007.0,2023,TESLA,MODEL Y,Battery Electric Vehicle (BEV),Eligibility unknown as battery range has not been researched,0,48.0,PUGET SOUND ENERGY INC||CITY OF TACOMA - (WA),0.0,0.2707985792660235,Unknown/Not Researched
King,Bellevue,WA,98004.0,2026,TOYOTA,BZ,Battery Electric Vehicle (BEV),Eligibility unknown as battery range has not been researched,0,41.0,PUGET SOUND ENERGY INC||CITY OF TACOMA - (WA),0.0,1.2298029582510313,Unknown/Not Researched
King,Bellevue,WA,98005.0,2023,TESLA,MODEL X,Battery Electric Vehicle (BEV),Eligibility unknown as battery range has not been researched,0,41.0,PUGET SOUND ENERGY INC||CITY OF TACOMA - (WA),0.0,0.2707985792660235,Unknown/Not Researched
Island,Oak Harbor,WA,98277.0,2026,LEXUS,RZ,Battery Electric Vehicle (BEV),Eligibility unknown as battery range has not been researched,0,10.0,PUGET SOUND ENERGY INC,0.0,1.2298029582510313,Unknown/Not Researched
King,Renton,WA,98055.0,2022,TESLA,MODEL X,Battery Electric Vehicle (BEV),Eligibility unknown as battery range has not been researched,0,33.0,PUGET SOUND ENERGY INC||CITY OF TACOMA - (WA),0.0,-0.04886954706231235,Unknown/Not Researched
King,Bellevue,WA,98007.0,2019,KIA,NIRO,Battery Electric Vehicle (BEV),Clean Alternative Fuel Vehicle Eligible,239,48.0,PUGET SOUND ENERGY INC||CITY OF TACOMA - (WA),0.8156996587030717,-1.00787392604732,Long
Clark,Vancouver,WA,98660.0,2020,TESLA,MODEL Y,Battery Electric Vehicle (BEV),Clean Alternative Fuel Vehicle Eligible,291,49.0,BONNEVILLE POWER ADMINISTRATION||PUD NO 1 OF CLARK COUNTY - (WA),0.9931740614334471,-0.6882057997189841,Long
King,Kent,WA,98031.0,2023,FORD,F-150,Battery Electric Vehicle (BEV),Eligibility unknown as battery range has not been researched,0,11.0,PUGET SOUND ENERGY INC||CITY OF TACOMA - (WA),0.0,0.2707985792660235,Unknown/Not Researched
Clark,Vancouver,WA,98685.0,2022,AUDI,RS E-TRON GT,Battery Electric Vehicle (BEV),Eligibility unknown as battery range has not been researched,0,18.0,BONNEVILLE POWER ADMINISTRATION||PUD NO 1 OF CLARK COUNTY - (WA),0.0,-0.04886954706231235,Unknown/Not Researched
Kitsap,Bainbridge Island,WA,98110.0,2018,TESLA,MODEL 3,Battery Electric Vehicle (BEV),Clean Alternative Fuel Vehicle Eligible,215,23.0,PUGET SOUND ENERGY INC,0.7337883959044369,-1.3275420523756558,Long
King,Kirkland,WA,98034.0,2024,BMW,I4,Battery Electric Vehicle (BEV),Eligibility unknown as battery range has not been researched,0,1.0,PUGET SOUND ENERGY INC||CITY OF TACOMA - (WA),0.0,0.5904667055943594,Unknown/Not Researched
King,Auburn,WA,98001.0,2023,MERCEDES-BENZ,EQS-CLASS SUV,Battery Electric Vehicle (BEV),Eligibility unknown as battery range has not been researched,0,47.0,PUGET SOUND ENERGY INC||CITY OF TACOMA - (WA),0.0,0.2707985792660235,Unknown/Not Researched
King,Bellevue,WA,98004.0,2026,MAZDA,CX-90,Plug-in Hybrid Electric Vehicle (PHEV),Not eligible due to low battery range,27,48.0,PUGET SOUND ENERGY INC||CITY OF TACOMA - (WA),0.09215017064846416,1.2298029582510313,Short
King,Kirkland,WA,98034.0,2023,CHEVROLET,BOLT EUV,Battery Electric Vehicle (BEV),Eligibility unknown as battery range has not been researched,0,45.0,PUGET SOUND ENERGY INC||CITY OF TACOMA - (WA),0.0,0.2707985792660235,Unknown/Not Researched
King,Seattle,WA,98146.0,2018,TOYOTA,PRIUS PRIME (PHEV),Plug-in Hybrid Electric Vehicle (PHEV),Not eligible due to low battery range,25,34.0,CITY OF SEATTLE - (WA)|CITY OF TACOMA - (WA),0.08532423208191127,-1.3275420523756558,Short
King,Auburn,WA,98002.0,2023,POLESTAR,PS2,Battery Electric Vehicle (BEV),Eligibility unknown as battery range has not been researched,0,31.0,PUGET SOUND ENERGY INC||CITY OF TACOMA - (WA),0.0,0.2707985792660235,Unknown/Not Researched
King,Bellevue,WA,98005.0,2024,KIA,EV6,Battery Electric Vehicle (BEV),Eligibility unknown as battery range has not been researched,0,41.0,PUGET SOUND ENERGY INC||CITY OF TACOMA - (WA),0.0,0.5904667055943594,Unknown/Not Researched
Kitsap,Silverdale,WA,98383.0,2016,BMW,I3,Plug-in Hybrid Electric Vehicle (PHEV),Clean Alternative Fuel Vehicle Eligible,72,23.0,PUGET SOUND ENERGY INC,0.24573378839590443,-1.9668783050323277,Medium
Kitsap,Bainbridge Island,WA,98110.0,2024,TESLA,MODEL Y,Battery Electric Vehicle (BEV),Eligibility unknown as battery range has not been researched,0,23.0,PUGET SOUND ENERGY INC,0.0,0.5904667055943594,Unknown/Not Researched
King,Kirkland,WA,98033.0,2023,TESLA,MODEL X,Battery Electric Vehicle (BEV),Eligibility unknown as battery range has not been researched,0,48.0,PUGET SOUND ENERGY INC||CITY OF TACOMA - (WA),0.0,0.2707985792660235,Unknown/Not Researched
Thurston,Yelm,WA,98597.0,2026,TESLA,MODEL Y,Battery Electric Vehicle (BEV),Eligibility unknown as battery range has not been researched,0,2.0,PUGET SOUND ENERGY INC,0.0,1.2298029582510313,Unknown/Not Researched
King,Kent,WA,98030.0,2017,NISSAN,LEAF,Battery Electric Vehicle (BEV),Clean Alternative Fuel Vehicle Eligible,107,47.0,PUGET SOUND ENERGY INC||CITY OF TACOMA - (WA),0.3651877133105802,-1.647210178703992,Medium
King,Kirkland,WA,98034.0,2023,TESLA,MODEL Y,Battery Electric Vehicle (BEV),Eligibility unknown as battery range has not been researched,0,45.0,PUGET SOUND ENERGY INC||CITY OF TACOMA - (WA),0.0,0.2707985792660235,Unknown/Not Researched
Clark,Vancouver,WA,98662.0,2023,TESLA,MODEL Y,Battery Electric Vehicle (BEV),Eligibility unknown as battery range has not been researched,0,17.0,BONNEVILLE POWER ADMINISTRATION||PUD NO 1 OF CLARK COUNTY - (WA),0.0,0.2707985792660235,Unknown/Not Researched
King,Redmond,WA,98052.0,2021,BMW,330E,Plug-in Hybrid Electric Vehicle (PHEV),Not eligible due to low battery range,20,48.0,PUGET SOUND ENERGY INC||CITY OF TACOMA - (WA),0.06825938566552901,-0.36853767339064825,Short
King,Seattle,WA,98125.0,2018,KIA,NIRO,Plug-in Hybrid Electric Vehicle (PHEV),Not eligible due to low battery range,26,46.0,CITY OF SEATTLE - (WA)|CITY OF TACOMA - (WA),0.08873720136518772,-1.3275420523756558,Short
King,Seattle,WA,98177.0,2017,VOLKSWAGEN,E-GOLF,Battery Electric Vehicle (BEV),Clean Alternative Fuel Vehicle Eligible,125,36.0,CITY OF SEATTLE - (WA)|CITY OF TACOMA - (WA),0.42662116040955633,-1.647210178703992,Medium
King,Issaquah,WA,98029.0,2022,TESLA,MODEL Y,Battery Electric Vehicle (BEV),Eligibility unknown as battery range has not been researched,0,5.0,PUGET SOUND ENERGY INC||CITY OF TACOMA - (WA),0.0,-0.04886954706231235,Unknown/Not Researched
King,Seattle,WA,98133.0,2023,TESLA,MODEL Y,Battery Electric Vehicle (BEV),Eligibility unknown as battery range has not been researched,0,46.0,CITY OF SEATTLE - (WA)|CITY OF TACOMA - (WA),0.0,0.2707985792660235,Unknown/Not Researched
King,Seattle,WA,98125.0,2018,CHEVROLET,BOLT EV,Battery Electric Vehicle (BEV),Clean Alternative Fuel Vehicle Eligible,238,46.0,CITY OF SEATTLE - (WA)|CITY OF TACOMA - (WA),0.8122866894197952,-1.3275420523756558,Long
King,Kent,WA,98031.0,2015,FORD,FOCUS,Battery Electric Vehicle (BEV),Clean Alternative Fuel Vehicle Eligible,76,47.0,PUGET SOUND ENERGY INC||CITY OF TACOMA - (WA),0.2593856655290102,-2.2865464313606636,Medium
King,Bothell,WA,98011.0,2022,TESLA,MODEL 3,Battery Electric Vehicle (BEV),Eligibility unknown as battery range has not been researched,0,1.0,PUGET SOUND ENERGY INC||CITY OF TACOMA - (WA),0.0,-0.04886954706231235,Unknown/Not Researched
Kitsap,Seabeck,WA,98380.0,2023,RIVIAN,R1T,Battery Electric Vehicle (BEV),Eligibility unknown as battery range has not been researched,0,35.0,PUGET SOUND ENERGY INC,0.0,0.2707985792660235,Unknown/Not Researched
King,Auburn,WA,98001.0,2023,TESLA,MODEL Y,Battery Electric Vehicle (BEV),Eligibility unknown as battery range has not been researched,0,47.0,PUGET SOUND ENERGY INC||CITY OF TACOMA - (WA),0.0,0.2707985792660235,Unknown/Not Researched
King,Renton,WA,98055.0,2023,TESLA,MODEL 3,Battery Electric Vehicle (BEV),Eligibility unknown as battery range has not been researched,0,11.0,PUGET SOUND ENERGY INC||CITY OF TACOMA - (WA),0.0,0.2707985792660235,Unknown/Not Researched
King,Kirkland,WA,98033.0,2024,TESLA,MODEL Y,Battery Electric Vehicle (BEV),Eligibility unknown as battery range has not been researched,0,48.0,PUGET SOUND ENERGY INC||CITY OF TACOMA - (WA),0.0,0.5904667055943594,Unknown/Not Researched
King,Sammamish,WA,98075.0,2022,TESLA,MODEL Y,Battery Electric Vehicle (BEV),Eligibility unknown as battery range has not been researched,0,41.0,PUGET SOUND ENERGY INC||CITY OF TACOMA - (WA),0.0,-0.04886954706231235,Unknown/Not Researched
King,Woodinville,WA,98072.0,2018,TESLA,MODEL 3,Battery Electric Vehicle (BEV),Clean Alternative Fuel Vehicle Eligible,215,45.0,PUGET SOUND ENERGY INC||CITY OF TACOMA - (WA),0.7337883959044369,-1.3275420523756558,Long
Snohomish,Bothell,WA,98012.0,2023,FORD,MUSTANG MACH-E,Battery Electric Vehicle (BEV),Eligibility unknown as battery range has not been researched,0,1.0,PUGET SOUND ENERGY INC,0.0,0.2707985792660235,Unknown/Not Researched
King,Kirkland,WA,98034.0,2023,KIA,EV6,Battery Electric Vehicle (BEV),Eligibility unknown as battery range has not been researched,0,45.0,PUGET SOUND ENERGY INC||CITY OF TACOMA - (WA),0.0,0.2707985792660235,Unknown/Not Researched
King,Federal Way,WA,98003.0,2017,PORSCHE,CAYENNE,Plug-in Hybrid Electric Vehicle (PHEV),Not eligible due to low battery range,14,30.0,PUGET SOUND ENERGY INC||CITY OF TACOMA - (WA),0.04778156996587031,-1.647210178703992,Short
King,Kent,WA,98032.0,2024,HYUNDAI,IONIQ 5,Battery Electric Vehicle (BEV),Eligibility unknown as battery range has not been researched,0,33.0,PUGET SOUND ENERGY INC||CITY OF TACOMA - (WA),0.0,0.5904667055943594,Unknown/Not Researched
Kitsap,Port Orchard,WA,98366.0,2025,NISSAN,LEAF,Battery Electric Vehicle (BEV),Eligibility unknown as battery range has not been researched,0,26.0,PUGET SOUND ENERGY INC,0.0,0.9101348319226953,Unknown/Not Researched
King,Seattle,WA,98109.0,2023,TESLA,MODEL 3,Battery Electric Vehicle (BEV),Eligibility unknown as battery range has not been researched,0,36.0,CITY OF SEATTLE - (WA)|CITY OF TACOMA - (WA),0.0,0.2707985792660235,Unknown/Not Researched
King,Bellevue,WA,98008.0,2025,TESLA,MODEL 3,Battery Electric Vehicle (BEV),Eligibility unknown as battery range has not been researched,0,48.0,PUGET SOUND ENERGY INC||CITY OF TACOMA - (WA),0.0,0.9101348319226953,Unknown/Not Researched
Clark,Vancouver,WA,98682.0,2023,BMW,I4,Battery Electric Vehicle (BEV),Eligibility unknown as battery range has not been researched,0,17.0,BONNEVILLE POWER ADMINISTRATION||PUD NO 1 OF CLARK COUNTY - (WA),0.0,0.2707985792660235,Unknown/Not Researched
King,Seattle,WA,98107.0,2025,KIA,NIRO,Battery Electric Vehicle (BEV),Eligibility unknown as battery range has not been researched,0,36.0,CITY OF SEATTLE - (WA)|CITY OF TACOMA - (WA),0.0,0.9101348319226953,Unknown/Not Researched
King,Bellevue,WA,98006.0,2023,TESLA,MODEL 3,Battery Electric Vehicle (BEV),Eligibility unknown as battery range has not been researched,0,41.0,PUGET SOUND ENERGY INC||CITY OF TACOMA - (WA),0.0,0.2707985792660235,Unknown/Not Researched
King,Seattle,WA,98115.0,2022,TESLA,MODEL Y,Battery Electric Vehicle (BEV),Eligibility unknown as battery range has not been researched,0,46.0,CITY OF SEATTLE - (WA)|CITY OF TACOMA - (WA),0.0,-0.04886954706231235,Unknown/Not Researched
King,Kirkland,WA,98033.0,2021,PORSCHE,TAYCAN,Battery Electric Vehicle (BEV),Eligibility unknown as battery range has not been researched,0,48.0,PUGET SOUND ENERGY INC||CITY OF TACOMA - (WA),0.0,-0.36853767339064825,Unknown/Not Researched
Kitsap,Bainbridge Island,WA,98110.0,2026,HYUNDAI,IONIQ 5,Battery Electric Vehicle (BEV),Eligibility unknown as battery range has not been researched,0,23.0,PUGET SOUND ENERGY INC,0.0,1.2298029582510313,Unknown/Not Researched
King,Seattle,WA,98177.0,2014,BMW,I8,Plug-in Hybrid Electric Vehicle (PHEV),Not eligible due to low battery range,14,36.0,CITY OF SEATTLE - (WA)|CITY OF TACOMA - (WA),0.04778156996587031,-2.6062145576889995,Short
Thurston,Yelm,WA,98597.0,2024,TESLA,MODEL 3,Battery Electric Vehicle (BEV),Eligibility unknown as battery range has not been researched,0,2.0,PUGET SOUND ENERGY INC,0.0,0.5904667055943594,Unknown/Not Researched
King,Seattle,WA,98125.0,2025,TESLA,MODEL 3,Battery Electric Vehicle (BEV),Eligibility unknown as battery range has not been researched,0,46.0,CITY OF SEATTLE - (WA)|CITY OF TACOMA - (WA),0.0,0.9101348319226953,Unknown/Not Researched
King,Sammamish,WA,98075.0,2025,TESLA,MODEL Y,Battery Electric Vehicle (BEV),Eligibility unknown as battery range has not been researched,0,41.0,PUGET SOUND ENERGY INC||CITY OF TACOMA - (WA),0.0,0.9101348319226953,Unknown/Not Researched
King,Kirkland,WA,98033.0,2024,TESLA,MODEL X,Battery Electric Vehicle (BEV),Eligibility unknown as battery range has not been researched,0,48.0,PUGET SOUND ENERGY INC||CITY OF TACOMA - (WA),0.0,0.5904667055943594,Unknown/Not Researched
King,Kirkland,WA,98033.0,2022,TESLA,MODEL Y,Battery Electric Vehicle (BEV),Eligibility unknown as battery range has not been researched,0,48.0,PUGET SOUND ENERGY INC||CITY OF TACOMA - (WA),0.0,-0.04886954706231235,Unknown/Not Researched
King,Sammamish,WA,98074.0,2018,TESLA,MODEL 3,Battery Electric Vehicle (BEV),Clean Alternative Fuel Vehicle Eligible,215,45.0,PUGET SOUND ENERGY INC||CITY OF TACOMA - (WA),0.7337883959044369,-1.3275420523756558,Long
King,Seattle,WA,98116.0,2022,PORSCHE,TAYCAN,Battery Electric Vehicle (BEV),Eligibility unknown as battery range has not been researched,0,34.0,CITY OF SEATTLE - (WA)|CITY OF TACOMA - (WA),0.0,-0.04886954706231235,Unknown/Not Researched
King,Bellevue,WA,98007.0,2026,TESLA,MODEL Y,Battery Electric Vehicle (BEV),Eligibility unknown as battery range has not been researched,0,48.0,PUGET SOUND ENERGY INC||CITY OF TACOMA - (WA),0.0,1.2298029582510313,Unknown/Not Researched
Yakima,Yakima,WA,98902.0,2024,TESLA,MODEL 3,Battery Electric Vehicle (BEV),Eligibility unknown as battery range has not been researched,0,14.0,PACIFICORP,0.0,0.5904667055943594,Unknown/Not Researched
King,Seattle,WA,98117.0,2024,KIA,NIRO,Battery Electric Vehicle (BEV),Eligibility unknown as battery range has not been researched,0,36.0,CITY OF SEATTLE - (WA)|CITY OF TACOMA - (WA),0.0,0.5904667055943594,Unknown/Not Researched
Kitsap,Bremerton,WA,98312.0,2025,CHEVROLET,BLAZER,Battery Electric Vehicle (BEV),Eligibility unknown as battery range has not been researched,0,35.0,PUGET SOUND ENERGY INC,0.0,0.9101348319226953,Unknown/Not Researched
King,Redmond,WA,98052.0,2023,TESLA,MODEL Y,Battery Electric Vehicle (BEV),Eligibility unknown as battery range has not been researched,0,45.0,PUGET SOUND ENERGY INC||CITY OF TACOMA - (WA),0.0,0.2707985792660235,Unknown/Not Researched
King,Seattle,WA,98125.0,2023,VOLKSWAGEN,ID.4,Battery Electric Vehicle (BEV),Eligibility unknown as battery range has not been researched,0,46.0,CITY OF SEATTLE - (WA)|CITY OF TACOMA - (WA),0.0,0.2707985792660235,Unknown/Not Researched
King,Seattle,WA,98101.0,2024,TESLA,MODEL Y,Battery Electric Vehicle (BEV),Eligibility unknown as battery range has not been researched,0,43.0,CITY OF SEATTLE - (WA)|CITY OF TACOMA - (WA),0.0,0.5904667055943594,Unknown/Not Researched
Cowlitz,Kalama,WA,98625.0,2026,TESLA,MODEL Y,Battery Electric Vehicle (BEV),Eligibility unknown as battery range has not been researched,0,20.0,BONNEVILLE POWER ADMINISTRATION||PUD NO 1 OF COWLITZ COUNTY,0.0,1.2298029582510313,Unknown/Not Researched
King,Bellevue,WA,98007.0,2024,TESLA,MODEL Y,Battery Electric Vehicle (BEV),Eligibility unknown as battery range has not been researched,0,48.0,PUGET SOUND ENERGY INC||CITY OF TACOMA - (WA),0.0,0.5904667055943594,Unknown/Not Researched
Thurston,Olympia,WA,98502.0,2023,KIA,NIRO,Battery Electric Vehicle (BEV),Eligibility unknown as battery range has not been researched,0,22.0,PUGET SOUND ENERGY INC,0.0,0.2707985792660235,Unknown/Not Researched
King,Bellevue,WA,98006.0,2026,TESLA,MODEL Y,Battery Electric Vehicle (BEV),Eligibility unknown as battery range has not been researched,0,41.0,PUGET SOUND ENERGY INC||CITY OF TACOMA - (WA),0.0,1.2298029582510313,Unknown/Not Researched
King,Kirkland,WA,98034.0,2026,TESLA,MODEL Y,Battery Electric Vehicle (BEV),Eligibility unknown as battery range has not been researched,0,45.0,PUGET SOUND ENERGY INC||CITY OF TACOMA - (WA),0.0,1.2298029582510313,Unknown/Not Researched
King,Renton,WA,98055.0,2023,TESLA,MODEL Y,Battery Electric Vehicle (BEV),Eligibility unknown as battery range has not been researched,0,11.0,PUGET SOUND ENERGY INC||CITY OF TACOMA - (WA),0.0,0.2707985792660235,Unknown/Not Researched
King,Renton,WA,98056.0,2017,AUDI,A3,Plug-in Hybrid Electric Vehicle (PHEV),Not eligible due to low battery range,16,41.0,PUGET SOUND ENERGY INC||CITY OF TACOMA - (WA),0.05460750853242321,-1.647210178703992,Short
King,Seattle,WA,98112.0,2017,NISSAN,LEAF,Battery Electric Vehicle (BEV),Clean Alternative Fuel Vehicle Eligible,107,43.0,CITY OF SEATTLE - (WA)|CITY OF TACOMA - (WA),0.3651877133105802,-1.647210178703992,Medium
Clark,Battle Ground,WA,98604.0,2019,TOYOTA,PRIUS PRIME (PHEV),Plug-in Hybrid Electric Vehicle (PHEV),Not eligible due to low battery range,25,18.0,BONNEVILLE POWER ADMINISTRATION||PUD NO 1 OF CLARK COUNTY - (WA),0.08532423208191127,-1.00787392604732,Short
King,Renton,WA,98057.0,2024,FORD,MUSTANG MACH-E,Battery Electric Vehicle (BEV),Eligibility unknown as battery range has not been researched,0,11.0,PUGET SOUND ENERGY INC||CITY OF TACOMA - (WA),0.0,0.5904667055943594,Unknown/Not Researched
King,Newcastle,WA,98056.0,2022,TESLA,MODEL 3,Battery Electric Vehicle (BEV),Eligibility unknown as battery range has not been researched,0,41.0,PUGET SOUND ENERGY INC||CITY OF TACOMA - (WA),0.0,-0.04886954706231235,Unknown/Not Researched
Yakima,Grandview,WA,98930.0,2022,LUCID,AIR,Battery Electric Vehicle (BEV),Eligibility unknown as battery range has not been researched,0,15.0,BONNEVILLE POWER ADMINISTRATION||PACIFICORP||BENTON RURAL ELECTRIC ASSN,0.0,-0.04886954706231235,Unknown/Not Researched
King,Kirkland,WA,98033.0,2025,TESLA,MODEL 3,Battery Electric Vehicle (BEV),Eligibility unknown as battery range has not been researched,0,48.0,PUGET SOUND ENERGY INC||CITY OF TACOMA - (WA),0.0,0.9101348319226953,Unknown/Not Researched
King,Kent,WA,98030.0,2025,JEEP,WRANGLER,Plug-in Hybrid Electric Vehicle (PHEV),Not eligible due to low battery range,21,47.0,PUGET SOUND ENERGY INC||CITY OF TACOMA - (WA),0.07167235494880546,0.9101348319226953,Short
King,Seattle,WA,98125.0,2021,AUDI,Q5 E,Plug-in Hybrid Electric Vehicle (PHEV),Not eligible due to low battery range,18,46.0,PUGET SOUND ENERGY INC||CITY OF TACOMA - (WA),0.06143344709897611,-0.36853767339064825,Short
King,Renton,WA,98057.0,2025,FORD,F-150,Battery Electric Vehicle (BEV),Eligibility unknown as battery range has not been researched,0,11.0,PUGET SOUND ENERGY INC||CITY OF TACOMA - (WA),0.0,0.9101348319226953,Unknown/Not Researched
Clark,Washougal,WA,98671.0,2019,TESLA,MODEL 3,Battery Electric Vehicle (BEV),Clean Alternative Fuel Vehicle Eligible,220,18.0,BONNEVILLE POWER ADMINISTRATION||PUD NO 1 OF CLARK COUNTY - (WA),0.7508532423208191,-1.00787392604732,Long
King,Bellevue,WA,98004.0,2018,TESLA,MODEL 3,Battery Electric Vehicle (BEV),Clean Alternative Fuel Vehicle Eligible,215,48.0,PUGET SOUND ENERGY INC||CITY OF TACOMA - (WA),0.7337883959044369,-1.3275420523756558,Long
King,Kirkland,WA,98034.0,2023,MERCEDES-BENZ,EQS-CLASS SUV,Battery Electric Vehicle (BEV),Eligibility unknown as battery range has not been researched,0,1.0,PUGET SOUND ENERGY INC||CITY OF TACOMA - (WA),0.0,0.2707985792660235,Unknown/Not Researched
King,Shoreline,WA,98177.0,2022,TESLA,MODEL Y,Battery Electric Vehicle (BEV),Eligibility unknown as battery range has not been researched,0,32.0,CITY OF SEATTLE - (WA)|CITY OF TACOMA - (WA),0.0,-0.04886954706231235,Unknown/Not Researched
King,Renton,WA,98055.0,2024,TESLA,MODEL Y,Battery Electric Vehicle (BEV),Eligibility unknown as battery range has not been researched,0,11.0,PUGET SOUND ENERGY INC||CITY OF TACOMA - (WA),0.0,0.5904667055943594,Unknown/Not Researched
King,Seattle,WA,98134.0,2021,BMW,X5,Plug-in Hybrid Electric Vehicle (PHEV),Clean Alternative Fuel Vehicle Eligible,30,37.0,CITY OF SEATTLE - (WA)|CITY OF TACOMA - (WA),0.10238907849829351,-0.36853767339064825,Short
King,Seattle,WA,98125.0,2023,TESLA,MODEL 3,Battery Electric Vehicle (BEV),Eligibility unknown as battery range has not been researched,0,46.0,CITY OF SEATTLE - (WA)|CITY OF TACOMA - (WA),0.0,0.2707985792660235,Unknown/Not Researched
Thurston,Olympia,WA,98501.0,2021,PORSCHE,TAYCAN,Battery Electric Vehicle (BEV),Clean Alternative Fuel Vehicle Eligible,203,35.0,PUGET SOUND ENERGY INC,0.6928327645051194,-0.36853767339064825,Long
King,Kent,WA,98031.0,2024,VOLKSWAGEN,ID.4,Battery Electric Vehicle (BEV),Eligibility unknown as battery range has not been researched,0,33.0,PUGET SOUND ENERGY INC||CITY OF TACOMA - (WA),0.0,0.5904667055943594,Unknown/Not Researched
King,Burien,WA,98166.0,2023,VOLVO,S90,Plug-in Hybrid Electric Vehicle (PHEV),Clean Alternative Fuel Vehicle Eligible,38,34.0,PUGET SOUND ENERGY INC||CITY OF TACOMA - (WA),0.1296928327645051,0.2707985792660235,Short
King,Seattle,WA,98133.0,2022,TESLA,MODEL S,Battery Electric Vehicle (BEV),Eligibility unknown as battery range has not been researched,0,32.0,CITY OF SEATTLE - (WA)|CITY OF TACOMA - (WA),0.0,-0.04886954706231235,Unknown/Not Researched
King,Seattle,WA,98125.0,2022,POLESTAR,PS2,Battery Electric Vehicle (BEV),Eligibility unknown as battery range has not been researched,0,46.0,CITY OF SEATTLE - (WA)|CITY OF TACOMA - (WA),0.0,-0.04886954706231235,Unknown/Not Researched
King,Kirkland,WA,98033.0,2024,TOYOTA,RAV4 PRIME (PHEV),Plug-in Hybrid Electric Vehicle (PHEV),Clean Alternative Fuel Vehicle Eligible,42,45.0,PUGET SOUND ENERGY INC||CITY OF TACOMA - (WA),0.14334470989761092,0.5904667055943594,Short
Cowlitz,Ariel,WA,98603.0,2024,CADILLAC,LYRIQ,Battery Electric Vehicle (BEV),Eligibility unknown as battery range has not been researched,0,20.0,BONNEVILLE POWER ADMINISTRATION||PUD NO 1 OF COWLITZ COUNTY,0.0,0.5904667055943594,Unknown/Not Researched
Clark,Vancouver,WA,98684.0,2023,HYUNDAI,KONA,Battery Electric Vehicle (BEV),Eligibility unknown as battery range has not been researched,0,17.0,BONNEVILLE POWER ADMINISTRATION||PUD NO 1 OF CLARK COUNTY - (WA),0.0,0.2707985792660235,Unknown/Not Researched
King,Redmond,WA,98052.0,2023,TESLA,MODEL Y,Battery Electric Vehicle (BEV),Eligibility unknown as battery range has not been researched,0,45.0,PUGET SOUND ENERGY INC||CITY OF TACOMA - (WA),0.0,0.2707985792660235,Unknown/Not Researched
King,Seattle,WA,98125.0,2016,VOLKSWAGEN,E-GOLF,Battery Electric Vehicle (BEV),Clean Alternative Fuel Vehicle Eligible,83,46.0,CITY OF SEATTLE - (WA)|CITY OF TACOMA - (WA),0.2832764505119454,-1.9668783050323277,Medium
Clark,Vancouver,WA,98664.0,2013,NISSAN,LEAF,Battery Electric Vehicle (BEV),Clean Alternative Fuel Vehicle Eligible,75,49.0,BONNEVILLE POWER ADMINISTRATION||PUD NO 1 OF CLARK COUNTY - (WA),0.25597269624573377,-2.9258826840173353,Medium
King,Woodinville,WA,98072.0,2023,TESLA,MODEL Y,Battery Electric Vehicle (BEV),Eligibility unknown as battery range has not been researched,0,45.0,PUGET SOUND ENERGY INC||CITY OF TACOMA - (WA),0.0,0.2707985792660235,Unknown/Not Researched
Snohomish,Lake Stevens,WA,98258.0,2025,VOLKSWAGEN,ID.4,Battery Electric Vehicle (BEV),Eligibility unknown as battery range has not been researched,0,44.0,PUGET SOUND ENERGY INC,0.0,0.9101348319226953,Unknown/Not Researched
King,Seattle,WA,98102.0,2023,KIA,SPORTAGE,Plug-in Hybrid Electric Vehicle (PHEV),Clean Alternative Fuel Vehicle Eligible,34,43.0,CITY OF SEATTLE - (WA)|CITY OF TACOMA - (WA),0.11604095563139932,0.2707985792660235,Short
King,Kirkland,WA,98033.0,2023,TESLA,MODEL 3,Battery Electric Vehicle (BEV),Eligibility unknown as battery range has not been researched,0,48.0,PUGET SOUND ENERGY INC||CITY OF TACOMA - (WA),0.0,0.2707985792660235,Unknown/Not Researched
King,Bellevue,WA,98004.0,2019,AUDI,E-TRON,Battery Electric Vehicle (BEV),Clean Alternative Fuel Vehicle Eligible,204,41.0,PUGET SOUND ENERGY INC||CITY OF TACOMA - (WA),0.6962457337883959,-1.00787392604732,Long
Snohomish,Marysville,WA,98271.0,2024,TESLA,MODEL Y,Battery Electric Vehicle (BEV),Eligibility unknown as battery range has not been researched,0,39.0,PUGET SOUND ENERGY INC,0.0,0.5904667055943594,Unknown/Not Researched
Cowlitz,Kelso,WA,98626.0,2025,HYUNDAI,IONIQ 6,Battery Electric Vehicle (BEV),Eligibility unknown as battery range has not been researched,0,19.0,BONNEVILLE POWER ADMINISTRATION||PUD NO 1 OF COWLITZ COUNTY,0.0,0.9101348319226953,Unknown/Not Researched
Clark,Vancouver,WA,98685.0,2023,TOYOTA,RAV4 PRIME (PHEV),Plug-in Hybrid Electric Vehicle (PHEV),Clean Alternative Fuel Vehicle Eligible,42,18.0,BONNEVILLE POWER ADMINISTRATION||PUD NO 1 OF CLARK COUNTY - (WA),0.14334470989761092,0.2707985792660235,Short
King,Seattle,WA,98146.0,2026,RIVIAN,R1T,Battery Electric Vehicle (BEV),Eligibility unknown as battery range has not been researched,0,34.0,CITY OF SEATTLE - (WA)|CITY OF TACOMA - (WA),0.0,1.2298029582510313,Unknown/Not Researched
Thurston,Yelm,WA,98597.0,2024,CHEVROLET,BLAZER,Battery Electric Vehicle (BEV),Eligibility unknown as battery range has not been researched,0,2.0,PUGET SOUND ENERGY INC,0.0,0.5904667055943594,Unknown/Not Researched
Clark,Vancouver,WA,98682.0,2024,CHEVROLET,BLAZER,Battery Electric Vehicle (BEV),Eligibility unknown as battery range has not been researched,0,17.0,BONNEVILLE POWER ADMINISTRATION||PUD NO 1 OF CLARK COUNTY - (WA),0.0,0.5904667055943594,Unknown/Not Researched
King,Renton,WA,98058.0,2023,TESLA,MODEL Y,Battery Electric Vehicle (BEV),Eligibility unknown as battery range has not been researched,0,11.0,PUGET SOUND ENERGY INC||CITY OF TACOMA - (WA),0.0,0.2707985792660235,Unknown/Not Researched
Thurston,Tumwater,WA,98512.0,2022,KIA,NIRO,Plug-in Hybrid Electric Vehicle (PHEV),Not eligible due to low battery range,26,22.0,PUGET SOUND ENERGY INC,0.08873720136518772,-0.04886954706231235,Short
Kitsap,Olalla,WA,98359.0,2021,MINI,HARDTOP,Battery Electric Vehicle (BEV),Clean Alternative Fuel Vehicle Eligible,110,26.0,PUGET SOUND ENERGY INC,0.37542662116040953,-0.36853767339064825,Medium
King,Seattle,WA,98103.0,2023,TESLA,MODEL 3,Battery Electric Vehicle (BEV),Eligibility unknown as battery range has not been researched,0,43.0,CITY OF SEATTLE - (WA)|CITY OF TACOMA - (WA),0.0,0.2707985792660235,Unknown/Not Researched
King,Bellevue,WA,98005.0,2024,KIA,NIRO,Plug-in Hybrid Electric Vehicle (PHEV),Clean Alternative Fuel Vehicle Eligible,33,48.0,PUGET SOUND ENERGY INC||CITY OF TACOMA - (WA),0.11262798634812286,0.5904667055943594,Short
Kitsap,Kingston,WA,98346.0,2024,TESLA,MODEL Y,Battery Electric Vehicle (BEV),Eligibility unknown as battery range has not been researched,0,23.0,PUGET SOUND ENERGY INC,0.0,0.5904667055943594,Unknown/Not Researched
King,Auburn,WA,98002.0,2022,TESLA,MODEL 3,Battery Electric Vehicle (BEV),Eligibility unknown as battery range has not been researched,0,31.0,PUGET SOUND ENERGY INC||CITY OF TACOMA - (WA),0.0,-0.04886954706231235,Unknown/Not Researched
King,Bellevue,WA,98006.0,2026,HYUNDAI,IONIQ 5,Battery Electric Vehicle (BEV),Eligibility unknown as battery range has not been researched,0,41.0,PUGET SOUND ENERGY INC||CITY OF TACOMA - (WA),0.0,1.2298029582510313,Unknown/Not Researched
King,Federal Way,WA,98003.0,2025,TESLA,MODEL 3,Battery Electric Vehicle (BEV),Eligibility unknown as battery range has not been researched,0,30.0,PUGET SOUND ENERGY INC||CITY OF TACOMA - (WA),0.0,0.9101348319226953,Unknown/Not Researched
King,Seattle,WA,98144.0,2025,PORSCHE,MACAN,Battery Electric Vehicle (BEV),Eligibility unknown as battery range has not been researched,0,37.0,CITY OF SEATTLE - (WA)|CITY OF TACOMA - (WA),0.0,0.9101348319226953,Unknown/Not Researched
Yakima,Yakima,WA,98902.0,2023,TESLA,MODEL 3,Battery Electric Vehicle (BEV),Eligibility unknown as battery range has not been researched,0,15.0,PACIFICORP,0.0,0.2707985792660235,Unknown/Not Researched
King,Kirkland,WA,98034.0,2019,NISSAN,LEAF,Battery Electric Vehicle (BEV),Clean Alternative Fuel Vehicle Eligible,150,45.0,PUGET SOUND ENERGY INC||CITY OF TACOMA - (WA),0.5119453924914675,-1.00787392604732,Medium
Kitsap,Bainbridge Island,WA,98110.0,2013,NISSAN,LEAF,Battery Electric Vehicle (BEV),Clean Alternative Fuel Vehicle Eligible,75,23.0,PUGET SOUND ENERGY INC,0.25597269624573377,-2.9258826840173353,Medium
King,Seattle,WA,98112.0,2023,CHEVROLET,BOLT EV,Battery Electric Vehicle (BEV),Eligibility unknown as battery range has not been researched,0,37.0,CITY OF SEATTLE - (WA)|CITY OF TACOMA - (WA),0.0,0.2707985792660235,Unknown/Not Researched
King,Covington,WA,98042.0,2018,TESLA,MODEL 3,Battery Electric Vehicle (BEV),Clean Alternative Fuel Vehicle Eligible,215,47.0,PUGET SOUND ENERGY INC||CITY OF TACOMA - (WA),0.7337883959044369,-1.3275420523756558,Long
King,Kenmore,WA,98028.0,2024,TESLA,MODEL 3,Battery Electric Vehicle (BEV),Eligibility unknown as battery range has not been researched,0,46.0,PUGET SOUND ENERGY INC||CITY OF TACOMA - (WA),0.0,0.5904667055943594,Unknown/Not Researched
King,Seattle,WA,98112.0,2024,TESLA,CYBERTRUCK,Battery Electric Vehicle (BEV),Eligibility unknown as battery range has not been researched,0,43.0,CITY OF SEATTLE - (WA)|CITY OF TACOMA - (WA),0.0,0.5904667055943594,Unknown/Not Researched
Thurston,Olympia,WA,98501.0,2024,KIA,EV6,Battery Electric Vehicle (BEV),Eligibility unknown as battery range has not been researched,0,22.0,PUGET SOUND ENERGY INC,0.0,0.5904667055943594,Unknown/Not Researched
King,Redmond,WA,98052.0,2025,TESLA,MODEL Y,Battery Electric Vehicle (BEV),Eligibility unknown as battery range has not been researched,0,45.0,PUGET SOUND ENERGY INC||CITY OF TACOMA - (WA),0.0,0.9101348319226953,Unknown/Not Researched
King,Redmond,WA,98052.0,2024,BMW,IX,Battery Electric Vehicle (BEV),Eligibility unknown as battery range has not been researched,0,45.0,PUGET SOUND ENERGY INC||CITY OF TACOMA - (WA),0.0,0.5904667055943594,Unknown/Not Researched
King,Redmond,WA,98052.0,2022,CHRYSLER,PACIFICA,Plug-in Hybrid Electric Vehicle (PHEV),Clean Alternative Fuel Vehicle Eligible,32,45.0,PUGET SOUND ENERGY INC||CITY OF TACOMA - (WA),0.10921501706484642,-0.04886954706231235,Short
King,Kirkland,WA,98033.0,2018,TESLA,MODEL 3,Battery Electric Vehicle (BEV),Clean Alternative Fuel Vehicle Eligible,215,48.0,PUGET SOUND ENERGY INC||CITY OF TACOMA - (WA),0.7337883959044369,-1.3275420523756558,Long
King,Seattle,WA,98125.0,2023,FORD,MUSTANG MACH-E,Battery Electric Vehicle (BEV),Eligibility unknown as battery range has not been researched,0,46.0,CITY OF SEATTLE - (WA)|CITY OF TACOMA - (WA),0.0,0.2707985792660235,Unknown/Not Researched
Clark,Vancouver,WA,98683.0,2020,TESLA,MODEL 3,Battery Electric Vehicle (BEV),Clean Alternative Fuel Vehicle Eligible,266,17.0,BONNEVILLE POWER ADMINISTRATION||PUD NO 1 OF CLARK COUNTY - (WA),0.9078498293515358,-0.6882057997189841,Long
King,Kirkland,WA,98034.0,2019,CHRYSLER,PACIFICA,Plug-in Hybrid Electric Vehicle (PHEV),Clean Alternative Fuel Vehicle Eligible,32,45.0,PUGET SOUND ENERGY INC||CITY OF TACOMA - (WA),0.10921501706484642,-1.00787392604732,Short
Clark,Vancouver,WA,98682.0,2024,TOYOTA,RAV4 PRIME (PHEV),Plug-in Hybrid Electric Vehicle (PHEV),Clean Alternative Fuel Vehicle Eligible,42,17.0,BONNEVILLE POWER ADMINISTRATION||PUD NO 1 OF CLARK COUNTY - (WA),0.14334470989761092,0.5904667055943594,Short
King,Kirkland,WA,98033.0,2024,CHEVROLET,BLAZER,Battery Electric Vehicle (BEV),Eligibility unknown as battery range has not been researched,0,45.0,PUGET SOUND ENERGY INC||CITY OF TACOMA - (WA),0.0,0.5904667055943594,Unknown/Not Researched
King,Kirkland,WA,98034.0,2022,TESLA,MODEL Y,Battery Electric Vehicle (BEV),Eligibility unknown as battery range has not been researched,0,45.0,PUGET SOUND ENERGY INC||CITY OF TACOMA - (WA),0.0,-0.04886954706231235,Unknown/Not Researched
King,Kent,WA,98030.0,2023,TESLA,MODEL Y,Battery Electric Vehicle (BEV),Eligibility unknown as battery range has not been researched,0,47.0,PUGET SOUND ENERGY INC||CITY OF TACOMA - (WA),0.0,0.2707985792660235,Unknown/Not Researched
Yakima,Selah,WA,98942.0,2018,TESLA,MODEL 3,Battery Electric Vehicle (BEV),Clean Alternative Fuel Vehicle Eligible,215,15.0,PACIFICORP,0.7337883959044369,-1.3275420523756558,Long
King,Auburn,WA,98002.0,2026,LEXUS,RZ,Battery Electric Vehicle (BEV),Eligibility unknown as battery range has not been researched,0,47.0,PUGET SOUND ENERGY INC||CITY OF TACOMA - (WA),0.0,1.2298029582510313,Unknown/Not Researched
King,Shoreline,WA,98177.0,2024,KIA,EV6,Battery Electric Vehicle (BEV),Eligibility unknown as battery range has not been researched,0,32.0,CITY OF SEATTLE - (WA)|CITY OF TACOMA - (WA),0.0,0.5904667055943594,Unknown/Not Researched
King,Kirkland,WA,98034.0,2025,MERCEDES-BENZ,EQS-CLASS SUV,Battery Electric Vehicle (BEV),Eligibility unknown as battery range has not been researched,0,45.0,PUGET SOUND ENERGY INC||CITY OF TACOMA - (WA),0.0,0.9101348319226953,Unknown/Not Researched
King,Kirkland,WA,98033.0,2023,RIVIAN,R1S,Battery Electric Vehicle (BEV),Eligibility unknown as battery range has not been researched,0,48.0,PUGET SOUND ENERGY INC||CITY OF TACOMA - (WA),0.0,0.2707985792660235,Unknown/Not Researched
King,Seattle,WA,98112.0,2015,NISSAN,LEAF,Battery Electric Vehicle (BEV),Clean Alternative Fuel Vehicle Eligible,84,43.0,CITY OF SEATTLE - (WA)|CITY OF TACOMA - (WA),0.28668941979522183,-2.2865464313606636,Medium
King,Kirkland,WA,98034.0,2021,VOLVO,XC60,Plug-in Hybrid Electric Vehicle (PHEV),Not eligible due to low battery range,18,1.0,PUGET SOUND ENERGY INC||CITY OF TACOMA - (WA),0.06143344709897611,-0.36853767339064825,Short
Snohomish,Lake Stevens,WA,98258.0,2025,TESLA,MODEL 3,Battery Electric Vehicle (BEV),Eligibility unknown as battery range has not been researched,0,44.0,PUGET SOUND ENERGY INC,0.0,0.9101348319226953,Unknown/Not Researched
King,Seattle,WA,98112.0,2025,RIVIAN,R1S,Battery Electric Vehicle (BEV),Eligibility unknown as battery range has not been researched,0,43.0,CITY OF SEATTLE - (WA)|CITY OF TACOMA - (WA),0.0,0.9101348319226953,Unknown/Not Researched
Kitsap,Bainbridge Island,WA,98110.0,2023,TESLA,MODEL Y,Battery Electric Vehicle (BEV),Eligibility unknown as battery range has not been researched,0,23.0,PUGET SOUND ENERGY INC,0.0,0.2707985792660235,Unknown/Not Researched
Kitsap,Bainbridge Island,WA,98110.0,2018,HONDA,CLARITY,Plug-in Hybrid Electric Vehicle (PHEV),Clean Alternative Fuel Vehicle Eligible,47,23.0,PUGET SOUND ENERGY INC,0.16040955631399317,-1.3275420523756558,Short
Kitsap,Bremerton,WA,98311.0,2023,AUDI,E-TRON,Battery Electric Vehicle (BEV),Eligibility unknown as battery range has not been researched,0,23.0,PUGET SOUND ENERGY INC,0.0,0.2707985792660235,Unknown/Not Researched
King,Kent,WA,98032.0,2024,HYUNDAI,IONIQ 5,Battery Electric Vehicle (BEV),Eligibility unknown as battery range has not been researched,0,33.0,PUGET SOUND ENERGY INC||CITY OF TACOMA - (WA),0.0,0.5904667055943594,Unknown/Not Researched
King,Seattle,WA,98177.0,2026,TESLA,MODEL Y,Battery Electric Vehicle (BEV),Eligibility unknown as battery range has not been researched,0,36.0,CITY OF SEATTLE - (WA)|CITY OF TACOMA - (WA),0.0,1.2298029582510313,Unknown/Not Researched
Clark,Vancouver,WA,98682.0,2024,CHEVROLET,BLAZER,Battery Electric Vehicle (BEV),Eligibility unknown as battery range has not been researched,0,17.0,BONNEVILLE POWER ADMINISTRATION||PUD NO 1 OF CLARK COUNTY - (WA),0.0,0.5904667055943594,Unknown/Not Researched
King,Kirkland,WA,98034.0,2019,NISSAN,LEAF,Battery Electric Vehicle (BEV),Clean Alternative Fuel Vehicle Eligible,150,45.0,PUGET SOUND ENERGY INC||CITY OF TACOMA - (WA),0.5119453924914675,-1.00787392604732,Medium
King,Kirkland,WA,98034.0,2023,HYUNDAI,IONIQ 5,Battery Electric Vehicle (BEV),Eligibility unknown as battery range has not been researched,0,1.0,PUGET SOUND ENERGY INC||CITY OF TACOMA - (WA),0.0,0.2707985792660235,Unknown/Not Researched
Skagit,Anacortes,WA,98221.0,2012,CHEVROLET,VOLT,Plug-in Hybrid Electric Vehicle (PHEV),Clean Alternative Fuel Vehicle Eligible,35,40.0,PUGET SOUND ENERGY INC,0.11945392491467577,-3.245550810345671,Short
Snohomish,Lynnwood,WA,98037.0,2018,TESLA,MODEL 3,Battery Electric Vehicle (BEV),Clean Alternative Fuel Vehicle Eligible,215,32.0,PUGET SOUND ENERGY INC,0.7337883959044369,-1.3275420523756558,Long
King,Bellevue,WA,98005.0,2026,BMW,X5,Plug-in Hybrid Electric Vehicle (PHEV),Clean Alternative Fuel Vehicle Eligible,38,48.0,PUGET SOUND ENERGY INC||CITY OF TACOMA - (WA),0.1296928327645051,1.2298029582510313,Short
King,Bellevue,WA,98005.0,2022,NISSAN,LEAF,Battery Electric Vehicle (BEV),Eligibility unknown as battery range has not been researched,0,48.0,PUGET SOUND ENERGY INC||CITY OF TACOMA - (WA),0.0,-0.04886954706231235,Unknown/Not Researched
King,Bellevue,WA,98006.0,2024,TESLA,MODEL Y,Battery Electric Vehicle (BEV),Eligibility unknown as battery range has not been researched,0,41.0,PUGET SOUND ENERGY INC||CITY OF TACOMA - (WA),0.0,0.5904667055943594,Unknown/Not Researched
King,Seattle,WA,98105.0,2024,TESLA,MODEL Y,Battery Electric Vehicle (BEV),Eligibility unknown as battery range has not been researched,0,43.0,CITY OF SEATTLE - (WA)|CITY OF TACOMA - (WA),0.0,0.5904667055943594,Unknown/Not Researched
Snohomish,Mukilteo,WA,98275.0,2019,VOLKSWAGEN,E-GOLF,Battery Electric Vehicle (BEV),Clean Alternative Fuel Vehicle Eligible,125,21.0,PUGET SOUND ENERGY INC,0.42662116040955633,-1.00787392604732,Medium
King,Seattle,WA,98146.0,2025,FORD,MUSTANG MACH-E,Battery Electric Vehicle (BEV),Eligibility unknown as battery range has not been researched,0,34.0,CITY OF SEATTLE - (WA)|CITY OF TACOMA - (WA),0.0,0.9101348319226953,Unknown/Not Researched
